cse_id,alert_id,asset_id,severity,alert_type,created_time,acknowledged_time,investigation_start,investigation_end,closure_time,escalated,disposition,investigation_evidence,investigation_notes,asset_criticality,expected_activity,observed_activity
CSE-A,ALT-00001,ASSET-092,CRITICAL,Phishing,2026-03-04 10:44:43,2026-03-04 11:10:40,2026-03-04 11:29:40,2026-03-04 15:20:42,2026-03-04 15:54:12,False,False Positive,True,Analyst reviewed logs and confirmed activity with evidence archived.,CRITICAL,108,96
CSE-A,ALT-00002,ASSET-059,LOW,Suspicious Login,2026-06-28 13:44:09,2026-06-28 13:52:57,2026-06-28 13:55:57,2026-06-28 17:25:03,2026-06-28 20:30:35,False,True Positive,True,Investigation completed; evidence recorded and escalated per playbook.,HIGH,198,177
CSE-C,ALT-00003,ASSET-059,MEDIUM,Privilege Escalation,2026-05-28 10:11:02,2026-05-28 10:54:16,,,2026-05-28 18:31:30,False,Benign True Positive,False,,HIGH,136,23
CSE-B,ALT-00004,ASSET-052,MEDIUM,Brute Force,2026-06-05 13:10:10,2026-06-05 14:14:34,2026-06-05 14:35:34,2026-06-05 17:02:48,2026-06-05 15:41:48,False,Under Investigation,True,Investigation completed; evidence recorded and escalated per playbook.,CRITICAL,124,117
CSE-C,ALT-00005,ASSET-018,CRITICAL,Network Anomaly,2026-04-12 21:56:29,2026-04-12 22:06:45,2026-04-12 22:30:45,2026-04-12 22:50:19,2026-04-13 02:06:42,False,Benign True Positive,True,Investigation completed; evidence recorded and escalated per playbook.,CRITICAL,96,43
CSE-B,ALT-00006,ASSET-015,LOW,Unauthorized Access,2026-06-02 15:30:38,2026-06-02 16:35:11,2026-06-02 16:53:11,2026-06-02 17:00:54,2026-06-03 02:14:59,False,Benign True Positive,True,Analyst reviewed logs and confirmed activity with evidence archived.,CRITICAL,110,79
CSE-E,ALT-00007,ASSET-047,LOW,Brute Force,2026-06-10 17:39:38,2026-06-10 18:09:47,2026-06-10 18:15:47,2026-06-10 20:39:36,2026-06-10 18:35:25,False,True Positive,True,Analyst investigation performed; packet capture and EDR evidence attached.,MEDIUM,148,78
CSE-E,ALT-00008,ASSET-089,LOW,Brute Force,2026-05-05 18:10:49,2026-05-05 18:31:57,2026-05-05 18:49:57,2026-05-05 19:37:13,2026-05-06 02:10:10,False,Under Investigation,True,Analyst investigation performed; packet capture and EDR evidence attached.,CRITICAL,149,95
CSE-C,ALT-00009,ASSET-030,HIGH,Network Anomaly,2026-01-31 10:05:21,2026-01-31 10:07:58,,,2026-01-31 12:19:58,False,Under Investigation,False,N/A,CRITICAL,94,41
CSE-E,ALT-00010,ASSET-053,HIGH,Network Anomaly,2026-02-24 17:04:15,2026-02-24 18:49:45,,,2026-02-24 20:50:51,False,False Positive,False,,HIGH,83,64
CSE-A,ALT-00011,ASSET-002,CRITICAL,Privilege Escalation,2026-01-28 12:14:34,2026-01-28 12:30:42,2026-01-28 12:39:42,2026-01-28 16:50:57,2026-01-28 22:38:48,True,Escalated to Tier-2,True,Analyst reviewed logs and confirmed activity with evidence archived.,MEDIUM,188,157
CSE-D,ALT-00012,ASSET-028,MEDIUM,Unauthorized Access,2026-01-16 09:02:24,2026-01-16 09:13:23,2026-01-16 09:28:23,2026-01-16 12:09:50,2026-01-16 21:31:08,False,True Positive,True,Analyst investigation performed; packet capture and EDR evidence attached.,MEDIUM,154,151
CSE-C,ALT-00013,ASSET-032,CRITICAL,Network Anomaly,2026-05-09 18:07:10,2026-05-09 18:11:42,2026-05-09 18:17:42,2026-05-09 18:22:20,2026-05-09 20:32:07,False,Escalated to Tier-2,True,Analyst reviewed logs and confirmed activity with evidence archived.,CRITICAL,100,32
CSE-E,ALT-00014,ASSET-013,MEDIUM,Phishing,2026-02-22 14:21:15,2026-02-22 14:59:40,2026-02-22 15:20:40,2026-02-22 16:42:09,2026-02-22 16:38:40,False,Escalated to Tier-2,True,Investigation completed; evidence recorded and escalated per playbook.,CRITICAL,124,77
CSE-C,ALT-00015,ASSET-018,LOW,Data Exfiltration,2026-04-05 16:28:53,2026-04-05 17:04:38,2026-04-05 17:25:38,2026-04-05 17:43:38,2026-04-05 19:58:37,False,Escalated to Tier-2,True,Analyst investigation performed; packet capture and EDR evidence attached.,CRITICAL,103,41
CSE-C,ALT-00016,ASSET-001,HIGH,Data Exfiltration,2026-03-29 13:30:32,2026-03-29 14:02:48,,,2026-03-29 15:10:28,False,False Positive,False,,HIGH,106,39
CSE-B,ALT-00017,ASSET-006,LOW,Unauthorized Access,2026-05-24 10:17:56,2026-05-24 10:42:30,2026-05-24 10:54:30,2026-05-24 13:29:05,2026-05-24 18:32:38,True,False Positive,True,"Reviewed source IP, asset logs and correlated with previous alerts.",MEDIUM,123,106
CSE-A,ALT-00018,ASSET-032,MEDIUM,Unauthorized Access,2026-06-08 13:02:55,2026-06-08 13:10:46,2026-06-08 13:24:46,2026-06-08 13:51:57,2026-06-08 20:57:37,False,Benign True Positive,True,Investigation completed; evidence recorded and escalated per playbook.,CRITICAL,180,180
CSE-A,ALT-00019,ASSET-099,LOW,Data Exfiltration,2026-02-21 15:42:22,2026-02-21 15:54:14,2026-02-21 16:02:14,2026-02-21 18:11:15,2026-02-21 23:27:35,False,True Positive,True,"Reviewed source IP, asset logs and correlated with previous alerts.",CRITICAL,162,155
CSE-E,ALT-00020,ASSET-074,HIGH,Malware,2026-01-30 08:54:11,2026-01-30 10:13:27,2026-01-30 10:33:27,2026-01-30 12:29:49,2026-01-30 18:05:05,False,True Positive,True,Investigation completed; evidence recorded and escalated per playbook.,CRITICAL,81,54
CSE-E,ALT-00021,ASSET-052,LOW,Data Exfiltration,2026-04-04 14:38:39,2026-04-04 15:24:21,,,2026-04-04 20:56:53,False,False Positive,False,N/A,MEDIUM,102,58
CSE-D,ALT-00022,ASSET-095,MEDIUM,Suspicious Login,2026-06-07 15:55:35,2026-06-07 15:57:54,2026-06-07 16:11:54,2026-06-07 19:11:23,2026-06-08 00:30:37,True,False Positive,True,Alert correlated with threat intel; full timeline documented.,CRITICAL,90,83
CSE-E,ALT-00023,ASSET-092,HIGH,Data Exfiltration,2026-06-22 12:23:09,2026-06-22 12:31:11,2026-06-22 12:47:11,2026-06-22 15:29:05,2026-06-22 20:42:37,False,Benign True Positive,True,Analyst reviewed logs and confirmed activity with evidence archived.,MEDIUM,196,116
CSE-A,ALT-00024,ASSET-057,LOW,Brute Force,2026-04-19 17:50:29,2026-04-19 17:54:04,2026-04-19 17:58:04,2026-04-19 22:06:12,2026-04-20 03:42:39,False,Escalated to Tier-2,True,Alert correlated with threat intel; full timeline documented.,HIGH,172,183
CSE-E,ALT-00025,ASSET-092,MEDIUM,Suspicious Login,2026-05-02 13:13:53,2026-05-02 14:40:10,,,2026-05-02 23:21:50,False,False Positive,False,N/A,CRITICAL,139,84
CSE-A,ALT-00026,ASSET-090,HIGH,Data Exfiltration,2026-04-09 12:39:04,2026-04-09 12:54:30,2026-04-09 13:09:30,2026-04-09 16:56:33,2026-04-09 20:49:54,False,False Positive,True,"Reviewed source IP, asset logs and correlated with previous alerts.",CRITICAL,192,196
CSE-D,ALT-00027,ASSET-052,CRITICAL,Privilege Escalation,2026-03-18 14:18:34,2026-03-18 14:44:21,2026-03-18 15:04:21,2026-03-18 17:11:52,2026-03-19 00:01:22,True,Benign True Positive,True,"Reviewed source IP, asset logs and correlated with previous alerts.",MEDIUM,197,165
CSE-E,ALT-00028,ASSET-049,CRITICAL,Unauthorized Access,2026-06-01 09:27:05,2026-06-01 10:54:32,2026-06-01 11:09:32,2026-06-01 12:00:35,2026-06-01 14:56:01,False,Under Investigation,True,Investigation completed; evidence recorded and escalated per playbook.,CRITICAL,177,93
CSE-D,ALT-00029,ASSET-028,CRITICAL,Malware,2026-03-31 10:10:49,2026-03-31 10:32:51,2026-03-31 10:40:51,2026-03-31 12:38:44,2026-03-31 15:36:59,False,True Positive,True,Analyst reviewed logs and confirmed activity with evidence archived.,CRITICAL,127,109
CSE-A,ALT-00030,ASSET-014,LOW,Suspicious Login,2026-03-21 09:26:59,2026-03-21 09:38:35,2026-03-21 09:51:35,2026-03-21 13:30:20,2026-03-21 11:41:12,False,Benign True Positive,True,"Reviewed source IP, asset logs and correlated with previous alerts.",MEDIUM,118,127
CSE-A,ALT-00031,ASSET-020,LOW,Malware,2026-03-30 15:19:04,2026-03-30 15:37:45,2026-03-30 15:51:45,2026-03-30 20:16:51,2026-03-30 22:33:25,False,False Positive,True,Alert correlated with threat intel; full timeline documented.,HIGH,173,166
CSE-C,ALT-00032,ASSET-073,MEDIUM,Network Anomaly,2026-04-30 13:34:20,2026-04-30 14:29:35,,,2026-04-30 17:12:31,False,Under Investigation,False,,HIGH,138,36
CSE-C,ALT-00033,ASSET-063,CRITICAL,Data Exfiltration,2026-04-01 11:37:17,2026-04-01 12:34:55,,,2026-04-01 17:19:07,False,Under Investigation,False,Closed quickly — no notes.,CRITICAL,150,60
CSE-D,ALT-00034,ASSET-035,LOW,Brute Force,2026-03-17 13:09:19,2026-03-17 13:32:56,2026-03-17 13:50:56,2026-03-17 18:37:18,2026-03-18 03:16:31,False,Benign True Positive,True,Alert correlated with threat intel; full timeline documented.,HIGH,109,87
CSE-C,ALT-00035,ASSET-023,CRITICAL,Suspicious Login,2026-02-19 17:15:17,2026-02-19 18:02:54,,,2026-02-19 19:14:47,False,False Positive,False,N/A,HIGH,106,18
CSE-E,ALT-00036,ASSET-015,HIGH,Suspicious Login,2026-06-13 16:45:06,2026-06-13 18:41:06,2026-06-13 18:57:06,2026-06-13 21:04:34,2026-06-13 22:14:09,False,Under Investigation,True,Investigation completed; evidence recorded and escalated per playbook.,MEDIUM,172,115
CSE-A,ALT-00037,ASSET-076,HIGH,Phishing,2026-01-22 04:02:35,2026-01-22 04:29:01,2026-01-22 04:49:01,2026-01-22 06:59:50,2026-01-22 11:43:29,False,True Positive,True,Analyst investigation performed; packet capture and EDR evidence attached.,MEDIUM,119,107
CSE-E,ALT-00038,ASSET-005,LOW,Brute Force,2026-02-23 13:30:42,2026-02-23 13:45:52,2026-02-23 14:03:52,2026-02-23 14:28:02,2026-02-23 21:09:20,False,False Positive,True,Analyst reviewed logs and confirmed activity with evidence archived.,CRITICAL,142,105
CSE-A,ALT-00039,ASSET-096,MEDIUM,Phishing,2026-06-10 12:22:27,2026-06-10 12:28:01,2026-06-10 12:33:01,2026-06-10 15:04:53,2026-06-10 14:26:04,True,True Positive,True,"Reviewed source IP, asset logs and correlated with previous alerts.",MEDIUM,197,163
CSE-D,ALT-00040,ASSET-074,MEDIUM,Unauthorized Access,2026-03-11 17:25:28,2026-03-11 17:30:06,2026-03-11 17:44:06,2026-03-11 20:44:44,2026-03-11 18:56:11,True,Benign True Positive,True,Investigation completed; evidence recorded and escalated per playbook.,HIGH,82,95
CSE-C,ALT-00041,ASSET-045,HIGH,Suspicious Login,2026-05-01 16:32:58,2026-05-01 16:51:09,,,2026-05-01 22:37:01,False,True Positive,False,Closed quickly — no notes.,HIGH,131,49
CSE-C,ALT-00042,ASSET-001,HIGH,Network Anomaly,2026-03-15 15:50:52,2026-03-15 16:40:27,2026-03-15 16:43:27,2026-03-15 16:55:43,2026-03-15 18:00:16,False,Under Investigation,True,Investigation completed; evidence recorded and escalated per playbook.,MEDIUM,159,43
CSE-B,ALT-00043,ASSET-031,MEDIUM,Network Anomaly,2026-06-10 09:52:13,2026-06-10 10:31:48,2026-06-10 10:41:48,2026-06-10 12:39:44,2026-06-10 13:05:49,False,Benign True Positive,True,Alert correlated with threat intel; full timeline documented.,MEDIUM,149,117
CSE-D,ALT-00044,ASSET-059,HIGH,Brute Force,2026-04-29 22:06:53,2026-04-29 22:13:24,2026-04-29 22:23:24,2026-04-30 02:59:09,2026-04-30 06:19:17,False,False Positive,True,Investigation completed; evidence recorded and escalated per playbook.,HIGH,129,112
CSE-E,ALT-00045,ASSET-045,LOW,Suspicious Login,2026-01-18 16:04:21,2026-01-18 17:49:53,2026-01-18 17:50:53,2026-01-18 19:08:39,2026-01-19 02:36:48,False,False Positive,True,Investigation completed; evidence recorded and escalated per playbook.,HIGH,166,104
CSE-B,ALT-00046,ASSET-043,LOW,Data Exfiltration,2026-05-27 16:00:02,2026-05-27 16:45:49,2026-05-27 16:58:49,2026-05-27 18:42:31,2026-05-28 01:42:51,True,Escalated to Tier-2,True,"Reviewed source IP, asset logs and correlated with previous alerts.",MEDIUM,182,109
CSE-A,ALT-00047,ASSET-041,LOW,Unauthorized Access,2026-06-17 02:33:30,2026-06-17 03:00:46,2026-06-17 03:23:46,2026-06-17 07:02:27,2026-06-17 09:22:40,False,False Positive,True,Analyst reviewed logs and confirmed activity with evidence archived.,HIGH,193,199
CSE-A,ALT-00048,ASSET-008,MEDIUM,Data Exfiltration,2026-06-11 13:54:14,2026-06-11 14:19:19,2026-06-11 14:23:19,2026-06-11 15:29:47,2026-06-11 20:11:16,True,True Positive,True,"Reviewed source IP, asset logs and correlated with previous alerts.",CRITICAL,127,112
CSE-E,ALT-00049,ASSET-060,HIGH,Suspicious Login,2026-02-13 15:31:39,2026-02-13 17:03:54,2026-02-13 17:22:54,2026-02-13 18:04:08,2026-02-13 21:49:23,False,True Positive,True,Alert correlated with threat intel; full timeline documented.,MEDIUM,110,52
CSE-E,ALT-00050,ASSET-085,HIGH,Unauthorized Access,2026-06-26 14:09:12,2026-06-26 15:04:06,2026-06-26 15:12:06,2026-06-26 16:54:42,2026-06-26 20:31:50,False,Escalated to Tier-2,True,Investigation completed; evidence recorded and escalated per playbook.,HIGH,72,53
CSE-A,ALT-00051,ASSET-040,LOW,Network Anomaly,2026-03-15 07:51:38,2026-03-15 08:19:00,2026-03-15 08:26:00,2026-03-15 10:49:43,2026-03-15 19:47:06,False,Benign True Positive,True,"Reviewed source IP, asset logs and correlated with previous alerts.",MEDIUM,84,77
CSE-A,ALT-00052,ASSET-062,LOW,Privilege Escalation,2026-04-17 11:15:50,2026-04-17 11:35:46,,,2026-04-17 20:54:44,False,True Positive,False,N/A,MEDIUM,117,118
CSE-A,ALT-00053,ASSET-048,MEDIUM,Brute Force,2026-02-06 07:42:55,2026-02-06 08:06:41,2026-02-06 08:19:41,2026-02-06 13:20:04,2026-02-06 15:35:41,False,True Positive,True,Analyst reviewed logs and confirmed activity with evidence archived.,MEDIUM,166,140
CSE-C,ALT-00054,ASSET-006,CRITICAL,Data Exfiltration,2026-05-01 14:35:58,2026-05-01 15:16:12,,,2026-05-01 21:34:31,False,True Positive,False,N/A,CRITICAL,153,21
CSE-E,ALT-00055,ASSET-057,CRITICAL,Network Anomaly,2026-04-05 16:09:37,2026-04-05 17:50:23,2026-04-05 18:04:23,2026-04-05 20:56:29,2026-04-05 23:01:25,False,True Positive,True,Alert correlated with threat intel; full timeline documented.,MEDIUM,95,80
CSE-E,ALT-00056,ASSET-017,LOW,Privilege Escalation,2026-01-16 12:14:07,2026-01-16 14:07:59,2026-01-16 14:29:59,2026-01-16 15:29:40,2026-01-16 14:54:02,False,True Positive,True,Analyst investigation performed; packet capture and EDR evidence attached.,MEDIUM,122,61
CSE-B,ALT-00057,ASSET-004,MEDIUM,Data Exfiltration,2026-03-26 20:20:00,2026-03-26 21:00:54,,,2026-03-27 06:44:10,False,True Positive,False,,CRITICAL,161,137
CSE-E,ALT-00058,ASSET-006,HIGH,Suspicious Login,2026-03-09 16:11:33,2026-03-09 16:31:20,2026-03-09 16:46:20,2026-03-09 18:23:52,2026-03-09 18:47:48,False,Escalated to Tier-2,True,Analyst investigation performed; packet capture and EDR evidence attached.,MEDIUM,147,88
CSE-A,ALT-00059,ASSET-042,LOW,Unauthorized Access,2026-04-20 17:22:45,2026-04-20 17:38:49,2026-04-20 17:49:49,2026-04-20 19:19:53,2026-04-20 23:05:28,False,False Positive,True,"Reviewed source IP, asset logs and correlated with previous alerts.",HIGH,156,147
CSE-E,ALT-00060,ASSET-048,MEDIUM,Brute Force,2026-06-29 12:40:27,2026-06-29 13:43:23,2026-06-29 13:54:23,2026-06-29 15:55:48,2026-06-29 15:45:43,False,Benign True Positive,True,Alert correlated with threat intel; full timeline documented.,MEDIUM,191,87
CSE-A,ALT-00061,ASSET-065,MEDIUM,Privilege Escalation,2026-02-03 14:37:42,2026-02-03 14:43:08,2026-02-03 15:05:08,2026-02-03 18:57:03,2026-02-03 20:22:46,False,True Positive,True,Analyst reviewed logs and confirmed activity with evidence archived.,CRITICAL,164,146
CSE-C,ALT-00062,ASSET-085,LOW,Privilege Escalation,2026-01-30 19:35:14,2026-01-30 20:27:41,,,2026-01-31 02:02:24,False,True Positive,False,N/A,MEDIUM,124,13
CSE-C,ALT-00063,ASSET-044,LOW,Privilege Escalation,2026-01-02 11:26:36,2026-01-02 12:10:01,2026-01-02 12:34:01,2026-01-02 12:56:02,2026-01-02 18:52:34,False,Benign True Positive,True,Analyst reviewed logs and confirmed activity with evidence archived.,CRITICAL,129,58
CSE-E,ALT-00064,ASSET-015,CRITICAL,Malware,2026-02-09 09:50:43,2026-02-09 10:06:00,2026-02-09 10:20:00,2026-02-09 12:29:38,2026-02-09 14:11:48,False,False Positive,True,Alert correlated with threat intel; full timeline documented.,CRITICAL,194,127
CSE-A,ALT-00065,ASSET-030,HIGH,Malware,2026-01-02 12:36:49,2026-01-02 12:43:37,2026-01-02 12:54:37,2026-01-02 14:10:37,2026-01-02 20:48:48,True,False Positive,True,Alert correlated with threat intel; full timeline documented.,HIGH,186,182
CSE-A,ALT-00066,ASSET-080,MEDIUM,Malware,2026-04-22 10:19:55,2026-04-22 10:32:31,2026-04-22 10:45:31,2026-04-22 14:33:49,2026-04-22 18:11:32,False,True Positive,True,Analyst reviewed logs and confirmed activity with evidence archived.,HIGH,168,176
CSE-D,ALT-00067,ASSET-025,LOW,Data Exfiltration,2026-04-22 17:56:05,2026-04-22 18:11:00,2026-04-22 18:22:00,2026-04-22 20:30:21,2026-04-22 20:29:32,False,False Positive,True,"Reviewed source IP, asset logs and correlated with previous alerts.",MEDIUM,124,115
CSE-B,ALT-00068,ASSET-082,HIGH,Suspicious Login,2026-03-07 11:36:48,2026-03-07 13:04:52,2026-03-07 13:29:52,2026-03-07 16:15:23,2026-03-07 21:14:35,False,False Positive,True,Alert correlated with threat intel; full timeline documented.,MEDIUM,152,141
CSE-C,ALT-00069,ASSET-065,CRITICAL,Brute Force,2026-05-01 14:10:50,2026-05-01 14:29:27,2026-05-01 14:46:27,2026-05-01 14:50:46,2026-05-01 14:12:13,False,Under Investigation,True,Alert correlated with threat intel; full timeline documented.,HIGH,191,77
CSE-D,ALT-00070,ASSET-068,LOW,Data Exfiltration,2026-03-24 17:33:09,2026-03-24 17:36:37,2026-03-24 17:47:37,2026-03-24 18:46:09,2026-03-24 19:16:52,False,Escalated to Tier-2,True,"Reviewed source IP, asset logs and correlated with previous alerts.",HIGH,100,88
CSE-D,ALT-00071,ASSET-045,MEDIUM,Privilege Escalation,2026-06-23 14:42:04,2026-06-23 14:54:10,2026-06-23 15:07:10,2026-06-23 17:47:26,2026-06-23 18:27:31,True,Benign True Positive,True,Analyst investigation performed; packet capture and EDR evidence attached.,HIGH,163,164
CSE-B,ALT-00072,ASSET-003,MEDIUM,Brute Force,2026-03-21 14:36:52,2026-03-21 14:58:34,2026-03-21 15:22:34,2026-03-21 18:23:32,2026-03-21 17:04:15,False,False Positive,True,Analyst investigation performed; packet capture and EDR evidence attached.,HIGH,116,107
CSE-D,ALT-00073,ASSET-021,HIGH,Suspicious Login,2026-02-09 10:43:32,2026-02-09 11:03:25,2026-02-09 11:20:25,2026-02-09 11:55:07,2026-02-10 01:08:04,True,False Positive,True,Investigation completed; evidence recorded and escalated per playbook.,CRITICAL,168,169
CSE-D,ALT-00074,ASSET-048,CRITICAL,Privilege Escalation,2026-06-23 16:34:39,2026-06-23 16:46:27,2026-06-23 17:01:27,2026-06-23 19:16:01,2026-06-24 07:35:17,False,Under Investigation,True,"Reviewed source IP, asset logs and correlated with previous alerts.",MEDIUM,136,125
CSE-D,ALT-00075,ASSET-011,MEDIUM,Unauthorized Access,2026-02-11 20:38:08,2026-02-11 20:48:11,2026-02-11 21:00:11,2026-02-12 01:59:10,2026-02-12 09:57:05,False,True Positive,True,Analyst reviewed logs and confirmed activity with evidence archived.,MEDIUM,114,108
CSE-B,ALT-00076,ASSET-013,LOW,Brute Force,2026-02-26 11:55:59,2026-02-26 12:04:25,2026-02-26 12:21:25,2026-02-26 14:01:40,2026-02-26 13:57:48,False,False Positive,True,Alert correlated with threat intel; full timeline documented.,MEDIUM,155,131
CSE-A,ALT-00077,ASSET-100,HIGH,Network Anomaly,2026-06-28 16:00:28,2026-06-28 16:21:28,2026-06-28 16:22:28,2026-06-28 18:48:41,2026-06-29 02:28:14,False,False Positive,True,"Reviewed source IP, asset logs and correlated with previous alerts.",CRITICAL,118,91
CSE-D,ALT-00078,ASSET-074,MEDIUM,Network Anomaly,2026-01-17 17:31:38,2026-01-17 17:50:39,2026-01-17 18:09:39,2026-01-17 20:28:24,2026-01-17 23:49:06,True,False Positive,True,"Reviewed source IP, asset logs and correlated with previous alerts.",HIGH,165,166
CSE-C,ALT-00079,ASSET-090,CRITICAL,Malware,2026-04-10 01:29:40,2026-04-10 01:55:03,,,2026-04-10 01:31:29,False,False Positive,False,Closed quickly — no notes.,CRITICAL,107,15
CSE-A,ALT-00080,ASSET-007,HIGH,Malware,2026-02-21 10:46:59,2026-02-21 10:58:31,2026-02-21 11:16:31,2026-02-21 15:33:47,2026-02-21 22:45:43,False,Under Investigation,True,Analyst reviewed logs and confirmed activity with evidence archived.,MEDIUM,122,103
CSE-D,ALT-00081,ASSET-024,LOW,Network Anomaly,2026-04-09 12:11:31,2026-04-09 12:36:02,2026-04-09 12:53:02,2026-04-09 15:24:53,2026-04-10 02:00:29,True,Benign True Positive,True,Analyst reviewed logs and confirmed activity with evidence archived.,HIGH,121,98
CSE-C,ALT-00082,ASSET-008,HIGH,Unauthorized Access,2026-02-12 14:59:28,2026-02-12 15:03:14,,,2026-02-12 20:37:41,False,Escalated to Tier-2,False,Closed quickly — no notes.,CRITICAL,171,51
CSE-B,ALT-00083,ASSET-048,LOW,Suspicious Login,2026-06-05 16:28:02,2026-06-05 16:49:06,2026-06-05 17:10:06,2026-06-05 18:48:29,2026-06-05 17:52:44,False,False Positive,True,Alert correlated with threat intel; full timeline documented.,HIGH,89,72
CSE-C,ALT-00084,ASSET-028,HIGH,Phishing,2026-03-05 00:53:47,2026-03-05 01:06:18,,,2026-03-05 02:26:34,False,Under Investigation,False,N/A,MEDIUM,126,53
CSE-B,ALT-00085,ASSET-023,CRITICAL,Brute Force,2026-04-26 16:35:05,2026-04-26 17:20:47,2026-04-26 17:23:47,2026-04-26 19:49:21,2026-04-26 20:32:32,False,Benign True Positive,True,Investigation completed; evidence recorded and escalated per playbook.,CRITICAL,101,92
CSE-B,ALT-00086,ASSET-074,LOW,Malware,2026-04-03 15:17:29,2026-04-03 16:32:37,2026-04-03 16:35:37,2026-04-03 16:56:56,2026-04-04 01:13:10,False,False Positive,True,Alert correlated with threat intel; full timeline documented.,CRITICAL,151,123
CSE-D,ALT-00087,ASSET-042,MEDIUM,Privilege Escalation,2026-02-02 18:49:40,2026-02-02 19:09:51,2026-02-02 19:14:51,2026-02-02 23:11:23,2026-02-02 22:17:24,True,True Positive,True,Analyst reviewed logs and confirmed activity with evidence archived.,MEDIUM,108,99
CSE-C,ALT-00088,ASSET-020,LOW,Phishing,2026-02-20 13:41:08,2026-02-20 14:22:27,,,2026-02-20 19:00:08,False,Escalated to Tier-2,False,,CRITICAL,169,75
CSE-C,ALT-00089,ASSET-038,LOW,Malware,2026-01-08 13:31:41,2026-01-08 13:46:30,,,2026-01-08 19:33:31,False,Under Investigation,False,N/A,HIGH,128,45
CSE-D,ALT-00090,ASSET-098,HIGH,Brute Force,2026-06-26 16:30:26,2026-06-26 16:47:55,2026-06-26 17:07:55,2026-06-26 18:36:15,2026-06-27 06:19:50,False,False Positive,True,Investigation completed; evidence recorded and escalated per playbook.,HIGH,151,120
CSE-D,ALT-00091,ASSET-064,HIGH,Network Anomaly,2026-03-05 09:51:18,2026-03-05 10:06:13,2026-03-05 10:14:13,2026-03-05 11:51:05,2026-03-05 20:57:59,False,Under Investigation,True,Investigation completed; evidence recorded and escalated per playbook.,MEDIUM,139,129
CSE-D,ALT-00092,ASSET-034,CRITICAL,Unauthorized Access,2026-05-10 13:06:13,2026-05-10 13:26:35,2026-05-10 13:36:35,2026-05-10 18:05:13,2026-05-10 14:35:29,True,True Positive,True,Alert correlated with threat intel; full timeline documented.,MEDIUM,126,95
CSE-E,ALT-00093,ASSET-044,MEDIUM,Privilege Escalation,2026-05-22 15:35:32,2026-05-22 16:38:20,2026-05-22 16:58:20,2026-05-22 19:57:59,2026-05-22 19:14:26,False,Under Investigation,True,Analyst reviewed logs and confirmed activity with evidence archived.,HIGH,163,120
CSE-E,ALT-00094,ASSET-039,MEDIUM,Malware,2026-01-12 14:41:51,2026-01-12 15:47:24,2026-01-12 16:07:24,2026-01-12 18:23:32,2026-01-12 21:38:34,False,Benign True Positive,True,Investigation completed; evidence recorded and escalated per playbook.,HIGH,199,158
CSE-D,ALT-00095,ASSET-081,LOW,Phishing,2026-05-02 12:34:21,2026-05-02 12:57:28,,,2026-05-02 19:13:18,False,Under Investigation,False,N/A,CRITICAL,140,126
CSE-E,ALT-00096,ASSET-090,MEDIUM,Malware,2026-05-30 17:56:40,2026-05-30 19:34:19,,,2026-05-30 22:31:11,False,True Positive,False,Closed quickly — no notes.,CRITICAL,74,47
CSE-B,ALT-00097,ASSET-069,HIGH,Data Exfiltration,2026-04-16 17:02:55,2026-04-16 17:15:40,2026-04-16 17:22:40,2026-04-16 19:51:00,2026-04-17 02:44:04,False,True Positive,True,Alert correlated with threat intel; full timeline documented.,HIGH,160,136
CSE-C,ALT-00098,ASSET-093,MEDIUM,Data Exfiltration,2026-03-05 14:05:14,2026-03-05 14:26:03,2026-03-05 14:33:03,2026-03-05 14:57:48,2026-03-05 17:28:33,False,Escalated to Tier-2,True,Alert correlated with threat intel; full timeline documented.,CRITICAL,105,40
CSE-D,ALT-00099,ASSET-062,LOW,Unauthorized Access,2026-03-30 04:59:18,2026-03-30 05:02:36,,,2026-03-30 11:57:35,False,True Positive,False,,CRITICAL,185,179
CSE-C,ALT-00100,ASSET-021,CRITICAL,Data Exfiltration,2026-03-04 12:51:40,2026-03-04 13:06:43,2026-03-04 13:17:43,2026-03-04 13:42:13,2026-03-04 14:36:43,False,Escalated to Tier-2,True,Analyst reviewed logs and confirmed activity with evidence archived.,HIGH,150,45
CSE-C,ALT-00101,ASSET-005,HIGH,Malware,2026-01-23 12:57:34,2026-01-23 13:46:20,,,2026-01-23 15:35:46,False,True Positive,False,,MEDIUM,140,60
CSE-C,ALT-00102,ASSET-065,LOW,Malware,2026-03-18 10:49:59,2026-03-18 11:12:17,,,2026-03-18 16:10:50,False,Escalated to Tier-2,False,N/A,HIGH,114,52
CSE-B,ALT-00103,ASSET-013,MEDIUM,Phishing,2026-02-17 14:45:50,2026-02-17 15:28:26,2026-02-17 15:35:26,2026-02-17 16:25:05,2026-02-17 23:15:58,False,False Positive,True,Alert correlated with threat intel; full timeline documented.,CRITICAL,105,75
CSE-A,ALT-00104,ASSET-052,HIGH,Data Exfiltration,2026-04-25 11:15:19,2026-04-25 11:36:05,2026-04-25 11:45:05,2026-04-25 15:04:49,2026-04-25 13:24:47,True,True Positive,True,"Reviewed source IP, asset logs and correlated with previous alerts.",MEDIUM,198,209
CSE-A,ALT-00105,ASSET-028,MEDIUM,Phishing,2026-04-05 12:44:08,2026-04-05 13:01:17,2026-04-05 13:21:17,2026-04-05 16:47:43,2026-04-05 21:49:05,False,Benign True Positive,True,Analyst investigation performed; packet capture and EDR evidence attached.,MEDIUM,167,165
CSE-E,ALT-00106,ASSET-057,MEDIUM,Privilege Escalation,2026-01-20 03:49:03,2026-01-20 05:40:38,,,2026-01-20 15:14:47,False,Under Investigation,False,,CRITICAL,122,91
CSE-A,ALT-00107,ASSET-075,LOW,Network Anomaly,2026-01-15 17:45:26,2026-01-15 18:02:02,2026-01-15 18:17:02,2026-01-15 21:09:48,2026-01-16 01:32:18,False,Benign True Positive,True,Analyst reviewed logs and confirmed activity with evidence archived.,CRITICAL,134,112
CSE-E,ALT-00108,ASSET-049,LOW,Brute Force,2026-05-01 15:58:11,2026-05-01 17:41:19,,,2026-05-02 01:16:42,False,False Positive,False,N/A,HIGH,104,73
CSE-A,ALT-00109,ASSET-059,HIGH,Unauthorized Access,2026-05-16 12:48:53,2026-05-16 12:51:41,2026-05-16 13:01:41,2026-05-16 17:14:24,2026-05-16 20:51:15,False,True Positive,True,Analyst investigation performed; packet capture and EDR evidence attached.,HIGH,115,89
CSE-A,ALT-00110,ASSET-070,LOW,Unauthorized Access,2026-06-07 00:32:15,2026-06-07 00:40:19,2026-06-07 00:42:19,2026-06-07 04:45:57,2026-06-07 05:36:06,True,False Positive,True,Analyst reviewed logs and confirmed activity with evidence archived.,CRITICAL,190,191
CSE-E,ALT-00111,ASSET-095,LOW,Data Exfiltration,2026-05-28 14:28:15,2026-05-28 15:12:11,2026-05-28 15:34:11,2026-05-28 17:52:25,2026-05-28 20:44:28,True,Escalated to Tier-2,True,Alert correlated with threat intel; full timeline documented.,MEDIUM,179,115
CSE-C,ALT-00112,ASSET-060,LOW,Unauthorized Access,2026-05-15 16:06:26,2026-05-15 16:16:45,2026-05-15 16:41:45,2026-05-15 17:01:15,2026-05-15 23:50:59,False,Under Investigation,True,"Reviewed source IP, asset logs and correlated with previous alerts.",MEDIUM,161,46
CSE-E,ALT-00113,ASSET-006,MEDIUM,Unauthorized Access,2026-03-04 14:38:41,2026-03-04 14:54:40,2026-03-04 15:06:40,2026-03-04 15:35:14,2026-03-04 16:11:57,False,Benign True Positive,True,"Reviewed source IP, asset logs and correlated with previous alerts.",MEDIUM,118,95
CSE-E,ALT-00114,ASSET-100,HIGH,Data Exfiltration,2026-03-27 09:15:13,2026-03-27 09:45:00,2026-03-27 10:10:00,2026-03-27 12:17:58,2026-03-27 13:39:25,False,Benign True Positive,True,"Reviewed source IP, asset logs and correlated with previous alerts.",CRITICAL,189,125
CSE-C,ALT-00115,ASSET-038,CRITICAL,Network Anomaly,2026-04-30 17:00:48,2026-04-30 17:55:08,,,2026-04-30 17:02:24,False,False Positive,False,Closed quickly — no notes.,CRITICAL,138,47
CSE-D,ALT-00116,ASSET-070,MEDIUM,Privilege Escalation,2026-03-07 16:40:46,2026-03-07 17:03:33,2026-03-07 17:09:33,2026-03-07 20:24:43,2026-03-08 06:21:07,False,Escalated to Tier-2,True,"Reviewed source IP, asset logs and correlated with previous alerts.",MEDIUM,87,78
CSE-A,ALT-00117,ASSET-062,LOW,Unauthorized Access,2026-02-05 07:53:04,2026-02-05 08:17:13,2026-02-05 08:34:13,2026-02-05 12:42:36,2026-02-05 19:34:53,False,Benign True Positive,True,Analyst reviewed logs and confirmed activity with evidence archived.,MEDIUM,82,64
CSE-D,ALT-00118,ASSET-046,CRITICAL,Phishing,2026-05-18 00:35:32,2026-05-18 01:00:15,2026-05-18 01:06:15,2026-05-18 02:16:13,2026-05-18 06:06:27,False,True Positive,True,Analyst reviewed logs and confirmed activity with evidence archived.,CRITICAL,127,140
CSE-E,ALT-00119,ASSET-082,HIGH,Data Exfiltration,2026-03-18 10:22:41,2026-03-18 12:17:22,,,2026-03-18 19:37:46,False,False Positive,False,,CRITICAL,113,55
CSE-C,ALT-00120,ASSET-036,HIGH,Brute Force,2026-05-16 07:50:13,2026-05-16 08:49:08,,,2026-05-16 13:12:25,False,True Positive,False,N/A,MEDIUM,162,61
CSE-C,ALT-00121,ASSET-089,CRITICAL,Data Exfiltration,2026-05-31 15:47:59,2026-05-31 15:53:18,2026-05-31 16:01:18,2026-05-31 16:22:11,2026-05-31 20:49:39,False,Under Investigation,True,Alert correlated with threat intel; full timeline documented.,CRITICAL,134,17
CSE-B,ALT-00122,ASSET-085,LOW,Privilege Escalation,2026-06-04 20:19:25,2026-06-04 21:05:26,2026-06-04 21:20:26,2026-06-04 23:30:40,2026-06-05 07:01:50,False,Benign True Positive,True,Investigation completed; evidence recorded and escalated per playbook.,HIGH,145,122
CSE-A,ALT-00123,ASSET-072,HIGH,Unauthorized Access,2026-06-12 15:38:20,2026-06-12 15:51:26,2026-06-12 16:01:26,2026-06-12 20:03:49,2026-06-12 18:20:34,True,False Positive,True,Investigation completed; evidence recorded and escalated per playbook.,HIGH,132,99
CSE-C,ALT-00124,ASSET-022,HIGH,Privilege Escalation,2026-04-09 16:03:24,2026-04-09 16:53:29,,,2026-04-09 19:18:05,False,Under Investigation,False,N/A,CRITICAL,128,25
CSE-A,ALT-00125,ASSET-080,HIGH,Phishing,2026-04-18 10:18:23,2026-04-18 10:28:38,2026-04-18 10:44:38,2026-04-18 12:40:07,2026-04-18 13:31:57,True,False Positive,True,Analyst reviewed logs and confirmed activity with evidence archived.,HIGH,190,164
CSE-D,ALT-00126,ASSET-074,LOW,Suspicious Login,2026-03-18 12:25:30,2026-03-18 12:37:41,,,2026-03-18 18:36:28,False,False Positive,False,Closed quickly — no notes.,MEDIUM,121,109
CSE-C,ALT-00127,ASSET-082,CRITICAL,Data Exfiltration,2026-06-01 06:08:43,2026-06-01 06:59:18,2026-06-01 07:23:18,2026-06-01 07:40:03,2026-06-01 06:12:36,False,Under Investigation,True,"Reviewed source IP, asset logs and correlated with previous alerts.",CRITICAL,109,46
CSE-A,ALT-00128,ASSET-032,MEDIUM,Network Anomaly,2026-05-30 17:38:59,2026-05-30 18:08:43,2026-05-30 18:10:43,2026-05-30 21:30:27,2026-05-31 05:02:23,False,True Positive,True,Analyst investigation performed; packet capture and EDR evidence attached.,MEDIUM,125,105
CSE-A,ALT-00129,ASSET-099,MEDIUM,Unauthorized Access,2026-03-26 14:41:06,2026-03-26 14:43:12,2026-03-26 15:00:12,2026-03-26 19:40:47,2026-03-27 01:17:26,False,False Positive,True,Analyst investigation performed; packet capture and EDR evidence attached.,MEDIUM,168,155
CSE-A,ALT-00130,ASSET-093,MEDIUM,Phishing,2026-04-17 02:55:07,2026-04-17 03:23:53,2026-04-17 03:33:53,2026-04-17 06:44:22,2026-04-17 13:02:23,False,True Positive,True,"Reviewed source IP, asset logs and correlated with previous alerts.",MEDIUM,120,87
CSE-A,ALT-00131,ASSET-024,CRITICAL,Privilege Escalation,2026-06-15 11:48:59,2026-06-15 12:14:14,2026-06-15 12:32:14,2026-06-15 14:08:35,2026-06-15 20:52:28,False,Benign True Positive,True,Analyst investigation performed; packet capture and EDR evidence attached.,CRITICAL,83,81
CSE-D,ALT-00132,ASSET-034,MEDIUM,Unauthorized Access,2026-01-02 12:30:17,2026-01-02 12:55:08,2026-01-02 13:14:08,2026-01-02 14:21:59,2026-01-02 17:06:31,False,False Positive,True,Analyst investigation performed; packet capture and EDR evidence attached.,MEDIUM,142,139
CSE-C,ALT-00133,ASSET-016,HIGH,Unauthorized Access,2026-05-31 15:00:54,2026-05-31 15:31:33,2026-05-31 15:53:33,2026-05-31 16:18:24,2026-05-31 21:06:10,False,True Positive,True,Investigation completed; evidence recorded and escalated per playbook.,CRITICAL,104,15
CSE-E,ALT-00134,ASSET-058,HIGH,Suspicious Login,2026-05-28 12:10:31,2026-05-28 13:37:05,2026-05-28 13:58:05,2026-05-28 14:47:40,2026-05-28 22:23:23,False,False Positive,True,"Reviewed source IP, asset logs and correlated with previous alerts.",HIGH,161,135
CSE-B,ALT-00135,ASSET-036,HIGH,Unauthorized Access,2026-05-24 17:26:26,2026-05-24 18:33:52,2026-05-24 18:48:52,2026-05-24 20:59:02,2026-05-24 19:35:42,False,True Positive,True,Analyst reviewed logs and confirmed activity with evidence archived.,CRITICAL,143,90
CSE-E,ALT-00136,ASSET-057,LOW,Network Anomaly,2026-05-21 10:56:17,2026-05-21 12:40:51,,,2026-05-21 22:21:43,False,Under Investigation,False,Closed quickly — no notes.,HIGH,178,92
CSE-B,ALT-00137,ASSET-022,HIGH,Malware,2026-04-26 10:29:28,2026-04-26 10:50:17,,,2026-04-26 17:20:12,False,Benign True Positive,False,,HIGH,122,101
CSE-E,ALT-00138,ASSET-036,HIGH,Phishing,2026-06-02 14:31:45,2026-06-02 15:14:03,2026-06-02 15:31:03,2026-06-02 18:29:55,2026-06-02 17:57:51,False,Escalated to Tier-2,True,Analyst reviewed logs and confirmed activity with evidence archived.,MEDIUM,102,71
CSE-B,ALT-00139,ASSET-012,HIGH,Privilege Escalation,2026-03-05 23:04:25,2026-03-06 00:11:34,2026-03-06 00:20:34,2026-03-06 03:06:00,2026-03-06 08:23:38,False,Under Investigation,True,Alert correlated with threat intel; full timeline documented.,HIGH,141,116
CSE-D,ALT-00140,ASSET-064,LOW,Privilege Escalation,2026-05-29 10:35:46,2026-05-29 10:52:26,2026-05-29 11:04:26,2026-05-29 11:52:16,2026-05-29 18:39:39,False,Under Investigation,True,Analyst investigation performed; packet capture and EDR evidence attached.,CRITICAL,186,164
CSE-E,ALT-00141,ASSET-021,CRITICAL,Network Anomaly,2026-03-29 01:39:02,2026-03-29 01:56:42,,,2026-03-29 01:41:30,False,False Positive,False,Closed quickly — no notes.,MEDIUM,93,65
CSE-A,ALT-00142,ASSET-029,MEDIUM,Suspicious Login,2026-01-14 14:12:46,2026-01-14 14:37:34,2026-01-14 14:58:34,2026-01-14 16:00:19,2026-01-14 15:23:47,False,True Positive,True,Analyst reviewed logs and confirmed activity with evidence archived.,HIGH,136,102
CSE-A,ALT-00143,ASSET-018,LOW,Unauthorized Access,2026-06-27 10:12:14,2026-06-27 10:26:19,2026-06-27 10:30:19,2026-06-27 11:37:39,2026-06-27 16:17:27,False,Under Investigation,True,Investigation completed; evidence recorded and escalated per playbook.,HIGH,166,135
CSE-E,ALT-00144,ASSET-016,CRITICAL,Suspicious Login,2026-04-23 12:38:40,2026-04-23 14:18:49,,,2026-04-23 18:25:54,False,True Positive,False,N/A,CRITICAL,179,100
CSE-B,ALT-00145,ASSET-051,HIGH,Brute Force,2026-03-05 13:51:49,2026-03-05 14:00:43,,,2026-03-05 18:01:16,False,True Positive,False,Closed quickly — no notes.,CRITICAL,83,69
CSE-D,ALT-00146,ASSET-061,MEDIUM,Data Exfiltration,2026-05-08 10:12:33,2026-05-08 10:14:56,2026-05-08 10:19:56,2026-05-08 13:53:51,2026-05-08 18:25:19,False,True Positive,True,Analyst investigation performed; packet capture and EDR evidence attached.,MEDIUM,178,146
CSE-A,ALT-00147,ASSET-040,CRITICAL,Data Exfiltration,2026-01-11 13:35:32,2026-01-11 13:47:12,2026-01-11 14:12:12,2026-01-11 17:59:39,2026-01-11 23:41:46,False,True Positive,True,Alert correlated with threat intel; full timeline documented.,CRITICAL,183,147
CSE-D,ALT-00148,ASSET-023,MEDIUM,Brute Force,2026-03-21 13:04:03,2026-03-21 13:13:08,2026-03-21 13:17:08,2026-03-21 17:24:47,2026-03-21 15:09:27,False,Benign True Positive,True,Analyst investigation performed; packet capture and EDR evidence attached.,CRITICAL,170,135
CSE-B,ALT-00149,ASSET-034,MEDIUM,Privilege Escalation,2026-05-14 13:25:10,2026-05-14 14:17:18,2026-05-14 14:26:18,2026-05-14 15:02:07,2026-05-14 20:31:09,False,False Positive,True,Analyst reviewed logs and confirmed activity with evidence archived.,MEDIUM,89,69
CSE-C,ALT-00150,ASSET-006,CRITICAL,Suspicious Login,2026-04-05 10:45:57,2026-04-05 11:23:40,,,2026-04-05 11:44:42,False,True Positive,False,,CRITICAL,109,14
CSE-E,ALT-00151,ASSET-067,LOW,Unauthorized Access,2026-02-27 16:06:58,2026-02-27 17:44:18,2026-02-27 17:47:18,2026-02-27 20:18:41,2026-02-28 02:44:01,False,True Positive,True,Analyst reviewed logs and confirmed activity with evidence archived.,MEDIUM,172,84
CSE-C,ALT-00152,ASSET-099,MEDIUM,Phishing,2026-03-25 16:47:00,2026-03-25 17:11:12,2026-03-25 17:21:12,2026-03-25 17:46:51,2026-03-25 21:28:35,False,Under Investigation,True,"Reviewed source IP, asset logs and correlated with previous alerts.",MEDIUM,183,90
CSE-B,ALT-00153,ASSET-019,CRITICAL,Unauthorized Access,2026-01-07 14:54:40,2026-01-07 15:01:01,2026-01-07 15:23:01,2026-01-07 17:04:55,2026-01-08 00:33:16,False,Escalated to Tier-2,True,Investigation completed; evidence recorded and escalated per playbook.,CRITICAL,129,120
CSE-D,ALT-00154,ASSET-038,LOW,Privilege Escalation,2026-04-28 02:53:37,2026-04-28 02:59:09,2026-04-28 03:12:09,2026-04-28 04:05:46,2026-04-28 05:02:36,False,True Positive,True,Analyst investigation performed; packet capture and EDR evidence attached.,CRITICAL,120,130
CSE-C,ALT-00155,ASSET-016,HIGH,Phishing,2026-03-01 12:27:08,2026-03-01 13:17:57,,,2026-03-01 14:32:07,False,False Positive,False,,HIGH,188,35
CSE-D,ALT-00156,ASSET-007,HIGH,Brute Force,2026-01-24 14:11:52,2026-01-24 14:36:36,2026-01-24 14:43:36,2026-01-24 17:45:45,2026-01-25 03:44:51,False,False Positive,True,Analyst reviewed logs and confirmed activity with evidence archived.,MEDIUM,113,114
CSE-A,ALT-00157,ASSET-088,LOW,Network Anomaly,2026-05-23 13:15:06,2026-05-23 13:31:12,2026-05-23 13:36:12,2026-05-23 14:53:12,2026-05-23 18:03:20,True,False Positive,True,Analyst reviewed logs and confirmed activity with evidence archived.,HIGH,162,130
CSE-C,ALT-00158,ASSET-060,LOW,Brute Force,2026-01-06 06:44:57,2026-01-06 07:27:25,,,2026-01-06 15:01:18,False,True Positive,False,,CRITICAL,163,49
CSE-D,ALT-00159,ASSET-018,CRITICAL,Unauthorized Access,2026-02-14 12:11:17,2026-02-14 12:21:45,2026-02-14 12:23:45,2026-02-14 14:44:26,2026-02-14 22:45:15,True,True Positive,True,Investigation completed; evidence recorded and escalated per playbook.,HIGH,182,177
CSE-E,ALT-00160,ASSET-008,LOW,Unauthorized Access,2026-04-02 17:16:22,2026-04-02 18:33:54,2026-04-02 18:42:54,2026-04-02 19:33:55,2026-04-02 22:42:55,False,Under Investigation,True,Investigation completed; evidence recorded and escalated per playbook.,MEDIUM,190,129
CSE-B,ALT-00161,ASSET-023,LOW,Brute Force,2026-03-05 13:32:34,2026-03-05 13:45:22,,,2026-03-05 20:52:44,False,Escalated to Tier-2,False,,CRITICAL,151,131
CSE-E,ALT-00162,ASSET-029,CRITICAL,Privilege Escalation,2026-05-26 12:12:53,2026-05-26 14:01:49,,,2026-05-26 22:48:51,True,True Positive,False,N/A,CRITICAL,154,123
CSE-B,ALT-00163,ASSET-018,HIGH,Suspicious Login,2026-03-24 11:31:37,2026-03-24 11:55:26,2026-03-24 12:12:26,2026-03-24 13:50:30,2026-03-24 19:11:03,True,False Positive,True,Investigation completed; evidence recorded and escalated per playbook.,MEDIUM,181,158
CSE-C,ALT-00164,ASSET-079,CRITICAL,Privilege Escalation,2026-02-27 11:59:24,2026-02-27 12:20:10,,,2026-02-27 12:01:08,False,False Positive,False,,CRITICAL,153,20
CSE-B,ALT-00165,ASSET-014,HIGH,Privilege Escalation,2026-02-12 10:30:52,2026-02-12 12:01:32,2026-02-12 12:12:32,2026-02-12 14:11:32,2026-02-12 16:05:47,False,False Positive,True,Investigation completed; evidence recorded and escalated per playbook.,MEDIUM,82,58
CSE-B,ALT-00166,ASSET-005,LOW,Network Anomaly,2026-04-07 15:24:06,2026-04-07 16:30:56,,,2026-04-07 20:51:06,False,Under Investigation,False,N/A,CRITICAL,151,94
CSE-A,ALT-00167,ASSET-043,HIGH,Unauthorized Access,2026-02-11 10:35:21,2026-02-11 10:57:00,2026-02-11 11:20:00,2026-02-11 11:50:27,2026-02-11 22:03:56,False,True Positive,True,"Reviewed source IP, asset logs and correlated with previous alerts.",CRITICAL,104,95
CSE-E,ALT-00168,ASSET-085,HIGH,Phishing,2026-03-18 09:50:25,2026-03-18 11:09:00,,,2026-03-18 12:29:23,True,True Positive,False,,HIGH,192,96
CSE-B,ALT-00169,ASSET-024,HIGH,Phishing,2026-01-21 10:58:19,2026-01-21 11:53:49,2026-01-21 12:15:49,2026-01-21 13:27:54,2026-01-21 19:00:00,False,False Positive,True,Analyst investigation performed; packet capture and EDR evidence attached.,HIGH,137,98
CSE-B,ALT-00170,ASSET-067,LOW,Malware,2026-02-08 22:46:06,2026-02-08 23:01:48,2026-02-08 23:19:48,2026-02-09 01:10:36,2026-02-09 03:24:23,True,False Positive,True,Analyst investigation performed; packet capture and EDR evidence attached.,HIGH,191,146
CSE-D,ALT-00171,ASSET-022,HIGH,Unauthorized Access,2026-01-09 17:49:51,2026-01-09 18:10:34,,,2026-01-09 21:14:22,False,Escalated to Tier-2,False,,MEDIUM,183,149
CSE-D,ALT-00172,ASSET-002,CRITICAL,Unauthorized Access,2026-02-21 21:24:09,2026-02-21 21:45:25,2026-02-21 22:09:25,2026-02-21 22:58:30,2026-02-22 08:10:45,False,False Positive,True,Alert correlated with threat intel; full timeline documented.,MEDIUM,146,146
CSE-D,ALT-00173,ASSET-023,HIGH,Brute Force,2026-01-28 10:43:50,2026-01-28 10:55:45,2026-01-28 11:07:45,2026-01-28 14:53:01,2026-01-28 23:06:16,False,False Positive,True,Alert correlated with threat intel; full timeline documented.,CRITICAL,98,100
CSE-D,ALT-00174,ASSET-018,CRITICAL,Privilege Escalation,2026-06-26 17:06:58,2026-06-26 17:17:55,2026-06-26 17:28:55,2026-06-26 20:19:14,2026-06-27 06:10:38,True,Under Investigation,True,Investigation completed; evidence recorded and escalated per playbook.,HIGH,179,185
CSE-D,ALT-00175,ASSET-100,MEDIUM,Brute Force,2026-02-18 15:56:47,2026-02-18 16:14:35,2026-02-18 16:26:35,2026-02-18 17:10:07,2026-02-18 18:21:54,False,False Positive,True,"Reviewed source IP, asset logs and correlated with previous alerts.",MEDIUM,192,181
CSE-B,ALT-00176,ASSET-077,LOW,Data Exfiltration,2026-01-15 16:47:03,2026-01-15 17:38:48,2026-01-15 17:50:48,2026-01-15 19:54:20,2026-01-15 20:15:31,True,False Positive,True,Alert correlated with threat intel; full timeline documented.,HIGH,191,149
CSE-C,ALT-00177,ASSET-053,CRITICAL,Phishing,2026-06-26 09:28:24,2026-06-26 09:32:34,,,2026-06-26 15:23:48,False,False Positive,False,,HIGH,188,78
CSE-B,ALT-00178,ASSET-080,MEDIUM,Malware,2026-02-27 14:12:45,2026-02-27 15:40:02,2026-02-27 15:53:02,2026-02-27 17:27:31,2026-02-27 19:53:31,False,False Positive,True,Investigation completed; evidence recorded and escalated per playbook.,HIGH,96,58
CSE-C,ALT-00179,ASSET-039,HIGH,Phishing,2026-03-18 17:13:04,2026-03-18 17:35:21,,,2026-03-18 20:09:02,False,Escalated to Tier-2,False,Closed quickly — no notes.,CRITICAL,156,64
CSE-E,ALT-00180,ASSET-069,HIGH,Privilege Escalation,2026-06-24 09:26:41,2026-06-24 10:34:59,2026-06-24 10:48:59,2026-06-24 12:37:23,2026-06-24 14:14:20,False,True Positive,True,Analyst reviewed logs and confirmed activity with evidence archived.,HIGH,191,160
CSE-C,ALT-00181,ASSET-043,HIGH,Suspicious Login,2026-06-18 06:10:18,2026-06-18 06:17:48,2026-06-18 06:26:48,2026-06-18 06:52:39,2026-06-18 13:08:46,False,Under Investigation,True,Analyst investigation performed; packet capture and EDR evidence attached.,MEDIUM,118,29
CSE-D,ALT-00182,ASSET-039,LOW,Privilege Escalation,2026-04-06 14:01:29,2026-04-06 14:06:59,2026-04-06 14:27:59,2026-04-06 15:19:29,2026-04-06 23:39:06,False,False Positive,True,"Reviewed source IP, asset logs and correlated with previous alerts.",HIGH,191,198
CSE-B,ALT-00183,ASSET-022,HIGH,Network Anomaly,2026-02-06 12:04:49,2026-02-06 12:20:20,2026-02-06 12:26:20,2026-02-06 13:52:00,2026-02-06 12:54:48,False,Under Investigation,True,Analyst reviewed logs and confirmed activity with evidence archived.,HIGH,110,78
CSE-B,ALT-00184,ASSET-094,MEDIUM,Unauthorized Access,2026-04-14 17:08:24,2026-04-14 17:13:26,2026-04-14 17:37:26,2026-04-14 19:17:26,2026-04-15 02:46:38,True,True Positive,True,Investigation completed; evidence recorded and escalated per playbook.,CRITICAL,158,102
CSE-D,ALT-00185,ASSET-046,MEDIUM,Phishing,2026-02-12 09:46:19,2026-02-12 09:57:48,2026-02-12 10:17:48,2026-02-12 15:01:09,2026-02-12 22:40:56,False,Escalated to Tier-2,True,Alert correlated with threat intel; full timeline documented.,MEDIUM,101,110
CSE-A,ALT-00186,ASSET-085,HIGH,Suspicious Login,2026-02-24 17:36:10,2026-02-24 17:41:33,2026-02-24 17:43:33,2026-02-24 21:11:29,2026-02-25 03:34:12,True,Escalated to Tier-2,True,Investigation completed; evidence recorded and escalated per playbook.,CRITICAL,187,137
CSE-D,ALT-00187,ASSET-018,MEDIUM,Brute Force,2026-05-21 11:36:13,2026-05-21 12:00:56,2026-05-21 12:10:56,2026-05-21 16:01:38,2026-05-22 00:19:29,False,Benign True Positive,True,Analyst reviewed logs and confirmed activity with evidence archived.,HIGH,195,162
CSE-A,ALT-00188,ASSET-027,HIGH,Brute Force,2026-05-08 12:24:49,2026-05-08 12:35:42,2026-05-08 12:42:42,2026-05-08 16:01:27,2026-05-08 18:22:52,True,False Positive,True,Alert correlated with threat intel; full timeline documented.,MEDIUM,141,117
CSE-A,ALT-00189,ASSET-034,MEDIUM,Brute Force,2026-05-27 11:32:05,2026-05-27 11:58:37,2026-05-27 12:22:37,2026-05-27 13:29:34,2026-05-27 23:42:51,False,Escalated to Tier-2,True,Investigation completed; evidence recorded and escalated per playbook.,HIGH,92,90
CSE-C,ALT-00190,ASSET-035,HIGH,Privilege Escalation,2026-04-20 10:37:54,2026-04-20 11:27:50,2026-04-20 11:32:50,2026-04-20 11:56:31,2026-04-20 14:36:12,False,Escalated to Tier-2,True,"Reviewed source IP, asset logs and correlated with previous alerts.",MEDIUM,101,27
CSE-B,ALT-00191,ASSET-073,CRITICAL,Unauthorized Access,2026-04-27 15:34:44,2026-04-27 16:41:35,2026-04-27 16:47:35,2026-04-27 17:20:43,2026-04-27 19:54:41,False,False Positive,True,Analyst reviewed logs and confirmed activity with evidence archived.,CRITICAL,167,147
CSE-A,ALT-00192,ASSET-086,LOW,Suspicious Login,2026-05-04 03:51:56,2026-05-04 04:07:24,2026-05-04 04:16:24,2026-05-04 07:11:24,2026-05-04 14:43:10,False,Escalated to Tier-2,True,Analyst investigation performed; packet capture and EDR evidence attached.,MEDIUM,146,140
CSE-A,ALT-00193,ASSET-022,MEDIUM,Data Exfiltration,2026-05-04 15:34:09,2026-05-04 16:03:01,2026-05-04 16:23:01,2026-05-04 17:05:01,2026-05-05 01:25:55,False,False Positive,True,"Reviewed source IP, asset logs and correlated with previous alerts.",CRITICAL,142,122
CSE-C,ALT-00194,ASSET-012,CRITICAL,Data Exfiltration,2026-05-21 15:52:52,2026-05-21 16:08:57,,,2026-05-21 15:57:20,False,Under Investigation,False,Closed quickly — no notes.,MEDIUM,171,43
CSE-E,ALT-00195,ASSET-085,HIGH,Network Anomaly,2026-03-29 09:55:52,2026-03-29 10:29:46,2026-03-29 10:47:46,2026-03-29 13:31:24,2026-03-29 17:07:31,False,True Positive,True,Alert correlated with threat intel; full timeline documented.,CRITICAL,157,97
CSE-C,ALT-00196,ASSET-016,HIGH,Privilege Escalation,2026-06-29 11:48:31,2026-06-29 11:58:23,,,2026-06-29 15:47:29,False,True Positive,False,N/A,MEDIUM,140,25
CSE-C,ALT-00197,ASSET-095,CRITICAL,Unauthorized Access,2026-01-12 22:56:37,2026-01-12 23:05:26,,,2026-01-13 03:43:34,False,True Positive,False,Closed quickly — no notes.,CRITICAL,197,74
CSE-B,ALT-00198,ASSET-038,MEDIUM,Suspicious Login,2026-02-02 14:29:32,2026-02-02 15:23:58,,,2026-02-02 20:08:15,False,False Positive,False,N/A,HIGH,104,66
CSE-E,ALT-00199,ASSET-015,HIGH,Privilege Escalation,2026-05-22 12:25:13,2026-05-22 13:49:58,2026-05-22 14:01:58,2026-05-22 16:59:06,2026-05-22 22:50:32,False,False Positive,True,"Reviewed source IP, asset logs and correlated with previous alerts.",MEDIUM,192,136
CSE-D,ALT-00200,ASSET-033,MEDIUM,Phishing,2026-04-19 17:50:06,2026-04-19 17:52:30,2026-04-19 18:14:30,2026-04-19 18:57:42,2026-04-20 07:41:20,True,True Positive,True,Investigation completed; evidence recorded and escalated per playbook.,CRITICAL,87,86
CSE-B,ALT-00201,ASSET-089,LOW,Malware,2026-04-02 03:29:39,2026-04-02 04:46:34,2026-04-02 05:07:34,2026-04-02 07:35:58,2026-04-02 14:00:24,False,Benign True Positive,True,"Reviewed source IP, asset logs and correlated with previous alerts.",MEDIUM,167,122
CSE-C,ALT-00202,ASSET-083,LOW,Malware,2026-01-04 12:27:39,2026-01-04 13:24:28,,,2026-01-04 20:48:42,False,Under Investigation,False,Closed quickly — no notes.,HIGH,165,61
CSE-B,ALT-00203,ASSET-033,LOW,Data Exfiltration,2026-03-17 10:16:11,2026-03-17 10:43:58,2026-03-17 10:56:58,2026-03-17 11:12:25,2026-03-17 20:43:14,True,False Positive,True,Investigation completed; evidence recorded and escalated per playbook.,CRITICAL,189,154
CSE-A,ALT-00204,ASSET-054,HIGH,Privilege Escalation,2026-06-02 14:08:31,2026-06-02 14:36:07,2026-06-02 14:39:07,2026-06-02 17:36:40,2026-06-02 18:29:40,True,False Positive,True,"Reviewed source IP, asset logs and correlated with previous alerts.",HIGH,131,100
CSE-B,ALT-00205,ASSET-015,MEDIUM,Privilege Escalation,2026-04-03 17:06:35,2026-04-03 18:34:35,2026-04-03 18:46:35,2026-04-03 20:45:50,2026-04-03 23:13:37,False,False Positive,True,Analyst investigation performed; packet capture and EDR evidence attached.,HIGH,142,82
CSE-C,ALT-00206,ASSET-027,HIGH,Network Anomaly,2026-05-05 12:17:20,2026-05-05 12:50:25,,,2026-05-05 19:45:59,False,Under Investigation,False,,MEDIUM,189,42
CSE-D,ALT-00207,ASSET-033,LOW,Data Exfiltration,2026-05-18 14:51:41,2026-05-18 14:56:28,2026-05-18 14:57:28,2026-05-18 19:08:13,2026-05-18 16:34:33,True,True Positive,True,Investigation completed; evidence recorded and escalated per playbook.,HIGH,153,158
CSE-D,ALT-00208,ASSET-065,MEDIUM,Unauthorized Access,2026-04-21 15:38:43,2026-04-21 15:44:17,2026-04-21 16:08:17,2026-04-21 16:56:05,2026-04-21 17:31:01,False,False Positive,True,Analyst investigation performed; packet capture and EDR evidence attached.,CRITICAL,180,183
CSE-A,ALT-00209,ASSET-094,HIGH,Network Anomaly,2026-04-08 09:31:30,2026-04-08 09:39:04,2026-04-08 10:03:04,2026-04-08 13:38:54,2026-04-08 15:26:44,True,Benign True Positive,True,Analyst investigation performed; packet capture and EDR evidence attached.,HIGH,81,79
CSE-B,ALT-00210,ASSET-033,CRITICAL,Malware,2026-05-27 10:27:19,2026-05-27 10:59:06,2026-05-27 11:23:06,2026-05-27 12:56:19,2026-05-27 20:13:15,True,True Positive,True,Alert correlated with threat intel; full timeline documented.,CRITICAL,83,76
CSE-D,ALT-00211,ASSET-041,MEDIUM,Brute Force,2026-03-16 13:16:06,2026-03-16 13:24:52,2026-03-16 13:35:52,2026-03-16 16:53:00,2026-03-16 16:07:10,False,Escalated to Tier-2,True,"Reviewed source IP, asset logs and correlated with previous alerts.",HIGH,122,118
CSE-E,ALT-00212,ASSET-094,CRITICAL,Privilege Escalation,2026-03-22 05:45:00,2026-03-22 06:30:15,,,2026-03-22 14:21:32,False,True Positive,False,N/A,CRITICAL,184,108
CSE-D,ALT-00213,ASSET-075,MEDIUM,Suspicious Login,2026-06-15 13:47:54,2026-06-15 13:54:51,2026-06-15 14:03:51,2026-06-15 14:58:37,2026-06-15 15:14:45,False,True Positive,True,Analyst reviewed logs and confirmed activity with evidence archived.,HIGH,178,167
CSE-E,ALT-00214,ASSET-051,HIGH,Network Anomaly,2026-06-17 12:29:25,2026-06-17 13:03:22,,,2026-06-17 18:25:30,False,False Positive,False,N/A,HIGH,72,55
CSE-B,ALT-00215,ASSET-067,LOW,Suspicious Login,2026-04-25 11:29:47,2026-04-25 12:36:09,2026-04-25 13:01:09,2026-04-25 15:10:23,2026-04-25 17:36:32,False,Benign True Positive,True,Analyst reviewed logs and confirmed activity with evidence archived.,MEDIUM,162,116
CSE-A,ALT-00216,ASSET-010,CRITICAL,Privilege Escalation,2026-01-27 17:53:40,2026-01-27 18:21:57,2026-01-27 18:30:57,2026-01-27 23:24:33,2026-01-28 01:34:20,False,Under Investigation,True,"Reviewed source IP, asset logs and correlated with previous alerts.",CRITICAL,196,163
CSE-C,ALT-00217,ASSET-047,MEDIUM,Privilege Escalation,2026-05-05 20:37:00,2026-05-05 21:10:56,2026-05-05 21:16:56,2026-05-05 21:26:00,2026-05-06 03:00:13,False,True Positive,True,Analyst investigation performed; packet capture and EDR evidence attached.,HIGH,194,27
CSE-D,ALT-00218,ASSET-066,LOW,Brute Force,2026-05-04 17:10:13,2026-05-04 17:30:23,2026-05-04 17:44:23,2026-05-04 18:10:38,2026-05-04 20:40:59,False,True Positive,True,Analyst reviewed logs and confirmed activity with evidence archived.,CRITICAL,153,123
CSE-C,ALT-00219,ASSET-062,LOW,Unauthorized Access,2026-06-03 21:45:01,2026-06-03 22:42:47,,,2026-06-03 23:46:00,False,Escalated to Tier-2,False,Closed quickly — no notes.,CRITICAL,196,52
CSE-E,ALT-00220,ASSET-026,LOW,Suspicious Login,2026-06-09 13:30:10,2026-06-09 15:07:53,2026-06-09 15:22:53,2026-06-09 18:00:30,2026-06-09 19:28:17,False,True Positive,True,Analyst reviewed logs and confirmed activity with evidence archived.,HIGH,199,141
CSE-E,ALT-00221,ASSET-090,CRITICAL,Network Anomaly,2026-06-07 17:35:48,2026-06-07 17:55:53,2026-06-07 18:00:53,2026-06-07 20:40:27,2026-06-08 01:42:26,False,Under Investigation,True,Analyst reviewed logs and confirmed activity with evidence archived.,CRITICAL,193,148
CSE-C,ALT-00222,ASSET-001,HIGH,Brute Force,2026-04-19 17:08:49,2026-04-19 17:24:47,,,2026-04-19 22:51:43,False,False Positive,False,Closed quickly — no notes.,MEDIUM,191,22
CSE-A,ALT-00223,ASSET-088,MEDIUM,Unauthorized Access,2026-06-17 14:23:26,2026-06-17 14:36:32,2026-06-17 14:57:32,2026-06-17 17:21:48,2026-06-17 22:35:08,False,True Positive,True,Analyst investigation performed; packet capture and EDR evidence attached.,HIGH,106,97
CSE-D,ALT-00224,ASSET-028,HIGH,Network Anomaly,2026-03-06 19:43:22,2026-03-06 20:07:47,2026-03-06 20:29:47,2026-03-06 21:45:34,2026-03-07 04:45:37,False,True Positive,True,"Reviewed source IP, asset logs and correlated with previous alerts.",HIGH,180,162
CSE-E,ALT-00225,ASSET-093,MEDIUM,Malware,2026-02-11 09:05:51,2026-02-11 09:22:43,2026-02-11 09:42:43,2026-02-11 11:38:48,2026-02-11 14:16:57,False,Benign True Positive,True,Analyst reviewed logs and confirmed activity with evidence archived.,HIGH,172,122
CSE-C,ALT-00226,ASSET-067,MEDIUM,Malware,2026-02-14 16:29:00,2026-02-14 16:42:54,,,2026-02-14 19:29:06,False,Under Investigation,False,N/A,MEDIUM,168,24
CSE-C,ALT-00227,ASSET-012,CRITICAL,Malware,2026-02-10 13:42:49,2026-02-10 14:09:11,,,2026-02-10 18:54:11,False,True Positive,False,Closed quickly — no notes.,HIGH,161,82
CSE-C,ALT-00228,ASSET-065,LOW,Phishing,2026-02-27 12:19:29,2026-02-27 13:19:54,,,2026-02-27 15:09:20,False,Under Investigation,False,Closed quickly — no notes.,CRITICAL,104,46
CSE-E,ALT-00229,ASSET-082,LOW,Phishing,2026-06-27 15:26:36,2026-06-27 16:33:25,2026-06-27 16:44:25,2026-06-27 18:47:08,2026-06-27 17:26:55,False,True Positive,True,Alert correlated with threat intel; full timeline documented.,MEDIUM,126,88
CSE-C,ALT-00230,ASSET-028,HIGH,Privilege Escalation,2026-05-13 13:29:15,2026-05-13 13:48:20,2026-05-13 14:12:20,2026-05-13 14:40:41,2026-05-13 18:52:19,False,False Positive,True,Analyst reviewed logs and confirmed activity with evidence archived.,MEDIUM,124,27
CSE-B,ALT-00231,ASSET-011,MEDIUM,Data Exfiltration,2026-03-02 13:31:13,2026-03-02 14:05:25,,,2026-03-02 20:39:34,False,True Positive,False,N/A,MEDIUM,196,158
CSE-A,ALT-00232,ASSET-070,LOW,Privilege Escalation,2026-06-08 13:41:31,2026-06-08 13:49:19,2026-06-08 13:58:19,2026-06-08 17:36:33,2026-06-08 16:45:22,False,False Positive,True,Analyst investigation performed; packet capture and EDR evidence attached.,CRITICAL,124,115
CSE-B,ALT-00233,ASSET-034,MEDIUM,Brute Force,2026-06-28 14:23:44,2026-06-28 14:29:44,2026-06-28 14:42:44,2026-06-28 17:15:50,2026-06-28 21:10:23,False,True Positive,True,Investigation completed; evidence recorded and escalated per playbook.,CRITICAL,190,177
CSE-C,ALT-00234,ASSET-072,CRITICAL,Unauthorized Access,2026-02-23 15:21:23,2026-02-23 16:16:48,2026-02-23 16:22:48,2026-02-23 16:42:56,2026-02-23 23:32:54,False,Escalated to Tier-2,True,Analyst investigation performed; packet capture and EDR evidence attached.,CRITICAL,108,46
CSE-D,ALT-00235,ASSET-028,LOW,Suspicious Login,2026-04-18 17:49:34,2026-04-18 18:14:54,2026-04-18 18:24:54,2026-04-18 20:48:29,2026-04-18 20:03:19,True,True Positive,True,Analyst investigation performed; packet capture and EDR evidence attached.,MEDIUM,140,142
CSE-D,ALT-00236,ASSET-037,LOW,Phishing,2026-04-03 13:23:22,2026-04-03 13:25:48,2026-04-03 13:47:48,2026-04-03 15:44:24,2026-04-04 01:31:29,False,Escalated to Tier-2,True,Analyst investigation performed; packet capture and EDR evidence attached.,HIGH,166,158
CSE-A,ALT-00237,ASSET-021,MEDIUM,Phishing,2026-04-29 11:28:55,2026-04-29 11:36:35,2026-04-29 11:47:35,2026-04-29 15:38:15,2026-04-29 22:07:00,False,True Positive,True,Analyst investigation performed; packet capture and EDR evidence attached.,HIGH,120,102
CSE-C,ALT-00238,ASSET-031,MEDIUM,Unauthorized Access,2026-03-11 12:23:47,2026-03-11 13:02:20,,,2026-03-11 14:47:31,False,True Positive,False,Closed quickly — no notes.,MEDIUM,185,72
CSE-B,ALT-00239,ASSET-040,HIGH,Brute Force,2026-01-25 17:04:35,2026-01-25 17:15:36,2026-01-25 17:32:36,2026-01-25 17:58:42,2026-01-25 20:24:41,False,Under Investigation,True,Investigation completed; evidence recorded and escalated per playbook.,CRITICAL,142,100
CSE-B,ALT-00240,ASSET-059,MEDIUM,Suspicious Login,2026-01-08 15:05:55,2026-01-08 15:52:50,2026-01-08 16:10:50,2026-01-08 17:25:25,2026-01-08 18:41:34,False,False Positive,True,Alert correlated with threat intel; full timeline documented.,HIGH,181,142
CSE-E,ALT-00241,ASSET-037,HIGH,Privilege Escalation,2026-05-04 10:31:28,2026-05-04 11:15:51,2026-05-04 11:20:51,2026-05-04 12:42:51,2026-05-04 20:36:43,False,True Positive,True,Analyst reviewed logs and confirmed activity with evidence archived.,HIGH,72,54
CSE-D,ALT-00242,ASSET-049,HIGH,Unauthorized Access,2026-03-16 09:07:35,2026-03-16 09:20:47,2026-03-16 09:38:47,2026-03-16 13:37:12,2026-03-16 13:08:32,False,False Positive,True,"Reviewed source IP, asset logs and correlated with previous alerts.",CRITICAL,90,80
CSE-E,ALT-00243,ASSET-042,LOW,Phishing,2026-03-14 13:35:26,2026-03-14 14:05:20,2026-03-14 14:10:20,2026-03-14 15:29:27,2026-03-14 22:13:37,False,False Positive,True,Alert correlated with threat intel; full timeline documented.,CRITICAL,82,63
CSE-B,ALT-00244,ASSET-048,LOW,Phishing,2026-03-10 16:28:46,2026-03-10 16:35:00,2026-03-10 16:36:00,2026-03-10 18:47:13,2026-03-11 00:15:19,False,False Positive,True,Investigation completed; evidence recorded and escalated per playbook.,HIGH,78,50
CSE-A,ALT-00245,ASSET-005,HIGH,Unauthorized Access,2026-01-19 12:05:12,2026-01-19 12:36:05,2026-01-19 12:49:05,2026-01-19 13:10:12,2026-01-19 19:55:54,False,True Positive,True,"Reviewed source IP, asset logs and correlated with previous alerts.",CRITICAL,174,180
CSE-B,ALT-00246,ASSET-015,MEDIUM,Phishing,2026-03-24 09:43:47,2026-03-24 10:59:20,2026-03-24 11:15:20,2026-03-24 14:03:39,2026-03-24 17:39:16,True,Benign True Positive,True,"Reviewed source IP, asset logs and correlated with previous alerts.",CRITICAL,181,120
CSE-C,ALT-00247,ASSET-064,HIGH,Unauthorized Access,2026-03-04 09:43:37,2026-03-04 10:35:21,,,2026-03-04 12:14:44,False,False Positive,False,N/A,CRITICAL,169,47
CSE-A,ALT-00248,ASSET-033,CRITICAL,Suspicious Login,2026-06-29 10:49:08,2026-06-29 11:06:22,2026-06-29 11:24:22,2026-06-29 14:37:13,2026-06-29 12:13:06,False,Benign True Positive,True,Alert correlated with threat intel; full timeline documented.,CRITICAL,136,131
CSE-D,ALT-00249,ASSET-059,HIGH,Suspicious Login,2026-05-20 16:59:17,2026-05-20 17:21:15,2026-05-20 17:27:15,2026-05-20 18:17:48,2026-05-21 02:01:33,False,False Positive,True,"Reviewed source IP, asset logs and correlated with previous alerts.",CRITICAL,161,148
CSE-A,ALT-00250,ASSET-042,MEDIUM,Privilege Escalation,2026-06-08 10:04:42,2026-06-08 10:24:34,2026-06-08 10:41:34,2026-06-08 15:11:23,2026-06-08 13:47:13,False,False Positive,True,Analyst investigation performed; packet capture and EDR evidence attached.,CRITICAL,146,138
CSE-B,ALT-00251,ASSET-010,HIGH,Malware,2026-02-21 12:16:06,2026-02-21 12:25:42,2026-02-21 12:38:42,2026-02-21 15:32:13,2026-02-21 17:17:45,False,Benign True Positive,True,Analyst investigation performed; packet capture and EDR evidence attached.,CRITICAL,123,95
CSE-D,ALT-00252,ASSET-028,LOW,Malware,2026-04-03 16:05:52,2026-04-03 16:19:42,2026-04-03 16:39:42,2026-04-03 19:11:15,2026-04-04 05:50:46,False,True Positive,True,Analyst reviewed logs and confirmed activity with evidence archived.,MEDIUM,92,72
CSE-E,ALT-00253,ASSET-022,HIGH,Data Exfiltration,2026-05-15 12:03:35,2026-05-15 13:44:10,2026-05-15 13:48:10,2026-05-15 16:36:46,2026-05-15 21:58:54,False,Under Investigation,True,Investigation completed; evidence recorded and escalated per playbook.,MEDIUM,172,117
CSE-B,ALT-00254,ASSET-096,MEDIUM,Network Anomaly,2026-04-01 18:46:20,2026-04-01 19:38:46,2026-04-01 19:52:46,2026-04-01 21:20:24,2026-04-02 05:26:59,False,False Positive,True,"Reviewed source IP, asset logs and correlated with previous alerts.",CRITICAL,185,135
CSE-A,ALT-00255,ASSET-036,LOW,Phishing,2026-06-02 11:18:56,2026-06-02 11:29:56,2026-06-02 11:37:56,2026-06-02 13:42:50,2026-06-02 12:37:45,False,Benign True Positive,True,Investigation completed; evidence recorded and escalated per playbook.,MEDIUM,145,140
CSE-B,ALT-00256,ASSET-062,CRITICAL,Network Anomaly,2026-04-02 13:31:23,2026-04-02 14:50:38,2026-04-02 15:00:38,2026-04-02 15:29:14,2026-04-02 19:03:24,True,False Positive,True,Alert correlated with threat intel; full timeline documented.,CRITICAL,94,73
CSE-A,ALT-00257,ASSET-040,LOW,Unauthorized Access,2026-01-21 11:24:22,2026-01-21 11:55:14,2026-01-21 11:59:14,2026-01-21 14:11:01,2026-01-21 12:51:54,False,False Positive,True,Analyst investigation performed; packet capture and EDR evidence attached.,HIGH,120,109
CSE-C,ALT-00258,ASSET-017,HIGH,Data Exfiltration,2026-02-09 15:42:28,2026-02-09 16:32:06,,,2026-02-09 18:45:33,False,Benign True Positive,False,,HIGH,150,48
CSE-E,ALT-00259,ASSET-032,HIGH,Brute Force,2026-04-13 11:13:48,2026-04-13 11:36:18,2026-04-13 11:52:18,2026-04-13 13:38:59,2026-04-13 15:21:53,False,Under Investigation,True,Analyst investigation performed; packet capture and EDR evidence attached.,CRITICAL,138,104
CSE-E,ALT-00260,ASSET-030,CRITICAL,Unauthorized Access,2026-04-19 12:15:20,2026-04-19 13:04:58,2026-04-19 13:29:58,2026-04-19 14:53:08,2026-04-19 21:02:37,True,True Positive,True,Investigation completed; evidence recorded and escalated per playbook.,CRITICAL,91,40
CSE-B,ALT-00261,ASSET-080,LOW,Suspicious Login,2026-03-15 10:53:19,2026-03-15 11:55:49,2026-03-15 12:02:49,2026-03-15 14:25:02,2026-03-15 21:45:22,False,False Positive,True,"Reviewed source IP, asset logs and correlated with previous alerts.",MEDIUM,106,92
CSE-A,ALT-00262,ASSET-085,MEDIUM,Malware,2026-03-07 13:50:12,2026-03-07 14:17:56,2026-03-07 14:19:56,2026-03-07 18:33:37,2026-03-07 16:11:20,False,Benign True Positive,True,Analyst reviewed logs and confirmed activity with evidence archived.,HIGH,93,75
CSE-D,ALT-00263,ASSET-006,HIGH,Unauthorized Access,2026-05-11 03:23:57,2026-05-11 03:36:28,2026-05-11 03:54:28,2026-05-11 04:54:39,2026-05-11 13:08:57,False,Benign True Positive,True,"Reviewed source IP, asset logs and correlated with previous alerts.",CRITICAL,147,131
CSE-D,ALT-00264,ASSET-050,LOW,Malware,2026-03-30 15:03:40,2026-03-30 15:14:55,,,2026-03-30 20:57:46,True,True Positive,False,N/A,MEDIUM,184,204
CSE-C,ALT-00265,ASSET-055,CRITICAL,Privilege Escalation,2026-04-11 10:29:46,2026-04-11 10:55:19,,,2026-04-11 17:06:33,False,Under Investigation,False,N/A,MEDIUM,132,36
CSE-B,ALT-00266,ASSET-093,MEDIUM,Data Exfiltration,2026-02-05 17:56:58,2026-02-05 18:19:25,,,2026-02-05 21:30:45,True,False Positive,False,,CRITICAL,151,130
CSE-A,ALT-00267,ASSET-077,LOW,Unauthorized Access,2026-04-16 13:40:09,2026-04-16 14:06:21,2026-04-16 14:12:21,2026-04-16 14:41:09,2026-04-17 01:22:38,False,Benign True Positive,True,Analyst investigation performed; packet capture and EDR evidence attached.,CRITICAL,167,122
CSE-D,ALT-00268,ASSET-026,HIGH,Network Anomaly,2026-06-16 15:36:31,2026-06-16 15:53:39,2026-06-16 16:01:39,2026-06-16 16:33:05,2026-06-16 21:30:05,True,Benign True Positive,True,Analyst reviewed logs and confirmed activity with evidence archived.,MEDIUM,88,75
CSE-E,ALT-00269,ASSET-005,MEDIUM,Privilege Escalation,2026-04-28 14:35:25,2026-04-28 16:19:27,2026-04-28 16:32:27,2026-04-28 17:57:52,2026-04-29 01:54:00,False,Under Investigation,True,Analyst investigation performed; packet capture and EDR evidence attached.,HIGH,185,112
CSE-B,ALT-00270,ASSET-007,MEDIUM,Unauthorized Access,2026-01-11 17:48:48,2026-01-11 19:13:51,2026-01-11 19:28:51,2026-01-11 21:15:47,2026-01-12 00:36:20,False,True Positive,True,Investigation completed; evidence recorded and escalated per playbook.,MEDIUM,106,82
CSE-D,ALT-00271,ASSET-059,HIGH,Brute Force,2026-02-16 23:45:34,2026-02-16 23:51:59,2026-02-17 00:06:59,2026-02-17 00:34:10,2026-02-17 10:56:56,False,True Positive,True,Alert correlated with threat intel; full timeline documented.,CRITICAL,121,118
CSE-A,ALT-00272,ASSET-020,CRITICAL,Network Anomaly,2026-06-12 17:56:45,2026-06-12 18:11:31,2026-06-12 18:28:31,2026-06-12 20:04:55,2026-06-12 21:51:29,True,Under Investigation,True,Analyst investigation performed; packet capture and EDR evidence attached.,CRITICAL,178,178
CSE-C,ALT-00273,ASSET-078,HIGH,Network Anomaly,2026-03-15 11:00:57,2026-03-15 11:10:09,2026-03-15 11:35:09,2026-03-15 11:45:09,2026-03-15 15:45:03,False,Escalated to Tier-2,True,Alert correlated with threat intel; full timeline documented.,MEDIUM,120,28
CSE-D,ALT-00274,ASSET-005,MEDIUM,Network Anomaly,2026-01-21 09:06:15,2026-01-21 09:25:32,2026-01-21 09:43:32,2026-01-21 11:44:35,2026-01-21 12:56:35,False,True Positive,True,"Reviewed source IP, asset logs and correlated with previous alerts.",MEDIUM,187,181
CSE-A,ALT-00275,ASSET-049,CRITICAL,Unauthorized Access,2026-02-15 13:51:39,2026-02-15 14:15:23,2026-02-15 14:34:23,2026-02-15 16:19:52,2026-02-15 15:36:28,False,True Positive,True,Analyst investigation performed; packet capture and EDR evidence attached.,MEDIUM,187,175
CSE-D,ALT-00276,ASSET-091,HIGH,Phishing,2026-03-26 17:57:13,2026-03-26 18:21:26,2026-03-26 18:25:26,2026-03-26 23:10:31,2026-03-27 07:43:10,False,Under Investigation,True,Alert correlated with threat intel; full timeline documented.,CRITICAL,157,164
CSE-E,ALT-00277,ASSET-016,MEDIUM,Privilege Escalation,2026-02-03 17:28:33,2026-02-03 19:07:13,2026-02-03 19:13:13,2026-02-03 21:54:27,2026-02-03 22:50:13,False,False Positive,True,Investigation completed; evidence recorded and escalated per playbook.,MEDIUM,123,95
CSE-D,ALT-00278,ASSET-044,CRITICAL,Privilege Escalation,2026-05-24 07:14:00,2026-05-24 07:36:12,2026-05-24 07:45:12,2026-05-24 08:34:31,2026-05-24 14:08:01,True,Benign True Positive,True,Investigation completed; evidence recorded and escalated per playbook.,HIGH,83,84
CSE-C,ALT-00279,ASSET-096,MEDIUM,Network Anomaly,2026-05-02 22:02:08,2026-05-02 22:33:17,,,2026-05-03 06:31:38,False,Escalated to Tier-2,False,N/A,CRITICAL,156,41
CSE-C,ALT-00280,ASSET-049,HIGH,Malware,2026-02-23 14:39:51,2026-02-23 15:39:47,,,2026-02-23 17:16:04,False,False Positive,False,,HIGH,197,38
CSE-D,ALT-00281,ASSET-048,HIGH,Brute Force,2026-03-20 14:22:45,2026-03-20 14:26:02,2026-03-20 14:42:02,2026-03-20 16:58:25,2026-03-20 20:35:15,False,True Positive,True,Alert correlated with threat intel; full timeline documented.,MEDIUM,179,147
CSE-D,ALT-00282,ASSET-005,MEDIUM,Network Anomaly,2026-05-09 14:48:59,2026-05-09 15:06:45,2026-05-09 15:16:45,2026-05-09 18:18:54,2026-05-10 00:55:28,False,True Positive,True,Analyst reviewed logs and confirmed activity with evidence archived.,HIGH,171,176
CSE-A,ALT-00283,ASSET-025,HIGH,Malware,2026-06-25 02:58:21,2026-06-25 03:15:17,2026-06-25 03:32:17,2026-06-25 06:26:18,2026-06-25 09:19:57,False,True Positive,True,Analyst investigation performed; packet capture and EDR evidence attached.,CRITICAL,148,129
CSE-A,ALT-00284,ASSET-044,HIGH,Suspicious Login,2026-03-12 17:46:06,2026-03-12 17:54:40,2026-03-12 18:05:40,2026-03-12 20:38:49,2026-03-13 04:26:55,True,True Positive,True,Investigation completed; evidence recorded and escalated per playbook.,HIGH,86,70
CSE-A,ALT-00285,ASSET-086,HIGH,Malware,2026-01-23 12:03:45,2026-01-23 12:25:42,2026-01-23 12:48:42,2026-01-23 16:52:21,2026-01-23 18:30:03,False,Benign True Positive,True,Investigation completed; evidence recorded and escalated per playbook.,MEDIUM,90,100
CSE-E,ALT-00286,ASSET-063,CRITICAL,Network Anomaly,2026-01-25 16:56:30,2026-01-25 17:30:44,2026-01-25 17:50:44,2026-01-25 19:02:42,2026-01-25 23:34:34,False,False Positive,True,Investigation completed; evidence recorded and escalated per playbook.,CRITICAL,159,98
CSE-C,ALT-00287,ASSET-021,MEDIUM,Suspicious Login,2026-05-11 10:49:20,2026-05-11 11:26:01,2026-05-11 11:36:01,2026-05-11 11:55:30,2026-05-11 16:48:27,False,False Positive,True,Alert correlated with threat intel; full timeline documented.,MEDIUM,139,16
CSE-E,ALT-00288,ASSET-013,MEDIUM,Unauthorized Access,2026-05-26 18:35:44,2026-05-26 19:10:55,2026-05-26 19:13:55,2026-05-26 21:45:48,2026-05-26 21:33:32,False,False Positive,True,Alert correlated with threat intel; full timeline documented.,MEDIUM,115,66
CSE-A,ALT-00289,ASSET-074,MEDIUM,Unauthorized Access,2026-03-25 10:02:05,2026-03-25 10:10:57,2026-03-25 10:29:57,2026-03-25 10:45:45,2026-03-25 13:28:25,False,False Positive,True,"Reviewed source IP, asset logs and correlated with previous alerts.",HIGH,106,104
CSE-C,ALT-00290,ASSET-048,HIGH,Phishing,2026-04-22 14:52:05,2026-04-22 15:30:05,,,2026-04-22 19:16:59,False,False Positive,False,N/A,MEDIUM,96,12
CSE-C,ALT-00291,ASSET-047,CRITICAL,Phishing,2026-01-08 15:43:40,2026-01-08 16:05:25,2026-01-08 16:18:25,2026-01-08 16:33:59,2026-01-08 20:28:33,False,Benign True Positive,True,"Reviewed source IP, asset logs and correlated with previous alerts.",CRITICAL,175,22
CSE-A,ALT-00292,ASSET-050,MEDIUM,Suspicious Login,2026-05-05 11:19:05,2026-05-05 11:25:46,2026-05-05 11:40:46,2026-05-05 15:33:25,2026-05-05 19:56:18,False,Under Investigation,True,"Reviewed source IP, asset logs and correlated with previous alerts.",HIGH,103,87
CSE-E,ALT-00293,ASSET-097,MEDIUM,Data Exfiltration,2026-05-09 15:15:02,2026-05-09 15:24:38,2026-05-09 15:36:38,2026-05-09 16:10:15,2026-05-09 17:10:47,False,False Positive,True,Alert correlated with threat intel; full timeline documented.,MEDIUM,189,127
CSE-E,ALT-00294,ASSET-066,CRITICAL,Network Anomaly,2026-06-11 10:19:43,2026-06-11 11:46:17,,,2026-06-11 18:02:51,False,False Positive,False,Closed quickly — no notes.,MEDIUM,154,94
CSE-C,ALT-00295,ASSET-002,CRITICAL,Phishing,2026-05-25 17:04:37,2026-05-25 17:16:13,,,2026-05-25 17:08:42,False,False Positive,False,,MEDIUM,165,76
CSE-D,ALT-00296,ASSET-097,MEDIUM,Suspicious Login,2026-03-08 08:03:31,2026-03-08 08:11:22,2026-03-08 08:13:22,2026-03-08 11:23:27,2026-03-08 19:21:21,False,Under Investigation,True,"Reviewed source IP, asset logs and correlated with previous alerts.",MEDIUM,178,165
CSE-D,ALT-00297,ASSET-097,LOW,Suspicious Login,2026-02-23 14:53:03,2026-02-23 15:15:19,2026-02-23 15:19:19,2026-02-23 16:00:29,2026-02-23 23:03:49,False,Benign True Positive,True,Alert correlated with threat intel; full timeline documented.,MEDIUM,109,99
CSE-D,ALT-00298,ASSET-056,HIGH,Unauthorized Access,2026-01-04 16:39:24,2026-01-04 17:02:44,,,2026-01-04 18:44:50,False,Benign True Positive,False,N/A,HIGH,163,171
CSE-C,ALT-00299,ASSET-024,CRITICAL,Brute Force,2026-03-07 15:40:29,2026-03-07 16:31:12,,,2026-03-07 23:25:24,False,Under Investigation,False,N/A,CRITICAL,91,38
CSE-D,ALT-00300,ASSET-082,HIGH,Brute Force,2026-06-25 12:44:46,2026-06-25 12:56:02,2026-06-25 12:57:02,2026-06-25 13:59:05,2026-06-26 01:08:59,False,Escalated to Tier-2,True,Analyst investigation performed; packet capture and EDR evidence attached.,CRITICAL,95,80
CSE-B,ALT-00301,ASSET-089,HIGH,Suspicious Login,2026-01-29 13:19:18,2026-01-29 14:24:00,,,2026-01-29 22:38:59,False,Under Investigation,False,N/A,MEDIUM,152,95
CSE-C,ALT-00302,ASSET-019,MEDIUM,Unauthorized Access,2026-04-10 10:01:16,2026-04-10 10:54:32,2026-04-10 10:57:32,2026-04-10 11:15:31,2026-04-10 16:26:57,False,Under Investigation,True,"Reviewed source IP, asset logs and correlated with previous alerts.",HIGH,145,33
CSE-A,ALT-00303,ASSET-043,LOW,Phishing,2026-01-27 10:12:36,2026-01-27 10:37:52,2026-01-27 10:38:52,2026-01-27 15:08:01,2026-01-27 12:01:34,False,True Positive,True,Analyst reviewed logs and confirmed activity with evidence archived.,MEDIUM,153,116
CSE-D,ALT-00304,ASSET-012,MEDIUM,Brute Force,2026-05-19 15:33:44,2026-05-19 15:50:51,2026-05-19 16:02:51,2026-05-19 19:08:34,2026-05-19 23:40:54,False,Escalated to Tier-2,True,Investigation completed; evidence recorded and escalated per playbook.,HIGH,189,201
CSE-D,ALT-00305,ASSET-025,LOW,Phishing,2026-06-15 09:40:24,2026-06-15 10:03:36,2026-06-15 10:16:36,2026-06-15 11:26:16,2026-06-15 19:21:41,False,False Positive,True,Investigation completed; evidence recorded and escalated per playbook.,CRITICAL,104,85
CSE-B,ALT-00306,ASSET-067,MEDIUM,Brute Force,2026-05-19 17:31:34,2026-05-19 18:33:35,2026-05-19 18:35:35,2026-05-19 20:07:25,2026-05-20 01:58:42,False,Benign True Positive,True,Analyst reviewed logs and confirmed activity with evidence archived.,HIGH,108,89
CSE-A,ALT-00307,ASSET-022,CRITICAL,Suspicious Login,2026-05-06 17:02:58,2026-05-06 17:24:00,2026-05-06 17:45:00,2026-05-06 19:06:00,2026-05-06 23:23:52,False,False Positive,True,"Reviewed source IP, asset logs and correlated with previous alerts.",CRITICAL,184,146
CSE-E,ALT-00308,ASSET-070,LOW,Data Exfiltration,2026-01-17 14:32:21,2026-01-17 16:21:14,,,2026-01-17 23:37:34,False,Benign True Positive,False,N/A,CRITICAL,124,97
CSE-B,ALT-00309,ASSET-100,HIGH,Brute Force,2026-03-12 16:05:10,2026-03-12 16:57:45,2026-03-12 17:05:45,2026-03-12 19:38:47,2026-03-12 19:10:35,False,Benign True Positive,True,"Reviewed source IP, asset logs and correlated with previous alerts.",CRITICAL,194,107
CSE-B,ALT-00310,ASSET-024,LOW,Phishing,2026-04-17 17:07:44,2026-04-17 17:28:57,2026-04-17 17:37:57,2026-04-17 19:56:25,2026-04-17 22:03:08,False,True Positive,True,Alert correlated with threat intel; full timeline documented.,MEDIUM,92,72
CSE-C,ALT-00311,ASSET-027,HIGH,Data Exfiltration,2026-02-19 10:37:39,2026-02-19 11:02:34,,,2026-02-19 15:41:48,False,Under Investigation,False,N/A,CRITICAL,114,14
CSE-D,ALT-00312,ASSET-023,MEDIUM,Suspicious Login,2026-06-21 01:50:41,2026-06-21 02:03:59,2026-06-21 02:12:59,2026-06-21 05:19:38,2026-06-21 03:48:05,False,Escalated to Tier-2,True,Alert correlated with threat intel; full timeline documented.,CRITICAL,83,73
CSE-A,ALT-00313,ASSET-049,LOW,Network Anomaly,2026-06-01 16:09:12,2026-06-01 16:34:55,2026-06-01 16:42:55,2026-06-01 17:54:15,2026-06-01 19:00:10,False,Under Investigation,True,"Reviewed source IP, asset logs and correlated with previous alerts.",MEDIUM,89,83
CSE-A,ALT-00314,ASSET-073,LOW,Suspicious Login,2026-02-25 15:31:11,2026-02-25 15:45:34,2026-02-25 16:09:34,2026-02-25 18:04:14,2026-02-25 21:06:46,False,True Positive,True,Investigation completed; evidence recorded and escalated per playbook.,CRITICAL,97,78
CSE-D,ALT-00315,ASSET-028,MEDIUM,Privilege Escalation,2026-02-26 20:36:10,2026-02-26 20:58:49,2026-02-26 21:17:49,2026-02-27 02:16:43,2026-02-26 23:27:15,False,False Positive,True,"Reviewed source IP, asset logs and correlated with previous alerts.",HIGH,187,168
CSE-D,ALT-00316,ASSET-068,LOW,Data Exfiltration,2026-03-05 12:47:57,2026-03-05 13:08:06,2026-03-05 13:09:06,2026-03-05 16:57:08,2026-03-05 22:09:52,False,True Positive,True,Analyst reviewed logs and confirmed activity with evidence archived.,HIGH,183,185
CSE-D,ALT-00317,ASSET-059,MEDIUM,Brute Force,2026-05-23 23:39:46,2026-05-23 23:54:59,2026-05-24 00:04:59,2026-05-24 02:22:40,2026-05-24 01:11:29,False,True Positive,True,Analyst reviewed logs and confirmed activity with evidence archived.,MEDIUM,175,171
CSE-D,ALT-00318,ASSET-090,LOW,Unauthorized Access,2026-02-17 12:38:40,2026-02-17 12:55:25,2026-02-17 13:16:25,2026-02-17 14:07:49,2026-02-17 22:58:27,False,Under Investigation,True,Investigation completed; evidence recorded and escalated per playbook.,MEDIUM,149,141
CSE-A,ALT-00319,ASSET-091,MEDIUM,Privilege Escalation,2026-01-15 15:12:56,2026-01-15 15:16:03,2026-01-15 15:31:03,2026-01-15 16:06:26,2026-01-15 19:00:44,False,True Positive,True,Investigation completed; evidence recorded and escalated per playbook.,MEDIUM,97,104
CSE-E,ALT-00320,ASSET-009,CRITICAL,Network Anomaly,2026-05-29 23:59:13,2026-05-30 01:41:00,,,2026-05-30 06:39:32,False,False Positive,False,Closed quickly — no notes.,CRITICAL,198,126
CSE-D,ALT-00321,ASSET-020,LOW,Phishing,2026-04-26 10:07:12,2026-04-26 10:23:17,2026-04-26 10:29:17,2026-04-26 13:11:21,2026-04-26 14:11:34,True,True Positive,True,Analyst reviewed logs and confirmed activity with evidence archived.,MEDIUM,146,153
CSE-C,ALT-00322,ASSET-044,HIGH,Suspicious Login,2026-05-02 16:34:47,2026-05-02 17:16:48,2026-05-02 17:19:48,2026-05-02 17:22:43,2026-05-03 00:44:21,False,Benign True Positive,True,"Reviewed source IP, asset logs and correlated with previous alerts.",MEDIUM,190,50
CSE-E,ALT-00323,ASSET-037,LOW,Network Anomaly,2026-04-28 11:15:57,2026-04-28 13:02:16,2026-04-28 13:11:16,2026-04-28 14:14:46,2026-04-28 18:23:05,False,True Positive,True,Investigation completed; evidence recorded and escalated per playbook.,HIGH,112,75
CSE-E,ALT-00324,ASSET-005,HIGH,Suspicious Login,2026-06-27 05:14:10,2026-06-27 05:49:17,2026-06-27 06:00:17,2026-06-27 08:32:25,2026-06-27 10:40:40,False,Benign True Positive,True,Alert correlated with threat intel; full timeline documented.,MEDIUM,158,82
CSE-E,ALT-00325,ASSET-061,LOW,Phishing,2026-02-01 13:48:59,2026-02-01 14:57:48,2026-02-01 15:12:48,2026-02-01 16:38:57,2026-02-02 00:42:20,False,Under Investigation,True,Analyst reviewed logs and confirmed activity with evidence archived.,MEDIUM,107,84
CSE-C,ALT-00326,ASSET-083,MEDIUM,Network Anomaly,2026-01-11 10:59:19,2026-01-11 11:01:44,,,2026-01-11 15:10:06,False,True Positive,False,,CRITICAL,157,30
CSE-B,ALT-00327,ASSET-048,CRITICAL,Network Anomaly,2026-06-23 10:29:32,2026-06-23 11:24:44,2026-06-23 11:44:44,2026-06-23 14:24:16,2026-06-23 18:04:09,True,Under Investigation,True,Analyst reviewed logs and confirmed activity with evidence archived.,CRITICAL,158,111
CSE-E,ALT-00328,ASSET-019,CRITICAL,Network Anomaly,2026-04-17 09:51:10,2026-04-17 11:39:56,,,2026-04-17 19:09:04,False,Benign True Positive,False,Closed quickly — no notes.,CRITICAL,155,77
CSE-D,ALT-00329,ASSET-039,CRITICAL,Unauthorized Access,2026-06-13 14:08:11,2026-06-13 14:27:40,2026-06-13 14:52:40,2026-06-13 16:17:52,2026-06-13 20:24:15,False,Under Investigation,True,"Reviewed source IP, asset logs and correlated with previous alerts.",CRITICAL,151,151
CSE-A,ALT-00330,ASSET-009,LOW,Suspicious Login,2026-03-09 17:03:07,2026-03-09 17:25:49,2026-03-09 17:39:49,2026-03-09 19:26:20,2026-03-09 18:39:56,False,False Positive,True,"Reviewed source IP, asset logs and correlated with previous alerts.",HIGH,126,124
CSE-D,ALT-00331,ASSET-046,LOW,Network Anomaly,2026-06-27 12:44:32,2026-06-27 13:10:08,2026-06-27 13:19:08,2026-06-27 14:57:45,2026-06-27 16:39:28,False,Benign True Positive,True,Analyst reviewed logs and confirmed activity with evidence archived.,CRITICAL,114,107
CSE-C,ALT-00332,ASSET-088,CRITICAL,Phishing,2026-05-16 10:18:32,2026-05-16 10:32:21,,,2026-05-16 12:17:55,False,False Positive,False,,CRITICAL,179,69
CSE-E,ALT-00333,ASSET-072,MEDIUM,Suspicious Login,2026-01-04 13:48:23,2026-01-04 15:32:54,2026-01-04 15:38:54,2026-01-04 16:10:07,2026-01-05 00:33:08,False,Under Investigation,True,"Reviewed source IP, asset logs and correlated with previous alerts.",HIGH,99,57
CSE-A,ALT-00334,ASSET-016,LOW,Malware,2026-05-03 15:11:08,2026-05-03 15:39:36,2026-05-03 15:59:36,2026-05-03 20:42:24,2026-05-03 19:21:21,False,Benign True Positive,True,Investigation completed; evidence recorded and escalated per playbook.,CRITICAL,189,185
CSE-C,ALT-00335,ASSET-039,CRITICAL,Suspicious Login,2026-01-21 10:54:04,2026-01-21 10:56:53,,,2026-01-21 10:55:06,False,Under Investigation,False,Closed quickly — no notes.,MEDIUM,190,33
CSE-B,ALT-00336,ASSET-031,MEDIUM,Data Exfiltration,2026-02-17 09:29:05,2026-02-17 09:52:59,2026-02-17 10:01:59,2026-02-17 12:35:21,2026-02-17 13:07:53,False,Benign True Positive,True,Investigation completed; evidence recorded and escalated per playbook.,HIGH,87,55
CSE-A,ALT-00337,ASSET-046,MEDIUM,Data Exfiltration,2026-03-14 09:04:46,2026-03-14 09:10:45,2026-03-14 09:27:45,2026-03-14 13:46:08,2026-03-14 13:05:13,False,True Positive,True,Analyst investigation performed; packet capture and EDR evidence attached.,MEDIUM,134,108
CSE-D,ALT-00338,ASSET-059,HIGH,Privilege Escalation,2026-02-01 17:52:08,2026-02-01 18:09:56,2026-02-01 18:19:56,2026-02-01 23:20:42,2026-02-01 20:34:16,False,False Positive,True,Analyst reviewed logs and confirmed activity with evidence archived.,HIGH,119,120
CSE-B,ALT-00339,ASSET-016,MEDIUM,Phishing,2026-04-20 10:11:57,2026-04-20 11:17:40,2026-04-20 11:18:40,2026-04-20 14:16:11,2026-04-20 18:33:08,False,Benign True Positive,True,Analyst reviewed logs and confirmed activity with evidence archived.,CRITICAL,172,138
CSE-B,ALT-00340,ASSET-052,CRITICAL,Data Exfiltration,2026-03-28 15:53:07,2026-03-28 16:28:00,2026-03-28 16:44:00,2026-03-28 18:00:48,2026-03-28 23:47:22,False,Benign True Positive,True,Analyst investigation performed; packet capture and EDR evidence attached.,CRITICAL,107,87
CSE-A,ALT-00341,ASSET-039,HIGH,Network Anomaly,2026-03-01 11:17:01,2026-03-01 11:22:48,2026-03-01 11:25:48,2026-03-01 15:56:31,2026-03-01 15:11:12,False,True Positive,True,Analyst reviewed logs and confirmed activity with evidence archived.,HIGH,92,98
CSE-E,ALT-00342,ASSET-041,LOW,Network Anomaly,2026-02-21 17:29:31,2026-02-21 18:38:47,2026-02-21 18:56:47,2026-02-21 21:20:48,2026-02-22 02:24:43,False,False Positive,True,Analyst reviewed logs and confirmed activity with evidence archived.,MEDIUM,183,110
CSE-B,ALT-00343,ASSET-072,MEDIUM,Phishing,2026-06-30 16:21:08,2026-06-30 17:05:53,2026-06-30 17:30:53,2026-06-30 18:04:29,2026-07-01 03:03:36,False,False Positive,True,Alert correlated with threat intel; full timeline documented.,MEDIUM,199,112
CSE-D,ALT-00344,ASSET-013,MEDIUM,Unauthorized Access,2026-06-07 13:51:20,2026-06-07 13:54:21,2026-06-07 13:59:21,2026-06-07 17:21:43,2026-06-07 15:22:09,False,True Positive,True,Analyst investigation performed; packet capture and EDR evidence attached.,HIGH,125,108
CSE-B,ALT-00345,ASSET-054,HIGH,Phishing,2026-06-01 10:07:55,2026-06-01 10:52:02,2026-06-01 10:53:02,2026-06-01 13:15:22,2026-06-01 19:13:44,False,False Positive,True,Analyst reviewed logs and confirmed activity with evidence archived.,CRITICAL,190,149
CSE-D,ALT-00346,ASSET-026,MEDIUM,Privilege Escalation,2026-05-27 17:20:06,2026-05-27 17:44:49,2026-05-27 18:00:49,2026-05-27 22:33:40,2026-05-27 21:35:28,False,Escalated to Tier-2,True,Investigation completed; evidence recorded and escalated per playbook.,HIGH,188,201
CSE-E,ALT-00347,ASSET-068,HIGH,Phishing,2026-01-13 15:51:51,2026-01-13 16:25:30,,,2026-01-13 18:28:07,False,True Positive,False,,HIGH,123,68
CSE-C,ALT-00348,ASSET-024,HIGH,Phishing,2026-04-21 14:20:12,2026-04-21 14:47:37,2026-04-21 15:04:37,2026-04-21 15:21:19,2026-04-21 16:40:33,True,Under Investigation,True,Analyst investigation performed; packet capture and EDR evidence attached.,HIGH,117,48
CSE-C,ALT-00349,ASSET-056,LOW,Unauthorized Access,2026-05-25 10:01:33,2026-05-25 10:14:56,,,2026-05-25 11:52:43,False,False Positive,False,,HIGH,200,90
CSE-B,ALT-00350,ASSET-072,LOW,Phishing,2026-03-15 13:22:43,2026-03-15 14:43:58,2026-03-15 14:47:58,2026-03-15 15:31:10,2026-03-15 19:25:49,False,False Positive,True,Analyst reviewed logs and confirmed activity with evidence archived.,MEDIUM,178,138
CSE-B,ALT-00351,ASSET-039,HIGH,Suspicious Login,2026-01-08 13:44:42,2026-01-08 14:59:53,2026-01-08 15:01:53,2026-01-08 17:11:43,2026-01-08 16:26:48,False,False Positive,True,Analyst reviewed logs and confirmed activity with evidence archived.,MEDIUM,174,163
CSE-A,ALT-00352,ASSET-041,MEDIUM,Suspicious Login,2026-03-02 17:32:59,2026-03-02 17:38:32,2026-03-02 17:57:32,2026-03-02 22:40:48,2026-03-02 19:55:47,False,Under Investigation,True,Alert correlated with threat intel; full timeline documented.,HIGH,154,153
CSE-D,ALT-00353,ASSET-088,HIGH,Brute Force,2026-02-14 13:41:28,2026-02-14 13:56:44,2026-02-14 13:58:44,2026-02-14 18:25:18,2026-02-15 02:52:51,False,False Positive,True,Investigation completed; evidence recorded and escalated per playbook.,CRITICAL,115,119
CSE-C,ALT-00354,ASSET-071,HIGH,Privilege Escalation,2026-03-20 09:35:53,2026-03-20 10:24:35,,,2026-03-20 16:38:33,False,False Positive,False,,HIGH,171,90
CSE-A,ALT-00355,ASSET-099,MEDIUM,Data Exfiltration,2026-04-24 15:42:59,2026-04-24 15:53:18,2026-04-24 16:18:18,2026-04-24 18:33:37,2026-04-24 19:23:16,False,True Positive,True,"Reviewed source IP, asset logs and correlated with previous alerts.",HIGH,181,133
CSE-D,ALT-00356,ASSET-089,MEDIUM,Unauthorized Access,2026-03-27 10:42:52,2026-03-27 10:50:36,2026-03-27 10:53:36,2026-03-27 14:09:02,2026-03-28 00:17:28,False,True Positive,True,Analyst investigation performed; packet capture and EDR evidence attached.,CRITICAL,86,81
CSE-D,ALT-00357,ASSET-058,LOW,Suspicious Login,2026-01-01 14:12:20,2026-01-01 14:32:25,2026-01-01 14:40:25,2026-01-01 19:20:10,2026-01-02 01:41:08,False,Escalated to Tier-2,True,"Reviewed source IP, asset logs and correlated with previous alerts.",HIGH,174,140
CSE-E,ALT-00358,ASSET-012,LOW,Phishing,2026-02-20 15:16:11,2026-02-20 16:12:07,2026-02-20 16:31:07,2026-02-20 17:33:08,2026-02-21 02:08:48,False,True Positive,True,Analyst reviewed logs and confirmed activity with evidence archived.,MEDIUM,120,63
CSE-A,ALT-00359,ASSET-035,MEDIUM,Unauthorized Access,2026-06-03 10:31:23,2026-06-03 10:38:59,2026-06-03 11:01:59,2026-06-03 15:46:26,2026-06-03 19:50:06,False,True Positive,True,Alert correlated with threat intel; full timeline documented.,CRITICAL,143,127
CSE-B,ALT-00360,ASSET-011,MEDIUM,Phishing,2026-06-23 12:04:26,2026-06-23 12:27:27,2026-06-23 12:36:27,2026-06-23 13:42:06,2026-06-23 17:11:50,False,Benign True Positive,True,Alert correlated with threat intel; full timeline documented.,CRITICAL,104,94
CSE-B,ALT-00361,ASSET-039,MEDIUM,Unauthorized Access,2026-06-02 10:37:35,2026-06-02 10:49:38,2026-06-02 10:57:38,2026-06-02 13:03:36,2026-06-02 12:05:38,False,Benign True Positive,True,Investigation completed; evidence recorded and escalated per playbook.,MEDIUM,164,101
CSE-A,ALT-00362,ASSET-064,MEDIUM,Phishing,2026-02-13 14:47:56,2026-02-13 15:04:04,2026-02-13 15:27:04,2026-02-13 20:13:31,2026-02-13 20:15:11,False,Escalated to Tier-2,True,"Reviewed source IP, asset logs and correlated with previous alerts.",MEDIUM,186,157
CSE-D,ALT-00363,ASSET-057,HIGH,Phishing,2026-06-06 09:00:33,2026-06-06 09:13:00,2026-06-06 09:24:00,2026-06-06 13:50:48,2026-06-06 19:42:54,False,Benign True Positive,True,"Reviewed source IP, asset logs and correlated with previous alerts.",CRITICAL,99,75
CSE-A,ALT-00364,ASSET-045,MEDIUM,Suspicious Login,2026-06-30 10:58:57,2026-06-30 11:15:59,2026-06-30 11:38:59,2026-06-30 16:02:28,2026-06-30 13:56:53,False,True Positive,True,Alert correlated with threat intel; full timeline documented.,CRITICAL,191,159
CSE-E,ALT-00365,ASSET-088,LOW,Data Exfiltration,2026-05-30 00:08:33,2026-05-30 01:52:09,2026-05-30 01:55:09,2026-05-30 03:03:58,2026-05-30 03:54:05,False,False Positive,True,Alert correlated with threat intel; full timeline documented.,CRITICAL,165,109
CSE-C,ALT-00366,ASSET-042,CRITICAL,Brute Force,2026-04-28 22:30:30,2026-04-28 23:01:10,,,2026-04-29 02:09:12,False,Escalated to Tier-2,False,N/A,MEDIUM,192,66
CSE-A,ALT-00367,ASSET-100,LOW,Phishing,2026-03-24 02:24:35,2026-03-24 02:45:59,2026-03-24 02:54:59,2026-03-24 04:41:14,2026-03-24 05:02:00,False,True Positive,True,Alert correlated with threat intel; full timeline documented.,HIGH,162,169
CSE-B,ALT-00368,ASSET-012,CRITICAL,Network Anomaly,2026-04-21 14:17:57,2026-04-21 15:40:05,2026-04-21 15:44:05,2026-04-21 17:23:37,2026-04-21 22:47:35,True,Benign True Positive,True,"Reviewed source IP, asset logs and correlated with previous alerts.",MEDIUM,117,85
CSE-A,ALT-00369,ASSET-039,CRITICAL,Privilege Escalation,2026-04-29 11:38:59,2026-04-29 11:56:32,2026-04-29 12:13:32,2026-04-29 13:10:50,2026-04-29 20:50:51,True,True Positive,True,Alert correlated with threat intel; full timeline documented.,CRITICAL,117,114
CSE-A,ALT-00370,ASSET-085,LOW,Brute Force,2026-05-11 10:36:29,2026-05-11 11:00:15,2026-05-11 11:09:15,2026-05-11 14:25:31,2026-05-11 13:09:04,False,True Positive,True,Analyst investigation performed; packet capture and EDR evidence attached.,HIGH,180,147
CSE-A,ALT-00371,ASSET-087,CRITICAL,Phishing,2026-03-22 16:45:48,2026-03-22 17:09:16,2026-03-22 17:18:16,2026-03-22 20:28:14,2026-03-22 19:15:03,False,True Positive,True,"Reviewed source IP, asset logs and correlated with previous alerts.",CRITICAL,80,66
CSE-B,ALT-00372,ASSET-002,MEDIUM,Network Anomaly,2026-06-27 17:18:19,2026-06-27 18:43:11,,,2026-06-28 01:58:02,False,True Positive,False,Closed quickly — no notes.,CRITICAL,74,59
CSE-A,ALT-00373,ASSET-063,HIGH,Suspicious Login,2026-06-16 12:15:05,2026-06-16 12:26:54,2026-06-16 12:42:54,2026-06-16 16:33:55,2026-06-16 16:02:51,True,Benign True Positive,True,Analyst reviewed logs and confirmed activity with evidence archived.,HIGH,190,170
CSE-B,ALT-00374,ASSET-066,HIGH,Unauthorized Access,2026-01-14 10:45:40,2026-01-14 11:46:06,,,2026-01-14 21:43:24,True,False Positive,False,N/A,HIGH,194,119
CSE-E,ALT-00375,ASSET-078,CRITICAL,Privilege Escalation,2026-05-22 16:07:56,2026-05-22 17:13:03,,,2026-05-22 16:11:42,False,False Positive,False,Closed quickly — no notes.,MEDIUM,189,93
CSE-D,ALT-00376,ASSET-054,LOW,Privilege Escalation,2026-05-01 05:31:39,2026-05-01 05:39:57,2026-05-01 05:42:57,2026-05-01 10:05:05,2026-05-01 10:04:07,False,True Positive,True,"Reviewed source IP, asset logs and correlated with previous alerts.",MEDIUM,143,123
CSE-E,ALT-00377,ASSET-046,CRITICAL,Malware,2026-04-02 12:11:43,2026-04-02 12:36:54,,,2026-04-02 12:13:04,False,False Positive,False,N/A,MEDIUM,138,114
CSE-E,ALT-00378,ASSET-047,MEDIUM,Malware,2026-04-23 03:47:06,2026-04-23 05:32:45,2026-04-23 05:36:45,2026-04-23 08:04:47,2026-04-23 07:44:55,False,Under Investigation,True,Analyst investigation performed; packet capture and EDR evidence attached.,CRITICAL,144,108
CSE-D,ALT-00379,ASSET-065,LOW,Brute Force,2026-02-09 14:42:52,2026-02-09 14:48:59,2026-02-09 15:03:59,2026-02-09 18:51:48,2026-02-09 20:00:52,False,True Positive,True,Analyst reviewed logs and confirmed activity with evidence archived.,CRITICAL,114,103
CSE-C,ALT-00380,ASSET-088,MEDIUM,Data Exfiltration,2026-02-08 18:04:26,2026-02-08 18:55:40,2026-02-08 19:09:40,2026-02-08 19:25:38,2026-02-09 02:55:09,False,Under Investigation,True,Alert correlated with threat intel; full timeline documented.,HIGH,93,22
CSE-E,ALT-00381,ASSET-092,LOW,Brute Force,2026-03-28 11:48:27,2026-03-28 12:00:52,,,2026-03-28 15:00:49,False,Escalated to Tier-2,False,N/A,MEDIUM,145,94
CSE-E,ALT-00382,ASSET-080,LOW,Privilege Escalation,2026-03-30 13:46:57,2026-03-30 14:59:36,,,2026-03-30 22:18:04,False,Under Investigation,False,N/A,MEDIUM,183,138
CSE-D,ALT-00383,ASSET-044,LOW,Phishing,2026-01-22 14:42:24,2026-01-22 15:08:10,2026-01-22 15:13:10,2026-01-22 19:54:44,2026-01-22 19:46:15,False,True Positive,True,Investigation completed; evidence recorded and escalated per playbook.,MEDIUM,100,81
CSE-E,ALT-00384,ASSET-039,HIGH,Phishing,2026-04-19 03:46:46,2026-04-19 03:59:39,2026-04-19 04:20:39,2026-04-19 06:35:01,2026-04-19 05:13:27,False,True Positive,True,Analyst reviewed logs and confirmed activity with evidence archived.,HIGH,71,42
CSE-E,ALT-00385,ASSET-047,MEDIUM,Data Exfiltration,2026-03-31 11:23:45,2026-03-31 12:17:18,,,2026-03-31 18:17:51,False,Under Investigation,False,,HIGH,107,79
CSE-A,ALT-00386,ASSET-089,CRITICAL,Unauthorized Access,2026-02-03 16:36:04,2026-02-03 16:49:47,2026-02-03 17:08:47,2026-02-03 21:49:36,2026-02-04 03:33:18,False,Escalated to Tier-2,True,Alert correlated with threat intel; full timeline documented.,CRITICAL,133,135
CSE-E,ALT-00387,ASSET-053,CRITICAL,Network Anomaly,2026-02-03 17:31:55,2026-02-03 18:44:02,2026-02-03 18:59:02,2026-02-03 21:05:04,2026-02-04 01:28:00,False,Benign True Positive,True,"Reviewed source IP, asset logs and correlated with previous alerts.",CRITICAL,144,64
CSE-A,ALT-00388,ASSET-001,MEDIUM,Privilege Escalation,2026-03-19 09:28:50,2026-03-19 09:34:59,2026-03-19 09:48:59,2026-03-19 10:28:58,2026-03-19 15:10:12,True,Benign True Positive,True,Investigation completed; evidence recorded and escalated per playbook.,CRITICAL,124,90
CSE-D,ALT-00389,ASSET-058,MEDIUM,Phishing,2026-05-25 14:45:50,2026-05-25 15:00:20,2026-05-25 15:20:20,2026-05-25 16:43:08,2026-05-26 00:37:00,False,False Positive,True,"Reviewed source IP, asset logs and correlated with previous alerts.",CRITICAL,173,156
CSE-E,ALT-00390,ASSET-081,HIGH,Data Exfiltration,2026-04-12 09:46:42,2026-04-12 11:45:10,,,2026-04-12 13:41:05,False,True Positive,False,N/A,MEDIUM,149,96
CSE-E,ALT-00391,ASSET-057,CRITICAL,Malware,2026-05-26 17:07:32,2026-05-26 19:06:33,2026-05-26 19:24:33,2026-05-26 20:15:34,2026-05-26 23:43:26,False,Under Investigation,True,Investigation completed; evidence recorded and escalated per playbook.,CRITICAL,152,87
CSE-D,ALT-00392,ASSET-012,LOW,Malware,2026-03-29 16:04:01,2026-03-29 16:22:21,2026-03-29 16:25:21,2026-03-29 17:38:27,2026-03-29 20:14:39,True,True Positive,True,Analyst investigation performed; packet capture and EDR evidence attached.,CRITICAL,132,126
CSE-E,ALT-00393,ASSET-031,LOW,Suspicious Login,2026-01-07 14:05:24,2026-01-07 14:22:44,2026-01-07 14:33:44,2026-01-07 15:45:08,2026-01-07 15:40:56,False,Benign True Positive,True,Analyst reviewed logs and confirmed activity with evidence archived.,HIGH,199,116
CSE-C,ALT-00394,ASSET-039,CRITICAL,Network Anomaly,2026-05-22 17:15:01,2026-05-22 17:42:41,2026-05-22 17:43:41,2026-05-22 17:54:16,2026-05-22 20:09:29,False,Under Investigation,True,Analyst investigation performed; packet capture and EDR evidence attached.,CRITICAL,198,74
CSE-B,ALT-00395,ASSET-077,HIGH,Suspicious Login,2026-03-04 16:13:58,2026-03-04 17:30:26,2026-03-04 17:45:26,2026-03-04 20:28:44,2026-03-04 18:00:29,False,False Positive,True,"Reviewed source IP, asset logs and correlated with previous alerts.",CRITICAL,167,163
CSE-B,ALT-00396,ASSET-088,MEDIUM,Phishing,2026-01-12 10:11:19,2026-01-12 10:27:44,2026-01-12 10:32:44,2026-01-12 13:00:01,2026-01-12 14:33:23,False,Under Investigation,True,Alert correlated with threat intel; full timeline documented.,MEDIUM,136,130
CSE-C,ALT-00397,ASSET-091,CRITICAL,Privilege Escalation,2026-03-29 14:36:01,2026-03-29 15:35:45,2026-03-29 15:36:45,2026-03-29 15:58:15,2026-03-29 21:39:56,False,Escalated to Tier-2,True,Analyst reviewed logs and confirmed activity with evidence archived.,CRITICAL,100,50
CSE-A,ALT-00398,ASSET-096,MEDIUM,Network Anomaly,2026-06-22 15:25:52,2026-06-22 15:47:14,2026-06-22 16:12:14,2026-06-22 16:31:21,2026-06-22 22:52:13,True,True Positive,True,Alert correlated with threat intel; full timeline documented.,CRITICAL,115,113
CSE-B,ALT-00399,ASSET-064,CRITICAL,Phishing,2026-02-26 17:25:23,2026-02-26 17:34:40,2026-02-26 17:57:40,2026-02-26 20:37:53,2026-02-27 00:49:47,False,False Positive,True,Analyst reviewed logs and confirmed activity with evidence archived.,CRITICAL,114,62
CSE-A,ALT-00400,ASSET-083,HIGH,Data Exfiltration,2026-05-14 13:40:12,2026-05-14 14:09:55,2026-05-14 14:32:55,2026-05-14 19:20:34,2026-05-15 00:28:51,False,Escalated to Tier-2,True,Investigation completed; evidence recorded and escalated per playbook.,MEDIUM,163,125
CSE-D,ALT-00401,ASSET-025,LOW,Unauthorized Access,2026-03-12 17:50:29,2026-03-12 18:07:52,2026-03-12 18:09:52,2026-03-12 20:18:55,2026-03-13 02:18:26,False,True Positive,True,Investigation completed; evidence recorded and escalated per playbook.,HIGH,192,179
CSE-B,ALT-00402,ASSET-043,LOW,Unauthorized Access,2026-01-20 06:43:10,2026-01-20 07:30:29,2026-01-20 07:51:29,2026-01-20 08:20:30,2026-01-20 15:23:20,True,Under Investigation,True,Alert correlated with threat intel; full timeline documented.,MEDIUM,133,76
CSE-C,ALT-00403,ASSET-049,MEDIUM,Privilege Escalation,2026-05-14 02:29:49,2026-05-14 03:09:28,2026-05-14 03:13:28,2026-05-14 03:35:56,2026-05-14 04:32:33,False,Escalated to Tier-2,True,Analyst investigation performed; packet capture and EDR evidence attached.,HIGH,198,78
CSE-A,ALT-00404,ASSET-077,LOW,Network Anomaly,2026-01-15 16:22:04,2026-01-15 16:27:47,2026-01-15 16:29:47,2026-01-15 19:15:41,2026-01-16 00:03:53,False,False Positive,True,Alert correlated with threat intel; full timeline documented.,MEDIUM,159,120
CSE-D,ALT-00405,ASSET-074,LOW,Brute Force,2026-03-28 09:26:29,2026-03-28 09:44:50,2026-03-28 09:48:50,2026-03-28 10:55:50,2026-03-28 22:54:54,False,Under Investigation,True,Analyst investigation performed; packet capture and EDR evidence attached.,CRITICAL,145,125
CSE-D,ALT-00406,ASSET-078,LOW,Network Anomaly,2026-02-17 09:45:03,2026-02-17 09:51:22,2026-02-17 10:08:22,2026-02-17 13:26:41,2026-02-17 20:06:11,True,False Positive,True,Analyst investigation performed; packet capture and EDR evidence attached.,HIGH,127,141
CSE-E,ALT-00407,ASSET-061,MEDIUM,Suspicious Login,2026-01-15 09:55:27,2026-01-15 10:44:39,,,2026-01-15 14:36:29,True,True Positive,False,N/A,MEDIUM,189,130
CSE-E,ALT-00408,ASSET-089,MEDIUM,Privilege Escalation,2026-06-07 14:36:10,2026-06-07 14:54:39,,,2026-06-07 23:46:53,False,Benign True Positive,False,,CRITICAL,124,67
CSE-D,ALT-00409,ASSET-026,HIGH,Suspicious Login,2026-01-02 10:15:22,2026-01-02 10:17:57,2026-01-02 10:27:57,2026-01-02 14:28:09,2026-01-03 00:21:20,True,True Positive,True,Analyst investigation performed; packet capture and EDR evidence attached.,CRITICAL,108,111
CSE-C,ALT-00410,ASSET-048,LOW,Data Exfiltration,2026-02-15 12:00:53,2026-02-15 12:18:51,2026-02-15 12:40:51,2026-02-15 12:47:15,2026-02-15 15:32:50,False,Under Investigation,True,Analyst reviewed logs and confirmed activity with evidence archived.,MEDIUM,174,33
CSE-E,ALT-00411,ASSET-079,LOW,Brute Force,2026-01-31 11:13:50,2026-01-31 11:43:02,2026-01-31 12:06:02,2026-01-31 13:46:22,2026-01-31 19:27:42,False,True Positive,True,Analyst investigation performed; packet capture and EDR evidence attached.,HIGH,145,111
CSE-B,ALT-00412,ASSET-048,CRITICAL,Phishing,2026-02-02 19:56:56,2026-02-02 21:04:09,2026-02-02 21:20:09,2026-02-03 00:14:48,2026-02-03 04:11:57,False,Under Investigation,True,Analyst reviewed logs and confirmed activity with evidence archived.,CRITICAL,152,129
CSE-D,ALT-00413,ASSET-074,LOW,Network Anomaly,2026-05-02 15:50:40,2026-05-02 16:11:21,2026-05-02 16:19:21,2026-05-02 18:17:49,2026-05-02 23:56:34,False,Under Investigation,True,"Reviewed source IP, asset logs and correlated with previous alerts.",CRITICAL,187,171
CSE-A,ALT-00414,ASSET-041,HIGH,Brute Force,2026-03-17 15:00:14,2026-03-17 15:20:16,2026-03-17 15:40:16,2026-03-17 18:47:43,2026-03-18 00:03:43,False,Under Investigation,True,Alert correlated with threat intel; full timeline documented.,CRITICAL,83,65
CSE-C,ALT-00415,ASSET-026,MEDIUM,Privilege Escalation,2026-01-22 17:33:32,2026-01-22 18:09:13,2026-01-22 18:18:13,2026-01-22 18:27:19,2026-01-22 19:05:36,False,False Positive,True,Analyst reviewed logs and confirmed activity with evidence archived.,MEDIUM,122,33
CSE-C,ALT-00416,ASSET-084,CRITICAL,Suspicious Login,2026-05-20 00:17:49,2026-05-20 00:38:07,,,2026-05-20 07:58:44,False,True Positive,False,Closed quickly — no notes.,HIGH,109,51
CSE-B,ALT-00417,ASSET-027,MEDIUM,Data Exfiltration,2026-05-02 16:59:46,2026-05-02 18:04:07,,,2026-05-02 21:46:34,False,Benign True Positive,False,Closed quickly — no notes.,HIGH,77,57
CSE-B,ALT-00418,ASSET-005,HIGH,Malware,2026-05-08 12:06:21,2026-05-08 12:39:47,2026-05-08 13:04:47,2026-05-08 14:53:35,2026-05-08 18:16:07,False,False Positive,True,Analyst investigation performed; packet capture and EDR evidence attached.,MEDIUM,109,102
CSE-E,ALT-00419,ASSET-023,MEDIUM,Unauthorized Access,2026-04-08 15:40:04,2026-04-08 16:53:28,2026-04-08 16:57:28,2026-04-08 18:27:04,2026-04-08 22:29:33,False,Benign True Positive,True,Alert correlated with threat intel; full timeline documented.,CRITICAL,195,87
CSE-A,ALT-00420,ASSET-015,LOW,Unauthorized Access,2026-03-14 13:58:42,2026-03-14 14:16:46,2026-03-14 14:28:46,2026-03-14 19:08:46,2026-03-14 20:36:41,False,False Positive,True,"Reviewed source IP, asset logs and correlated with previous alerts.",CRITICAL,133,118
CSE-D,ALT-00421,ASSET-001,LOW,Data Exfiltration,2026-02-03 10:34:27,2026-02-03 10:59:09,2026-02-03 11:19:09,2026-02-03 14:12:46,2026-02-03 20:33:54,False,True Positive,True,"Reviewed source IP, asset logs and correlated with previous alerts.",MEDIUM,137,110
CSE-E,ALT-00422,ASSET-039,LOW,Privilege Escalation,2026-05-26 15:42:29,2026-05-26 17:00:31,,,2026-05-27 01:12:53,False,Under Investigation,False,Closed quickly — no notes.,HIGH,114,67
CSE-E,ALT-00423,ASSET-009,LOW,Network Anomaly,2026-04-09 06:15:44,2026-04-09 07:32:50,2026-04-09 07:34:50,2026-04-09 08:41:46,2026-04-09 12:38:46,False,False Positive,True,"Reviewed source IP, asset logs and correlated with previous alerts.",MEDIUM,125,102
CSE-E,ALT-00424,ASSET-051,CRITICAL,Privilege Escalation,2026-01-20 17:13:49,2026-01-20 18:58:09,,,2026-01-20 17:14:53,False,Under Investigation,False,N/A,CRITICAL,104,62
CSE-D,ALT-00425,ASSET-095,MEDIUM,Brute Force,2026-05-21 16:28:08,2026-05-21 16:46:00,2026-05-21 16:52:00,2026-05-21 18:34:53,2026-05-22 04:07:06,True,True Positive,True,Analyst reviewed logs and confirmed activity with evidence archived.,HIGH,89,83
CSE-C,ALT-00426,ASSET-040,CRITICAL,Privilege Escalation,2026-02-15 09:35:57,2026-02-15 10:20:31,2026-02-15 10:43:31,2026-02-15 10:47:24,2026-02-15 16:47:13,False,Benign True Positive,True,Analyst investigation performed; packet capture and EDR evidence attached.,HIGH,96,40
CSE-B,ALT-00427,ASSET-086,HIGH,Data Exfiltration,2026-02-21 16:11:01,2026-02-21 16:17:22,,,2026-02-21 17:51:36,False,True Positive,False,N/A,CRITICAL,112,66
CSE-A,ALT-00428,ASSET-002,LOW,Privilege Escalation,2026-05-24 12:32:59,2026-05-24 12:52:24,,,2026-05-24 17:34:37,True,True Positive,False,,HIGH,120,88
CSE-D,ALT-00429,ASSET-013,HIGH,Phishing,2026-06-16 09:44:04,2026-06-16 09:52:30,2026-06-16 10:12:30,2026-06-16 14:42:36,2026-06-17 00:23:29,False,True Positive,True,Analyst investigation performed; packet capture and EDR evidence attached.,HIGH,160,165
CSE-B,ALT-00430,ASSET-003,HIGH,Privilege Escalation,2026-06-20 14:43:01,2026-06-20 16:05:59,2026-06-20 16:18:59,2026-06-20 18:34:39,2026-06-21 01:11:36,False,True Positive,True,"Reviewed source IP, asset logs and correlated with previous alerts.",HIGH,101,69
CSE-B,ALT-00431,ASSET-041,MEDIUM,Malware,2026-02-05 14:03:12,2026-02-05 14:27:36,2026-02-05 14:29:36,2026-02-05 15:35:35,2026-02-05 22:32:23,False,True Positive,True,Analyst investigation performed; packet capture and EDR evidence attached.,HIGH,80,61
CSE-C,ALT-00432,ASSET-049,MEDIUM,Data Exfiltration,2026-03-26 12:30:34,2026-03-26 12:35:32,,,2026-03-26 19:46:15,False,False Positive,False,,HIGH,113,28
CSE-A,ALT-00433,ASSET-093,LOW,Brute Force,2026-02-19 11:24:13,2026-02-19 11:30:18,2026-02-19 11:48:18,2026-02-19 13:47:33,2026-02-19 13:35:45,False,True Positive,True,Analyst investigation performed; packet capture and EDR evidence attached.,CRITICAL,134,106
CSE-C,ALT-00434,ASSET-062,HIGH,Network Anomaly,2026-06-12 17:12:05,2026-06-12 17:36:30,2026-06-12 17:52:30,2026-06-12 18:08:57,2026-06-12 23:09:17,False,True Positive,True,Analyst investigation performed; packet capture and EDR evidence attached.,CRITICAL,138,36
CSE-C,ALT-00435,ASSET-092,HIGH,Suspicious Login,2026-05-22 13:23:24,2026-05-22 13:53:43,,,2026-05-22 19:01:21,False,False Positive,False,Closed quickly — no notes.,HIGH,109,50
CSE-A,ALT-00436,ASSET-098,LOW,Privilege Escalation,2026-05-06 16:05:25,2026-05-06 16:30:48,2026-05-06 16:40:48,2026-05-06 17:32:14,2026-05-06 19:23:12,False,True Positive,True,Analyst reviewed logs and confirmed activity with evidence archived.,HIGH,112,114
CSE-E,ALT-00437,ASSET-078,MEDIUM,Privilege Escalation,2026-06-28 15:34:59,2026-06-28 16:34:46,2026-06-28 16:50:46,2026-06-28 17:04:44,2026-06-28 17:28:30,False,True Positive,True,Investigation completed; evidence recorded and escalated per playbook.,HIGH,107,63
CSE-E,ALT-00438,ASSET-055,LOW,Suspicious Login,2026-01-04 10:34:41,2026-01-04 12:11:39,2026-01-04 12:34:39,2026-01-04 15:10:36,2026-01-04 21:27:37,False,False Positive,True,Analyst reviewed logs and confirmed activity with evidence archived.,CRITICAL,147,98
CSE-D,ALT-00439,ASSET-009,MEDIUM,Unauthorized Access,2026-01-23 14:52:52,2026-01-23 14:59:09,2026-01-23 15:23:09,2026-01-23 19:01:53,2026-01-23 16:05:19,False,True Positive,True,Investigation completed; evidence recorded and escalated per playbook.,MEDIUM,133,131
CSE-C,ALT-00440,ASSET-008,MEDIUM,Suspicious Login,2026-02-15 11:17:12,2026-02-15 11:49:23,,,2026-02-15 15:59:59,False,True Positive,False,,MEDIUM,193,84
CSE-D,ALT-00441,ASSET-008,MEDIUM,Brute Force,2026-06-12 14:00:05,2026-06-12 14:14:12,2026-06-12 14:25:12,2026-06-12 14:55:49,2026-06-12 23:23:43,False,True Positive,True,"Reviewed source IP, asset logs and correlated with previous alerts.",CRITICAL,80,74
CSE-A,ALT-00442,ASSET-086,HIGH,Malware,2026-04-07 13:32:59,2026-04-07 13:50:29,2026-04-07 14:10:29,2026-04-07 18:04:50,2026-04-07 20:26:49,False,Escalated to Tier-2,True,Investigation completed; evidence recorded and escalated per playbook.,HIGH,158,121
CSE-C,ALT-00443,ASSET-090,MEDIUM,Malware,2026-04-27 13:42:46,2026-04-27 14:37:42,,,2026-04-27 20:05:49,False,False Positive,False,,MEDIUM,121,36
CSE-D,ALT-00444,ASSET-011,MEDIUM,Data Exfiltration,2026-01-01 10:59:01,2026-01-01 11:21:24,2026-01-01 11:45:24,2026-01-01 14:47:07,2026-01-01 16:21:02,False,Benign True Positive,True,Alert correlated with threat intel; full timeline documented.,HIGH,200,217
CSE-A,ALT-00445,ASSET-071,LOW,Phishing,2026-06-05 11:26:55,2026-06-05 11:45:51,2026-06-05 12:08:51,2026-06-05 16:41:53,2026-06-05 21:00:41,True,Under Investigation,True,"Reviewed source IP, asset logs and correlated with previous alerts.",MEDIUM,139,114
CSE-A,ALT-00446,ASSET-086,MEDIUM,Data Exfiltration,2026-03-04 10:31:06,2026-03-04 10:46:51,2026-03-04 10:57:51,2026-03-04 14:29:40,2026-03-04 15:17:37,False,False Positive,True,Investigation completed; evidence recorded and escalated per playbook.,CRITICAL,97,109
CSE-D,ALT-00447,ASSET-038,HIGH,Privilege Escalation,2026-02-27 20:30:04,2026-02-27 20:52:25,2026-02-27 21:15:25,2026-02-28 00:46:06,2026-02-28 05:20:16,True,True Positive,True,Analyst investigation performed; packet capture and EDR evidence attached.,CRITICAL,91,84
CSE-B,ALT-00448,ASSET-087,LOW,Brute Force,2026-05-27 14:20:24,2026-05-27 15:39:11,2026-05-27 15:41:11,2026-05-27 18:17:45,2026-05-27 22:46:38,False,False Positive,True,"Reviewed source IP, asset logs and correlated with previous alerts.",MEDIUM,102,81
CSE-E,ALT-00449,ASSET-019,HIGH,Unauthorized Access,2026-01-03 16:51:20,2026-01-03 17:15:12,,,2026-01-04 02:11:55,False,Benign True Positive,False,,MEDIUM,78,52
CSE-E,ALT-00450,ASSET-029,LOW,Brute Force,2026-03-12 19:35:30,2026-03-12 21:01:23,2026-03-12 21:11:23,2026-03-12 22:52:26,2026-03-13 00:03:15,False,Under Investigation,True,Investigation completed; evidence recorded and escalated per playbook.,MEDIUM,83,64
CSE-D,ALT-00451,ASSET-090,LOW,Phishing,2026-06-18 05:26:01,2026-06-18 05:45:26,2026-06-18 06:07:26,2026-06-18 10:24:48,2026-06-18 13:25:30,False,True Positive,True,Alert correlated with threat intel; full timeline documented.,MEDIUM,169,179
CSE-A,ALT-00452,ASSET-074,HIGH,Malware,2026-03-19 11:47:36,2026-03-19 11:54:04,2026-03-19 12:04:04,2026-03-19 13:33:17,2026-03-19 15:59:51,False,False Positive,True,"Reviewed source IP, asset logs and correlated with previous alerts.",CRITICAL,180,194
CSE-D,ALT-00453,ASSET-052,LOW,Unauthorized Access,2026-06-23 01:55:06,2026-06-23 02:08:36,2026-06-23 02:10:36,2026-06-23 03:26:08,2026-06-23 13:16:03,False,Benign True Positive,True,Investigation completed; evidence recorded and escalated per playbook.,CRITICAL,95,83
CSE-C,ALT-00454,ASSET-016,MEDIUM,Suspicious Login,2026-06-17 10:31:49,2026-06-17 11:02:44,,,2026-06-17 13:43:24,False,Benign True Positive,False,Closed quickly — no notes.,CRITICAL,105,38
CSE-E,ALT-00455,ASSET-069,HIGH,Network Anomaly,2026-03-12 10:36:50,2026-03-12 11:57:01,2026-03-12 12:18:01,2026-03-12 14:14:20,2026-03-12 14:30:07,False,Under Investigation,True,Analyst investigation performed; packet capture and EDR evidence attached.,CRITICAL,75,48
CSE-E,ALT-00456,ASSET-021,MEDIUM,Brute Force,2026-02-23 04:00:11,2026-02-23 05:55:49,2026-02-23 05:56:49,2026-02-23 08:24:17,2026-02-23 08:25:51,False,True Positive,True,Investigation completed; evidence recorded and escalated per playbook.,CRITICAL,135,101
CSE-A,ALT-00457,ASSET-089,LOW,Phishing,2026-04-04 05:51:27,2026-04-04 06:14:27,2026-04-04 06:16:27,2026-04-04 10:57:24,2026-04-04 18:14:01,False,False Positive,True,Investigation completed; evidence recorded and escalated per playbook.,HIGH,196,214
CSE-E,ALT-00458,ASSET-080,MEDIUM,Data Exfiltration,2026-06-26 09:45:15,2026-06-26 09:54:27,2026-06-26 10:01:27,2026-06-26 10:41:05,2026-06-26 14:01:04,False,True Positive,True,Analyst investigation performed; packet capture and EDR evidence attached.,HIGH,135,79
CSE-B,ALT-00459,ASSET-078,HIGH,Brute Force,2026-03-07 11:26:34,2026-03-07 11:57:38,2026-03-07 12:06:38,2026-03-07 14:54:22,2026-03-07 18:49:14,False,Under Investigation,True,"Reviewed source IP, asset logs and correlated with previous alerts.",CRITICAL,109,74
CSE-D,ALT-00460,ASSET-013,CRITICAL,Data Exfiltration,2026-01-20 10:52:43,2026-01-20 11:12:09,2026-01-20 11:33:09,2026-01-20 12:33:32,2026-01-20 14:42:04,False,True Positive,True,Investigation completed; evidence recorded and escalated per playbook.,HIGH,128,134
CSE-B,ALT-00461,ASSET-097,MEDIUM,Phishing,2026-05-31 16:42:06,2026-05-31 17:54:28,2026-05-31 18:04:28,2026-05-31 20:30:45,2026-05-31 20:06:25,True,False Positive,True,Analyst investigation performed; packet capture and EDR evidence attached.,HIGH,158,142
CSE-E,ALT-00462,ASSET-007,MEDIUM,Unauthorized Access,2026-05-03 13:25:00,2026-05-03 14:57:32,,,2026-05-03 17:31:41,False,Under Investigation,False,N/A,MEDIUM,164,118
CSE-E,ALT-00463,ASSET-053,HIGH,Network Anomaly,2026-02-16 15:02:51,2026-02-16 16:07:23,2026-02-16 16:21:23,2026-02-16 18:40:08,2026-02-16 21:45:03,False,Escalated to Tier-2,True,"Reviewed source IP, asset logs and correlated with previous alerts.",MEDIUM,93,61
CSE-B,ALT-00464,ASSET-066,LOW,Suspicious Login,2026-05-28 13:52:35,2026-05-28 15:01:26,,,2026-05-29 00:12:25,False,False Positive,False,Closed quickly — no notes.,MEDIUM,101,75
CSE-B,ALT-00465,ASSET-098,LOW,Malware,2026-04-19 14:53:15,2026-04-19 16:23:13,,,2026-04-19 17:36:51,False,True Positive,False,N/A,HIGH,127,78
CSE-B,ALT-00466,ASSET-039,MEDIUM,Malware,2026-04-19 11:54:23,2026-04-19 12:13:44,,,2026-04-19 21:56:38,False,True Positive,False,,HIGH,137,92
CSE-E,ALT-00467,ASSET-045,HIGH,Phishing,2026-06-14 09:36:59,2026-06-14 10:41:56,2026-06-14 10:57:56,2026-06-14 11:17:18,2026-06-14 18:58:17,False,True Positive,True,Analyst reviewed logs and confirmed activity with evidence archived.,MEDIUM,117,66
CSE-A,ALT-00468,ASSET-024,MEDIUM,Data Exfiltration,2026-01-22 11:37:26,2026-01-22 11:43:24,2026-01-22 11:48:24,2026-01-22 14:11:38,2026-01-22 19:12:47,False,False Positive,True,Alert correlated with threat intel; full timeline documented.,HIGH,114,91
CSE-D,ALT-00469,ASSET-086,HIGH,Privilege Escalation,2026-04-22 12:23:07,2026-04-22 12:31:25,2026-04-22 12:44:25,2026-04-22 16:35:12,2026-04-22 14:03:35,False,Escalated to Tier-2,True,Investigation completed; evidence recorded and escalated per playbook.,MEDIUM,95,89
CSE-D,ALT-00470,ASSET-002,LOW,Suspicious Login,2026-03-25 13:38:32,2026-03-25 14:04:31,2026-03-25 14:17:31,2026-03-25 15:39:38,2026-03-26 04:35:32,True,True Positive,True,Analyst reviewed logs and confirmed activity with evidence archived.,MEDIUM,110,87
CSE-D,ALT-00471,ASSET-034,LOW,Malware,2026-04-22 13:48:31,2026-04-22 13:53:19,2026-04-22 14:13:19,2026-04-22 15:47:05,2026-04-22 18:04:34,False,True Positive,True,Analyst investigation performed; packet capture and EDR evidence attached.,MEDIUM,111,111
CSE-B,ALT-00472,ASSET-055,MEDIUM,Brute Force,2026-06-29 12:05:12,2026-06-29 13:25:52,2026-06-29 13:33:52,2026-06-29 14:09:00,2026-06-29 14:35:09,False,Escalated to Tier-2,True,Alert correlated with threat intel; full timeline documented.,CRITICAL,121,65
CSE-D,ALT-00473,ASSET-045,MEDIUM,Phishing,2026-06-29 12:56:14,2026-06-29 13:08:41,2026-06-29 13:25:41,2026-06-29 17:19:22,2026-06-29 19:19:48,False,True Positive,True,Analyst reviewed logs and confirmed activity with evidence archived.,MEDIUM,111,92
CSE-B,ALT-00474,ASSET-013,CRITICAL,Malware,2026-06-19 12:37:18,2026-06-19 13:42:35,,,2026-06-19 18:31:06,False,False Positive,False,,MEDIUM,103,70
CSE-E,ALT-00475,ASSET-084,MEDIUM,Privilege Escalation,2026-03-02 12:35:37,2026-03-02 13:29:42,,,2026-03-02 15:57:44,False,Escalated to Tier-2,False,,MEDIUM,119,83
CSE-A,ALT-00476,ASSET-092,LOW,Privilege Escalation,2026-03-19 12:26:34,2026-03-19 12:51:43,2026-03-19 12:58:43,2026-03-19 16:48:18,2026-03-19 23:10:05,False,False Positive,True,Investigation completed; evidence recorded and escalated per playbook.,CRITICAL,135,105
CSE-E,ALT-00477,ASSET-010,LOW,Malware,2026-02-12 11:12:18,2026-02-12 11:22:54,2026-02-12 11:45:54,2026-02-12 12:39:41,2026-02-12 20:14:37,False,False Positive,True,Alert correlated with threat intel; full timeline documented.,CRITICAL,200,121
CSE-D,ALT-00478,ASSET-035,MEDIUM,Data Exfiltration,2026-02-17 12:43:37,2026-02-17 13:07:37,2026-02-17 13:24:37,2026-02-17 17:33:09,2026-02-17 18:32:56,False,True Positive,True,Analyst investigation performed; packet capture and EDR evidence attached.,HIGH,101,89
CSE-B,ALT-00479,ASSET-078,HIGH,Suspicious Login,2026-03-13 09:13:55,2026-03-13 09:25:36,,,2026-03-13 19:02:43,True,False Positive,False,,MEDIUM,153,92
CSE-C,ALT-00480,ASSET-069,MEDIUM,Unauthorized Access,2026-06-06 09:58:40,2026-06-06 10:51:40,,,2026-06-06 17:25:57,False,Escalated to Tier-2,False,,MEDIUM,189,102
CSE-A,ALT-00481,ASSET-062,LOW,Unauthorized Access,2026-06-17 12:31:52,2026-06-17 12:48:06,2026-06-17 12:55:06,2026-06-17 16:32:15,2026-06-17 17:30:52,False,False Positive,True,Alert correlated with threat intel; full timeline documented.,CRITICAL,103,90
CSE-B,ALT-00482,ASSET-052,MEDIUM,Suspicious Login,2026-06-15 14:17:10,2026-06-15 14:45:02,2026-06-15 15:05:02,2026-06-15 15:58:06,2026-06-15 16:28:29,False,Escalated to Tier-2,True,"Reviewed source IP, asset logs and correlated with previous alerts.",CRITICAL,105,83
CSE-E,ALT-00483,ASSET-002,CRITICAL,Unauthorized Access,2026-01-06 09:13:48,2026-01-06 11:05:29,,,2026-01-06 12:55:46,True,Benign True Positive,False,,CRITICAL,97,64
CSE-A,ALT-00484,ASSET-014,HIGH,Network Anomaly,2026-05-25 05:34:19,2026-05-25 05:46:49,2026-05-25 05:48:49,2026-05-25 10:42:33,2026-05-25 17:14:23,True,Under Investigation,True,Investigation completed; evidence recorded and escalated per playbook.,HIGH,93,87
CSE-B,ALT-00485,ASSET-046,CRITICAL,Data Exfiltration,2026-01-07 15:34:09,2026-01-07 16:24:50,2026-01-07 16:46:50,2026-01-07 18:30:33,2026-01-07 18:47:04,True,Escalated to Tier-2,True,Analyst reviewed logs and confirmed activity with evidence archived.,CRITICAL,162,144
CSE-A,ALT-00486,ASSET-085,MEDIUM,Suspicious Login,2026-04-20 12:05:43,2026-04-20 12:20:52,2026-04-20 12:42:52,2026-04-20 15:32:31,2026-04-20 19:02:48,True,Escalated to Tier-2,True,Investigation completed; evidence recorded and escalated per playbook.,HIGH,113,112
CSE-A,ALT-00487,ASSET-017,LOW,Suspicious Login,2026-06-17 11:31:24,2026-06-17 11:48:10,2026-06-17 12:04:10,2026-06-17 12:53:17,2026-06-17 19:50:56,False,True Positive,True,Analyst investigation performed; packet capture and EDR evidence attached.,CRITICAL,129,114
CSE-D,ALT-00488,ASSET-050,MEDIUM,Unauthorized Access,2026-06-04 11:22:08,2026-06-04 11:45:06,2026-06-04 11:59:06,2026-06-04 16:55:37,2026-06-04 21:51:37,False,Under Investigation,True,Analyst investigation performed; packet capture and EDR evidence attached.,CRITICAL,171,160
CSE-B,ALT-00489,ASSET-100,MEDIUM,Data Exfiltration,2026-04-03 09:17:23,2026-04-03 10:33:53,,,2026-04-03 12:05:51,False,Under Investigation,False,,MEDIUM,145,109
CSE-D,ALT-00490,ASSET-077,HIGH,Data Exfiltration,2026-01-15 11:00:44,2026-01-15 11:24:53,2026-01-15 11:25:53,2026-01-15 15:18:16,2026-01-16 00:22:59,False,True Positive,True,Analyst reviewed logs and confirmed activity with evidence archived.,MEDIUM,83,65
CSE-A,ALT-00491,ASSET-083,HIGH,Malware,2026-05-26 14:12:09,2026-05-26 14:38:20,2026-05-26 14:43:20,2026-05-26 19:29:04,2026-05-26 23:24:46,False,False Positive,True,Investigation completed; evidence recorded and escalated per playbook.,MEDIUM,116,86
CSE-A,ALT-00492,ASSET-065,MEDIUM,Suspicious Login,2026-05-09 15:45:53,2026-05-09 16:01:36,,,2026-05-10 02:14:21,False,Escalated to Tier-2,False,Closed quickly — no notes.,HIGH,109,94
CSE-C,ALT-00493,ASSET-083,LOW,Unauthorized Access,2026-02-02 15:50:39,2026-02-02 15:54:53,2026-02-02 16:18:53,2026-02-02 16:38:31,2026-02-02 23:13:37,False,False Positive,True,Analyst reviewed logs and confirmed activity with evidence archived.,HIGH,138,24
CSE-D,ALT-00494,ASSET-026,HIGH,Brute Force,2026-01-27 14:43:01,2026-01-27 14:52:19,2026-01-27 14:56:19,2026-01-27 15:44:32,2026-01-27 16:04:07,False,True Positive,True,Analyst investigation performed; packet capture and EDR evidence attached.,HIGH,84,67
CSE-E,ALT-00495,ASSET-046,MEDIUM,Network Anomaly,2026-01-12 10:35:19,2026-01-12 10:41:41,,,2026-01-12 19:38:53,False,False Positive,False,Closed quickly — no notes.,MEDIUM,94,57
CSE-A,ALT-00496,ASSET-030,MEDIUM,Suspicious Login,2026-01-07 15:31:30,2026-01-07 15:52:25,2026-01-07 16:02:25,2026-01-07 17:39:34,2026-01-07 17:58:21,False,Escalated to Tier-2,True,Alert correlated with threat intel; full timeline documented.,MEDIUM,183,177
CSE-B,ALT-00497,ASSET-031,LOW,Privilege Escalation,2026-04-25 11:34:18,2026-04-25 12:25:57,,,2026-04-25 13:36:54,False,Benign True Positive,False,Closed quickly — no notes.,CRITICAL,89,87
CSE-D,ALT-00498,ASSET-012,HIGH,Malware,2026-02-06 10:33:35,2026-02-06 10:38:06,2026-02-06 10:49:06,2026-02-06 12:31:05,2026-02-06 14:23:10,False,False Positive,True,Investigation completed; evidence recorded and escalated per playbook.,CRITICAL,170,173
CSE-D,ALT-00499,ASSET-080,LOW,Network Anomaly,2026-06-16 04:13:36,2026-06-16 04:30:38,2026-06-16 04:40:38,2026-06-16 08:21:04,2026-06-16 17:06:46,False,False Positive,True,Analyst investigation performed; packet capture and EDR evidence attached.,MEDIUM,127,103
CSE-E,ALT-00500,ASSET-010,MEDIUM,Malware,2026-06-08 01:56:47,2026-06-08 03:43:02,2026-06-08 04:01:02,2026-06-08 04:08:11,2026-06-08 09:05:26,False,False Positive,True,Analyst reviewed logs and confirmed activity with evidence archived.,CRITICAL,188,134
CSE-D,ALT-00501,ASSET-061,MEDIUM,Network Anomaly,2026-01-28 10:50:58,2026-01-28 11:05:47,2026-01-28 11:18:47,2026-01-28 14:21:51,2026-01-28 17:56:25,False,Benign True Positive,True,Investigation completed; evidence recorded and escalated per playbook.,CRITICAL,138,106
CSE-D,ALT-00502,ASSET-082,HIGH,Data Exfiltration,2026-03-23 15:29:03,2026-03-23 15:42:53,2026-03-23 15:58:53,2026-03-23 18:02:56,2026-03-23 17:06:41,False,True Positive,True,"Reviewed source IP, asset logs and correlated with previous alerts.",CRITICAL,98,79
CSE-A,ALT-00503,ASSET-061,HIGH,Network Anomaly,2026-04-18 13:25:11,2026-04-18 13:53:14,2026-04-18 14:07:14,2026-04-18 17:18:02,2026-04-18 17:26:26,False,False Positive,True,Investigation completed; evidence recorded and escalated per playbook.,HIGH,180,146
CSE-C,ALT-00504,ASSET-096,LOW,Unauthorized Access,2026-01-03 12:23:04,2026-01-03 13:10:46,,,2026-01-03 16:16:28,False,Escalated to Tier-2,False,,MEDIUM,183,41
CSE-D,ALT-00505,ASSET-025,LOW,Network Anomaly,2026-03-23 15:56:16,2026-03-23 16:15:02,2026-03-23 16:30:02,2026-03-23 17:49:42,2026-03-24 04:09:39,True,True Positive,True,Alert correlated with threat intel; full timeline documented.,HIGH,149,157
CSE-D,ALT-00506,ASSET-053,HIGH,Data Exfiltration,2026-02-18 19:41:00,2026-02-18 19:54:52,2026-02-18 20:04:52,2026-02-18 22:57:24,2026-02-19 08:51:23,False,False Positive,True,Analyst reviewed logs and confirmed activity with evidence archived.,HIGH,186,180
CSE-C,ALT-00507,ASSET-012,CRITICAL,Suspicious Login,2026-04-28 12:01:35,2026-04-28 12:40:45,,,2026-04-28 12:06:15,False,Under Investigation,False,N/A,HIGH,142,24
CSE-E,ALT-00508,ASSET-001,CRITICAL,Network Anomaly,2026-05-09 09:33:42,2026-05-09 10:16:36,,,2026-05-09 09:37:49,False,False Positive,False,Closed quickly — no notes.,MEDIUM,199,117
CSE-C,ALT-00509,ASSET-074,HIGH,Unauthorized Access,2026-06-22 16:04:02,2026-06-22 16:05:03,2026-06-22 16:17:03,2026-06-22 16:45:55,2026-06-22 23:24:50,False,False Positive,True,Analyst investigation performed; packet capture and EDR evidence attached.,MEDIUM,120,43
CSE-B,ALT-00510,ASSET-017,MEDIUM,Unauthorized Access,2026-01-14 19:43:27,2026-01-14 20:05:07,2026-01-14 20:29:07,2026-01-14 21:18:32,2026-01-15 05:24:17,False,True Positive,True,Investigation completed; evidence recorded and escalated per playbook.,HIGH,170,155
CSE-C,ALT-00511,ASSET-011,MEDIUM,Suspicious Login,2026-03-24 10:35:01,2026-03-24 11:03:01,,,2026-03-24 12:41:02,False,Under Investigation,False,N/A,HIGH,93,37
CSE-D,ALT-00512,ASSET-081,MEDIUM,Privilege Escalation,2026-02-17 12:47:19,2026-02-17 12:55:53,2026-02-17 13:19:53,2026-02-17 16:48:42,2026-02-18 01:10:56,False,Escalated to Tier-2,True,Investigation completed; evidence recorded and escalated per playbook.,CRITICAL,154,158
CSE-D,ALT-00513,ASSET-081,LOW,Brute Force,2026-01-28 13:28:57,2026-01-28 13:36:02,2026-01-28 13:48:02,2026-01-28 15:49:27,2026-01-28 22:58:52,True,True Positive,True,Analyst reviewed logs and confirmed activity with evidence archived.,CRITICAL,167,152
CSE-D,ALT-00514,ASSET-067,LOW,Suspicious Login,2026-03-18 12:02:42,2026-03-18 12:23:22,2026-03-18 12:25:22,2026-03-18 13:40:43,2026-03-18 21:39:01,False,True Positive,True,Investigation completed; evidence recorded and escalated per playbook.,MEDIUM,198,166
CSE-A,ALT-00515,ASSET-045,MEDIUM,Suspicious Login,2026-02-25 03:55:57,2026-02-25 04:03:58,2026-02-25 04:11:58,2026-02-25 05:09:44,2026-02-25 09:23:15,False,Escalated to Tier-2,True,"Reviewed source IP, asset logs and correlated with previous alerts.",MEDIUM,163,141
CSE-D,ALT-00516,ASSET-027,MEDIUM,Unauthorized Access,2026-02-19 12:22:43,2026-02-19 12:47:00,,,2026-02-19 23:44:50,False,True Positive,False,,MEDIUM,142,132
CSE-D,ALT-00517,ASSET-078,MEDIUM,Phishing,2026-03-23 15:32:27,2026-03-23 15:41:03,2026-03-23 16:02:03,2026-03-23 16:49:31,2026-03-23 17:15:35,False,False Positive,True,"Reviewed source IP, asset logs and correlated with previous alerts.",MEDIUM,162,178
CSE-C,ALT-00518,ASSET-089,HIGH,Brute Force,2026-02-16 14:39:50,2026-02-16 14:52:12,2026-02-16 14:59:12,2026-02-16 15:22:35,2026-02-16 16:27:01,False,True Positive,True,Investigation completed; evidence recorded and escalated per playbook.,CRITICAL,132,29
CSE-C,ALT-00519,ASSET-074,LOW,Brute Force,2026-04-09 12:37:33,2026-04-09 12:51:39,,,2026-04-09 18:23:35,False,Under Investigation,False,N/A,MEDIUM,143,59
CSE-C,ALT-00520,ASSET-037,MEDIUM,Data Exfiltration,2026-02-20 17:25:31,2026-02-20 17:28:48,2026-02-20 17:32:48,2026-02-20 17:48:58,2026-02-20 20:36:25,False,Under Investigation,True,Analyst investigation performed; packet capture and EDR evidence attached.,CRITICAL,190,87
CSE-D,ALT-00521,ASSET-052,HIGH,Unauthorized Access,2026-01-10 18:00:02,2026-01-10 18:12:43,2026-01-10 18:28:43,2026-01-10 19:32:36,2026-01-11 07:33:02,False,Under Investigation,True,Alert correlated with threat intel; full timeline documented.,CRITICAL,179,161
CSE-A,ALT-00522,ASSET-093,MEDIUM,Network Anomaly,2026-05-07 04:08:53,2026-05-07 04:22:32,2026-05-07 04:30:32,2026-05-07 05:10:24,2026-05-07 07:29:38,False,Under Investigation,True,Analyst reviewed logs and confirmed activity with evidence archived.,HIGH,101,78
CSE-E,ALT-00523,ASSET-059,LOW,Malware,2026-03-08 01:28:07,2026-03-08 01:39:26,2026-03-08 01:50:26,2026-03-08 04:32:16,2026-03-08 06:41:10,False,True Positive,True,Alert correlated with threat intel; full timeline documented.,CRITICAL,151,124
CSE-D,ALT-00524,ASSET-072,MEDIUM,Brute Force,2026-05-14 17:09:42,2026-05-14 17:26:59,2026-05-14 17:50:59,2026-05-14 22:13:13,2026-05-14 22:57:48,False,True Positive,True,Analyst reviewed logs and confirmed activity with evidence archived.,MEDIUM,111,108
CSE-A,ALT-00525,ASSET-091,CRITICAL,Network Anomaly,2026-01-16 12:41:29,2026-01-16 13:09:53,2026-01-16 13:13:53,2026-01-16 16:23:06,2026-01-16 22:41:47,True,Escalated to Tier-2,True,Analyst investigation performed; packet capture and EDR evidence attached.,CRITICAL,144,110
CSE-B,ALT-00526,ASSET-015,LOW,Unauthorized Access,2026-04-26 17:31:12,2026-04-26 18:27:24,2026-04-26 18:41:24,2026-04-26 19:29:07,2026-04-26 20:41:33,False,True Positive,True,Investigation completed; evidence recorded and escalated per playbook.,CRITICAL,187,111
CSE-D,ALT-00527,ASSET-084,MEDIUM,Network Anomaly,2026-04-01 10:26:22,2026-04-01 10:41:35,2026-04-01 10:58:35,2026-04-01 14:54:07,2026-04-01 12:36:03,False,True Positive,True,Investigation completed; evidence recorded and escalated per playbook.,HIGH,198,180
CSE-B,ALT-00528,ASSET-009,HIGH,Phishing,2026-05-16 17:51:27,2026-05-16 18:10:10,2026-05-16 18:18:10,2026-05-16 18:51:24,2026-05-16 19:35:07,True,True Positive,True,Analyst reviewed logs and confirmed activity with evidence archived.,HIGH,140,93
CSE-D,ALT-00529,ASSET-090,MEDIUM,Brute Force,2026-02-26 13:34:31,2026-02-26 13:42:41,2026-02-26 13:54:41,2026-02-26 16:37:26,2026-02-26 19:37:27,True,True Positive,True,Analyst investigation performed; packet capture and EDR evidence attached.,HIGH,174,150
CSE-B,ALT-00530,ASSET-077,HIGH,Brute Force,2026-02-12 16:46:09,2026-02-12 16:52:51,2026-02-12 17:03:51,2026-02-12 17:14:02,2026-02-12 18:41:01,False,Under Investigation,True,Investigation completed; evidence recorded and escalated per playbook.,HIGH,191,151
CSE-B,ALT-00531,ASSET-063,MEDIUM,Malware,2026-01-05 13:57:53,2026-01-05 14:32:26,2026-01-05 14:57:26,2026-01-05 15:40:15,2026-01-05 16:44:45,False,False Positive,True,Analyst reviewed logs and confirmed activity with evidence archived.,MEDIUM,135,109
CSE-C,ALT-00532,ASSET-082,HIGH,Privilege Escalation,2026-03-19 17:50:49,2026-03-19 18:34:43,,,2026-03-19 23:01:50,False,Under Investigation,False,N/A,CRITICAL,142,73
CSE-B,ALT-00533,ASSET-068,HIGH,Malware,2026-03-04 16:21:23,2026-03-04 16:53:10,2026-03-04 17:06:10,2026-03-04 19:54:16,2026-03-05 02:41:07,False,Escalated to Tier-2,True,Investigation completed; evidence recorded and escalated per playbook.,CRITICAL,159,144
CSE-E,ALT-00534,ASSET-088,HIGH,Phishing,2026-03-21 17:52:44,2026-03-21 18:41:37,2026-03-21 18:55:37,2026-03-21 20:57:13,2026-03-22 00:01:44,False,False Positive,True,Investigation completed; evidence recorded and escalated per playbook.,CRITICAL,108,70
CSE-E,ALT-00535,ASSET-046,MEDIUM,Suspicious Login,2026-03-19 10:06:51,2026-03-19 10:48:51,2026-03-19 10:55:51,2026-03-19 12:13:43,2026-03-19 13:19:54,False,True Positive,True,Analyst investigation performed; packet capture and EDR evidence attached.,MEDIUM,70,29
CSE-C,ALT-00536,ASSET-032,LOW,Suspicious Login,2026-01-23 11:26:46,2026-01-23 11:40:13,,,2026-01-23 14:28:27,False,Escalated to Tier-2,False,,MEDIUM,171,47
CSE-A,ALT-00537,ASSET-039,LOW,Phishing,2026-06-02 16:26:43,2026-06-02 16:57:03,2026-06-02 17:02:03,2026-06-02 18:59:19,2026-06-03 00:48:38,True,True Positive,True,"Reviewed source IP, asset logs and correlated with previous alerts.",HIGH,160,142
CSE-D,ALT-00538,ASSET-004,LOW,Unauthorized Access,2026-01-25 16:32:44,2026-01-25 16:45:16,2026-01-25 17:08:16,2026-01-25 20:26:45,2026-01-26 01:02:45,False,False Positive,True,Investigation completed; evidence recorded and escalated per playbook.,MEDIUM,83,91
CSE-A,ALT-00539,ASSET-098,LOW,Phishing,2026-03-04 15:22:08,2026-03-04 15:43:42,2026-03-04 15:53:42,2026-03-04 16:36:30,2026-03-04 18:37:07,False,False Positive,True,Alert correlated with threat intel; full timeline documented.,MEDIUM,138,140
CSE-A,ALT-00540,ASSET-067,HIGH,Brute Force,2026-03-27 13:57:36,2026-03-27 14:15:20,2026-03-27 14:17:20,2026-03-27 15:35:07,2026-03-27 23:44:07,False,Benign True Positive,True,Analyst investigation performed; packet capture and EDR evidence attached.,CRITICAL,174,186
CSE-B,ALT-00541,ASSET-061,LOW,Suspicious Login,2026-03-19 09:06:51,2026-03-19 10:14:30,2026-03-19 10:18:30,2026-03-19 10:40:30,2026-03-19 12:48:03,True,True Positive,True,"Reviewed source IP, asset logs and correlated with previous alerts.",CRITICAL,199,139
CSE-A,ALT-00542,ASSET-085,HIGH,Network Anomaly,2026-02-17 18:39:16,2026-02-17 19:07:55,2026-02-17 19:29:55,2026-02-17 20:48:22,2026-02-18 06:43:56,True,Under Investigation,True,"Reviewed source IP, asset logs and correlated with previous alerts.",CRITICAL,145,149
CSE-B,ALT-00543,ASSET-073,MEDIUM,Phishing,2026-03-16 17:24:23,2026-03-16 18:54:40,2026-03-16 19:17:40,2026-03-16 19:50:09,2026-03-17 02:39:49,True,False Positive,True,Alert correlated with threat intel; full timeline documented.,HIGH,147,87
CSE-E,ALT-00544,ASSET-046,MEDIUM,Privilege Escalation,2026-02-05 16:49:17,2026-02-05 16:55:27,2026-02-05 17:12:27,2026-02-05 18:10:49,2026-02-05 23:59:59,True,Benign True Positive,True,Analyst investigation performed; packet capture and EDR evidence attached.,MEDIUM,156,95
CSE-C,ALT-00545,ASSET-034,MEDIUM,Phishing,2026-04-11 17:15:24,2026-04-11 17:47:02,,,2026-04-12 00:10:01,False,Under Investigation,False,N/A,CRITICAL,131,51
CSE-C,ALT-00546,ASSET-014,HIGH,Unauthorized Access,2026-01-18 11:42:14,2026-01-18 11:49:56,2026-01-18 12:11:56,2026-01-18 12:29:16,2026-01-18 18:45:47,False,Under Investigation,True,"Reviewed source IP, asset logs and correlated with previous alerts.",MEDIUM,112,48
CSE-D,ALT-00547,ASSET-082,LOW,Malware,2026-06-06 09:38:54,2026-06-06 10:03:58,2026-06-06 10:15:58,2026-06-06 10:46:57,2026-06-06 16:32:04,False,False Positive,True,"Reviewed source IP, asset logs and correlated with previous alerts.",HIGH,105,90
CSE-D,ALT-00548,ASSET-047,MEDIUM,Data Exfiltration,2026-02-21 16:24:52,2026-02-21 16:43:43,2026-02-21 16:46:43,2026-02-21 17:14:23,2026-02-21 21:11:45,False,Under Investigation,True,Analyst reviewed logs and confirmed activity with evidence archived.,MEDIUM,152,141
CSE-C,ALT-00549,ASSET-073,CRITICAL,Network Anomaly,2026-02-18 19:28:52,2026-02-18 20:00:24,2026-02-18 20:20:24,2026-02-18 20:50:59,2026-02-19 00:04:51,False,Escalated to Tier-2,True,"Reviewed source IP, asset logs and correlated with previous alerts.",CRITICAL,128,20
CSE-B,ALT-00550,ASSET-040,CRITICAL,Privilege Escalation,2026-01-06 13:56:59,2026-01-06 14:34:23,2026-01-06 14:37:23,2026-01-06 15:22:41,2026-01-06 19:12:17,False,Benign True Positive,True,Analyst reviewed logs and confirmed activity with evidence archived.,CRITICAL,98,75
CSE-A,ALT-00551,ASSET-005,CRITICAL,Unauthorized Access,2026-03-08 10:00:08,2026-03-08 10:08:43,2026-03-08 10:19:43,2026-03-08 11:05:58,2026-03-08 20:31:40,False,Under Investigation,True,Alert correlated with threat intel; full timeline documented.,CRITICAL,133,131
CSE-A,ALT-00552,ASSET-003,LOW,Network Anomaly,2026-02-03 09:42:06,2026-02-03 09:45:37,2026-02-03 10:06:37,2026-02-03 13:21:04,2026-02-03 15:41:27,False,Escalated to Tier-2,True,Alert correlated with threat intel; full timeline documented.,MEDIUM,83,82
CSE-E,ALT-00553,ASSET-079,MEDIUM,Unauthorized Access,2026-06-24 09:18:35,2026-06-24 10:24:38,2026-06-24 10:37:38,2026-06-24 11:15:05,2026-06-24 20:11:46,False,True Positive,True,Alert correlated with threat intel; full timeline documented.,MEDIUM,164,96
CSE-D,ALT-00554,ASSET-017,LOW,Data Exfiltration,2026-03-01 09:10:14,2026-03-01 09:26:01,2026-03-01 09:44:01,2026-03-01 10:22:52,2026-03-01 22:43:16,False,True Positive,True,Analyst reviewed logs and confirmed activity with evidence archived.,HIGH,116,92
CSE-E,ALT-00555,ASSET-029,MEDIUM,Data Exfiltration,2026-03-16 15:47:30,2026-03-16 17:16:37,2026-03-16 17:19:37,2026-03-16 18:29:11,2026-03-17 02:08:22,False,False Positive,True,"Reviewed source IP, asset logs and correlated with previous alerts.",HIGH,147,124
CSE-C,ALT-00556,ASSET-067,LOW,Data Exfiltration,2026-05-15 10:53:44,2026-05-15 11:29:16,2026-05-15 11:41:16,2026-05-15 12:11:42,2026-05-15 15:57:33,False,Escalated to Tier-2,True,Analyst investigation performed; packet capture and EDR evidence attached.,CRITICAL,184,60
CSE-C,ALT-00557,ASSET-076,MEDIUM,Suspicious Login,2026-01-10 23:50:28,2026-01-11 00:33:16,,,2026-01-11 01:03:47,False,False Positive,False,,HIGH,195,99
CSE-C,ALT-00558,ASSET-098,LOW,Unauthorized Access,2026-05-07 15:31:24,2026-05-07 16:00:26,2026-05-07 16:13:26,2026-05-07 16:21:08,2026-05-07 20:52:29,False,True Positive,True,Alert correlated with threat intel; full timeline documented.,HIGH,93,47
CSE-C,ALT-00559,ASSET-093,MEDIUM,Data Exfiltration,2026-01-08 16:24:55,2026-01-08 16:53:45,,,2026-01-08 23:38:48,False,Under Investigation,False,N/A,MEDIUM,126,64
CSE-D,ALT-00560,ASSET-005,MEDIUM,Phishing,2026-02-11 15:57:47,2026-02-11 16:06:55,2026-02-11 16:15:55,2026-02-11 18:51:00,2026-02-12 06:16:29,False,False Positive,True,"Reviewed source IP, asset logs and correlated with previous alerts.",HIGH,126,108
CSE-E,ALT-00561,ASSET-008,CRITICAL,Phishing,2026-05-26 13:30:54,2026-05-26 13:58:22,2026-05-26 14:13:22,2026-05-26 14:20:51,2026-05-26 22:35:02,False,True Positive,True,Analyst reviewed logs and confirmed activity with evidence archived.,CRITICAL,150,126
CSE-B,ALT-00562,ASSET-057,HIGH,Phishing,2026-03-08 04:20:14,2026-03-08 05:45:25,2026-03-08 06:05:25,2026-03-08 08:57:28,2026-03-08 08:13:06,True,Benign True Positive,True,"Reviewed source IP, asset logs and correlated with previous alerts.",HIGH,80,59
CSE-A,ALT-00563,ASSET-042,LOW,Phishing,2026-03-07 15:01:34,2026-03-07 15:25:36,2026-03-07 15:37:36,2026-03-07 16:47:40,2026-03-07 23:44:43,False,True Positive,True,Analyst investigation performed; packet capture and EDR evidence attached.,HIGH,186,194
CSE-A,ALT-00564,ASSET-076,MEDIUM,Phishing,2026-02-06 15:08:21,2026-02-06 15:24:18,2026-02-06 15:40:18,2026-02-06 18:25:57,2026-02-06 18:53:41,True,Escalated to Tier-2,True,Analyst reviewed logs and confirmed activity with evidence archived.,CRITICAL,157,129
CSE-E,ALT-00565,ASSET-069,MEDIUM,Privilege Escalation,2026-02-25 09:33:42,2026-02-25 11:10:51,2026-02-25 11:31:51,2026-02-25 11:56:55,2026-02-25 20:11:27,False,Under Investigation,True,"Reviewed source IP, asset logs and correlated with previous alerts.",MEDIUM,83,62
CSE-E,ALT-00566,ASSET-057,MEDIUM,Privilege Escalation,2026-03-10 14:00:58,2026-03-10 14:37:19,2026-03-10 15:02:19,2026-03-10 16:39:33,2026-03-10 20:25:06,False,Benign True Positive,True,Alert correlated with threat intel; full timeline documented.,MEDIUM,174,103
CSE-E,ALT-00567,ASSET-041,MEDIUM,Privilege Escalation,2026-06-17 12:55:28,2026-06-17 14:40:54,2026-06-17 14:45:54,2026-06-17 17:08:09,2026-06-17 17:27:32,False,False Positive,True,Alert correlated with threat intel; full timeline documented.,CRITICAL,174,104
CSE-E,ALT-00568,ASSET-089,MEDIUM,Data Exfiltration,2026-02-16 00:31:10,2026-02-16 00:51:36,2026-02-16 01:09:36,2026-02-16 03:15:23,2026-02-16 03:26:31,True,False Positive,True,Analyst reviewed logs and confirmed activity with evidence archived.,CRITICAL,88,47
CSE-D,ALT-00569,ASSET-053,LOW,Privilege Escalation,2026-02-02 13:07:45,2026-02-02 13:18:52,2026-02-02 13:29:52,2026-02-02 14:40:38,2026-02-02 15:34:39,False,Escalated to Tier-2,True,Analyst reviewed logs and confirmed activity with evidence archived.,HIGH,174,181
CSE-D,ALT-00570,ASSET-076,LOW,Suspicious Login,2026-05-31 17:23:05,2026-05-31 17:30:02,2026-05-31 17:49:02,2026-05-31 21:13:45,2026-06-01 00:58:22,False,False Positive,True,Alert correlated with threat intel; full timeline documented.,CRITICAL,178,143
CSE-D,ALT-00571,ASSET-045,MEDIUM,Unauthorized Access,2026-03-15 14:26:48,2026-03-15 14:33:57,2026-03-15 14:57:57,2026-03-15 17:00:24,2026-03-15 20:18:33,False,True Positive,True,Analyst investigation performed; packet capture and EDR evidence attached.,CRITICAL,95,84
CSE-D,ALT-00572,ASSET-077,HIGH,Suspicious Login,2026-03-15 08:51:38,2026-03-15 08:57:37,2026-03-15 09:06:37,2026-03-15 10:33:43,2026-03-15 19:23:30,False,True Positive,True,"Reviewed source IP, asset logs and correlated with previous alerts.",MEDIUM,194,182
CSE-A,ALT-00573,ASSET-012,MEDIUM,Malware,2026-04-05 16:16:46,2026-04-05 16:33:19,2026-04-05 16:48:19,2026-04-05 19:35:17,2026-04-05 19:20:47,False,False Positive,True,Analyst reviewed logs and confirmed activity with evidence archived.,MEDIUM,115,111
CSE-C,ALT-00574,ASSET-005,MEDIUM,Data Exfiltration,2026-01-20 17:39:21,2026-01-20 17:57:50,,,2026-01-21 00:02:39,False,Under Investigation,False,N/A,HIGH,180,82
CSE-B,ALT-00575,ASSET-024,LOW,Malware,2026-06-12 13:11:08,2026-06-12 14:31:32,,,2026-06-12 18:21:48,False,False Positive,False,,MEDIUM,142,90
CSE-A,ALT-00576,ASSET-045,LOW,Data Exfiltration,2026-01-01 17:22:35,2026-01-01 17:43:48,2026-01-01 17:45:48,2026-01-01 21:35:32,2026-01-02 04:57:12,False,True Positive,True,Investigation completed; evidence recorded and escalated per playbook.,HIGH,164,176
CSE-B,ALT-00577,ASSET-015,LOW,Network Anomaly,2026-05-06 13:23:38,2026-05-06 14:14:12,2026-05-06 14:18:12,2026-05-06 15:19:19,2026-05-06 21:53:40,False,Benign True Positive,True,Investigation completed; evidence recorded and escalated per playbook.,CRITICAL,151,122
CSE-D,ALT-00578,ASSET-057,LOW,Network Anomaly,2026-05-06 13:00:01,2026-05-06 13:11:18,2026-05-06 13:25:18,2026-05-06 14:11:53,2026-05-06 18:39:01,False,False Positive,True,Investigation completed; evidence recorded and escalated per playbook.,HIGH,113,120
CSE-D,ALT-00579,ASSET-003,LOW,Privilege Escalation,2026-06-12 10:31:28,2026-06-12 10:46:42,2026-06-12 10:52:42,2026-06-12 15:41:55,2026-06-12 22:15:21,False,Benign True Positive,True,Analyst reviewed logs and confirmed activity with evidence archived.,MEDIUM,82,81
CSE-C,ALT-00580,ASSET-021,LOW,Brute Force,2026-06-17 12:35:23,2026-06-17 13:10:35,,,2026-06-17 16:53:30,False,False Positive,False,N/A,MEDIUM,132,40
CSE-B,ALT-00581,ASSET-099,LOW,Malware,2026-01-06 17:58:06,2026-01-06 19:07:31,,,2026-01-06 22:17:49,False,True Positive,False,,MEDIUM,78,47
CSE-D,ALT-00582,ASSET-013,MEDIUM,Suspicious Login,2026-03-11 02:36:04,2026-03-11 02:54:50,2026-03-11 03:18:50,2026-03-11 07:05:51,2026-03-11 16:35:43,False,Escalated to Tier-2,True,Analyst reviewed logs and confirmed activity with evidence archived.,MEDIUM,181,167
CSE-C,ALT-00583,ASSET-072,MEDIUM,Unauthorized Access,2026-05-12 14:09:17,2026-05-12 14:39:29,2026-05-12 15:00:29,2026-05-12 15:20:59,2026-05-12 17:28:56,False,Escalated to Tier-2,True,Alert correlated with threat intel; full timeline documented.,CRITICAL,126,67
CSE-E,ALT-00584,ASSET-083,HIGH,Malware,2026-05-08 15:21:48,2026-05-08 16:36:33,2026-05-08 16:44:33,2026-05-08 19:16:34,2026-05-08 20:59:01,False,Benign True Positive,True,Alert correlated with threat intel; full timeline documented.,HIGH,106,78
CSE-A,ALT-00585,ASSET-020,MEDIUM,Data Exfiltration,2026-05-06 10:25:09,2026-05-06 10:39:48,2026-05-06 10:56:48,2026-05-06 13:10:51,2026-05-06 15:43:14,False,True Positive,True,Alert correlated with threat intel; full timeline documented.,CRITICAL,168,160
CSE-A,ALT-00586,ASSET-049,HIGH,Data Exfiltration,2026-05-24 18:37:31,2026-05-24 18:50:12,2026-05-24 19:05:12,2026-05-24 23:27:44,2026-05-24 20:59:10,True,Benign True Positive,True,Analyst investigation performed; packet capture and EDR evidence attached.,CRITICAL,81,61
CSE-B,ALT-00587,ASSET-093,HIGH,Brute Force,2026-01-10 16:54:10,2026-01-10 18:20:01,2026-01-10 18:25:01,2026-01-10 20:50:27,2026-01-10 18:59:19,True,Escalated to Tier-2,True,Alert correlated with threat intel; full timeline documented.,MEDIUM,139,109
CSE-C,ALT-00588,ASSET-018,HIGH,Suspicious Login,2026-02-06 12:29:51,2026-02-06 13:10:36,2026-02-06 13:30:36,2026-02-06 13:41:06,2026-02-06 15:18:35,False,Under Investigation,True,Alert correlated with threat intel; full timeline documented.,CRITICAL,181,80
CSE-C,ALT-00589,ASSET-009,HIGH,Suspicious Login,2026-05-01 09:05:19,2026-05-01 09:50:31,2026-05-01 09:54:31,2026-05-01 10:14:00,2026-05-01 10:58:34,False,Under Investigation,True,Investigation completed; evidence recorded and escalated per playbook.,HIGH,161,80
CSE-A,ALT-00590,ASSET-076,LOW,Phishing,2026-03-14 14:32:37,2026-03-14 14:57:56,2026-03-14 15:22:56,2026-03-14 19:04:55,2026-03-15 01:17:30,False,True Positive,True,Investigation completed; evidence recorded and escalated per playbook.,CRITICAL,173,139
CSE-C,ALT-00591,ASSET-061,HIGH,Suspicious Login,2026-05-14 15:32:21,2026-05-14 16:10:10,,,2026-05-14 18:52:01,False,Under Investigation,False,N/A,CRITICAL,90,38
CSE-A,ALT-00592,ASSET-042,LOW,Suspicious Login,2026-02-06 09:00:20,2026-02-06 09:05:17,,,2026-02-06 18:34:08,False,Benign True Positive,False,,HIGH,177,143
CSE-D,ALT-00593,ASSET-063,MEDIUM,Unauthorized Access,2026-06-30 14:19:53,2026-06-30 14:38:13,2026-06-30 14:58:13,2026-06-30 17:02:23,2026-07-01 03:46:22,False,False Positive,True,Investigation completed; evidence recorded and escalated per playbook.,MEDIUM,112,114
CSE-D,ALT-00594,ASSET-057,MEDIUM,Suspicious Login,2026-01-07 15:54:49,2026-01-07 16:18:11,2026-01-07 16:25:11,2026-01-07 18:17:35,2026-01-07 20:22:10,False,True Positive,True,Investigation completed; evidence recorded and escalated per playbook.,HIGH,104,80
CSE-C,ALT-00595,ASSET-078,CRITICAL,Privilege Escalation,2026-03-06 09:13:38,2026-03-06 09:31:40,,,2026-03-06 09:15:22,False,False Positive,False,N/A,CRITICAL,150,70
CSE-E,ALT-00596,ASSET-057,LOW,Malware,2026-04-05 11:36:45,2026-04-05 13:15:56,,,2026-04-05 15:05:22,False,True Positive,False,,HIGH,85,51
CSE-C,ALT-00597,ASSET-093,LOW,Data Exfiltration,2026-06-17 09:17:21,2026-06-17 10:12:04,,,2026-06-17 18:11:49,False,Escalated to Tier-2,False,Closed quickly — no notes.,MEDIUM,156,21
CSE-D,ALT-00598,ASSET-096,MEDIUM,Malware,2026-01-17 17:33:09,2026-01-17 17:58:26,2026-01-17 18:13:26,2026-01-17 18:50:43,2026-01-17 22:22:10,False,True Positive,True,Analyst investigation performed; packet capture and EDR evidence attached.,MEDIUM,200,155
CSE-E,ALT-00599,ASSET-099,HIGH,Privilege Escalation,2026-04-30 10:28:36,2026-04-30 11:32:41,2026-04-30 11:35:41,2026-04-30 12:27:27,2026-04-30 15:08:01,False,Escalated to Tier-2,True,Analyst reviewed logs and confirmed activity with evidence archived.,CRITICAL,72,38
CSE-D,ALT-00600,ASSET-029,CRITICAL,Data Exfiltration,2026-03-20 21:55:57,2026-03-20 22:04:44,2026-03-20 22:09:44,2026-03-21 01:02:47,2026-03-21 02:07:01,True,True Positive,True,Alert correlated with threat intel; full timeline documented.,CRITICAL,105,86
CSE-C,ALT-00601,ASSET-075,MEDIUM,Phishing,2026-01-24 15:12:22,2026-01-24 16:03:03,,,2026-01-24 22:14:56,False,Escalated to Tier-2,False,N/A,HIGH,158,57
CSE-C,ALT-00602,ASSET-034,MEDIUM,Phishing,2026-02-23 17:35:35,2026-02-23 18:30:22,,,2026-02-23 23:13:11,False,False Positive,False,,CRITICAL,104,39
CSE-B,ALT-00603,ASSET-083,MEDIUM,Network Anomaly,2026-05-31 15:26:42,2026-05-31 16:47:39,2026-05-31 17:10:39,2026-05-31 17:42:19,2026-05-31 17:25:49,False,False Positive,True,Investigation completed; evidence recorded and escalated per playbook.,MEDIUM,117,106
CSE-B,ALT-00604,ASSET-087,MEDIUM,Suspicious Login,2026-01-06 16:47:37,2026-01-06 18:06:21,2026-01-06 18:19:21,2026-01-06 20:26:14,2026-01-06 22:55:07,False,False Positive,True,"Reviewed source IP, asset logs and correlated with previous alerts.",HIGH,80,73
CSE-E,ALT-00605,ASSET-007,CRITICAL,Unauthorized Access,2026-03-10 13:40:37,2026-03-10 13:48:47,2026-03-10 13:58:47,2026-03-10 16:36:31,2026-03-10 16:35:55,False,Under Investigation,True,Analyst investigation performed; packet capture and EDR evidence attached.,CRITICAL,106,83
CSE-D,ALT-00606,ASSET-001,HIGH,Malware,2026-06-18 11:56:19,2026-06-18 12:07:24,2026-06-18 12:14:24,2026-06-18 16:12:29,2026-06-18 15:45:07,False,Under Investigation,True,"Reviewed source IP, asset logs and correlated with previous alerts.",HIGH,124,103
CSE-D,ALT-00607,ASSET-087,LOW,Network Anomaly,2026-06-21 16:54:45,2026-06-21 17:04:33,2026-06-21 17:17:33,2026-06-21 18:37:53,2026-06-22 00:54:22,False,True Positive,True,"Reviewed source IP, asset logs and correlated with previous alerts.",MEDIUM,134,133
CSE-A,ALT-00608,ASSET-064,HIGH,Malware,2026-02-26 06:04:49,2026-02-26 06:14:12,2026-02-26 06:31:12,2026-02-26 06:46:51,2026-02-26 13:47:10,True,True Positive,True,Analyst investigation performed; packet capture and EDR evidence attached.,CRITICAL,107,87
CSE-C,ALT-00609,ASSET-014,HIGH,Suspicious Login,2026-04-19 14:18:24,2026-04-19 15:03:16,,,2026-04-19 18:58:27,False,Under Investigation,False,Closed quickly — no notes.,HIGH,100,21
CSE-D,ALT-00610,ASSET-078,LOW,Malware,2026-02-11 17:39:24,2026-02-11 18:02:53,2026-02-11 18:23:53,2026-02-11 22:04:20,2026-02-12 00:13:20,False,Benign True Positive,True,Analyst reviewed logs and confirmed activity with evidence archived.,MEDIUM,196,181
CSE-D,ALT-00611,ASSET-059,LOW,Privilege Escalation,2026-01-29 14:28:34,2026-01-29 14:43:29,2026-01-29 14:48:29,2026-01-29 15:06:50,2026-01-29 20:07:41,False,Benign True Positive,True,Analyst investigation performed; packet capture and EDR evidence attached.,HIGH,139,116
CSE-D,ALT-00612,ASSET-039,MEDIUM,Malware,2026-06-03 13:18:27,2026-06-03 13:31:10,2026-06-03 13:32:10,2026-06-03 18:24:27,2026-06-03 19:31:32,False,False Positive,True,"Reviewed source IP, asset logs and correlated with previous alerts.",HIGH,156,122
CSE-E,ALT-00613,ASSET-094,LOW,Data Exfiltration,2026-02-14 10:36:08,2026-02-14 12:14:17,2026-02-14 12:28:17,2026-02-14 13:43:39,2026-02-14 16:49:15,False,Under Investigation,True,Alert correlated with threat intel; full timeline documented.,MEDIUM,187,87
CSE-C,ALT-00614,ASSET-074,CRITICAL,Brute Force,2026-04-08 10:20:21,2026-04-08 11:21:01,,,2026-04-08 10:23:08,False,Under Investigation,False,N/A,CRITICAL,155,51
CSE-A,ALT-00615,ASSET-035,MEDIUM,Network Anomaly,2026-02-25 14:54:17,2026-02-25 15:20:01,2026-02-25 15:29:01,2026-02-25 20:00:43,2026-02-26 02:24:26,False,Benign True Positive,True,Analyst reviewed logs and confirmed activity with evidence archived.,CRITICAL,106,81
CSE-B,ALT-00616,ASSET-076,HIGH,Network Anomaly,2026-06-03 21:40:20,2026-06-03 21:57:34,2026-06-03 22:20:34,2026-06-03 23:48:48,2026-06-04 03:22:20,False,Under Investigation,True,Analyst reviewed logs and confirmed activity with evidence archived.,HIGH,154,120
CSE-E,ALT-00617,ASSET-085,CRITICAL,Privilege Escalation,2026-03-23 16:35:09,2026-03-23 17:40:03,,,2026-03-23 20:59:46,False,False Positive,False,,MEDIUM,194,130
CSE-A,ALT-00618,ASSET-097,HIGH,Privilege Escalation,2026-03-19 14:22:28,2026-03-19 14:45:57,2026-03-19 15:05:57,2026-03-19 16:46:36,2026-03-20 01:09:24,False,Under Investigation,True,Investigation completed; evidence recorded and escalated per playbook.,MEDIUM,151,150
CSE-D,ALT-00619,ASSET-071,LOW,Suspicious Login,2026-04-07 11:06:06,2026-04-07 11:20:19,2026-04-07 11:24:19,2026-04-07 14:07:30,2026-04-08 01:26:08,False,Escalated to Tier-2,True,"Reviewed source IP, asset logs and correlated with previous alerts.",HIGH,176,153
CSE-C,ALT-00620,ASSET-023,HIGH,Privilege Escalation,2026-06-11 14:25:32,2026-06-11 15:01:06,2026-06-11 15:14:06,2026-06-11 15:31:54,2026-06-11 17:47:58,False,True Positive,True,Alert correlated with threat intel; full timeline documented.,HIGH,90,30
CSE-D,ALT-00621,ASSET-094,MEDIUM,Brute Force,2026-04-09 16:08:26,2026-04-09 16:23:38,2026-04-09 16:43:38,2026-04-09 18:52:46,2026-04-10 03:58:10,False,False Positive,True,Analyst investigation performed; packet capture and EDR evidence attached.,HIGH,82,70
CSE-B,ALT-00622,ASSET-021,MEDIUM,Network Anomaly,2026-06-25 15:19:01,2026-06-25 16:40:57,,,2026-06-26 02:36:29,False,Under Investigation,False,Closed quickly — no notes.,HIGH,131,79
CSE-C,ALT-00623,ASSET-043,CRITICAL,Brute Force,2026-01-08 16:52:29,2026-01-08 17:09:12,,,2026-01-08 21:25:44,False,Escalated to Tier-2,False,,MEDIUM,121,33
CSE-A,ALT-00624,ASSET-069,LOW,Unauthorized Access,2026-05-14 13:09:04,2026-05-14 13:36:30,,,2026-05-14 23:31:37,False,Benign True Positive,False,N/A,MEDIUM,136,119
CSE-C,ALT-00625,ASSET-093,MEDIUM,Malware,2026-04-04 17:43:40,2026-04-04 18:26:08,2026-04-04 18:30:08,2026-04-04 18:35:17,2026-04-05 01:15:00,False,Under Investigation,True,Investigation completed; evidence recorded and escalated per playbook.,CRITICAL,142,53
CSE-B,ALT-00626,ASSET-036,LOW,Data Exfiltration,2026-03-09 10:15:29,2026-03-09 11:23:17,2026-03-09 11:32:17,2026-03-09 13:04:35,2026-03-09 17:32:07,False,True Positive,True,Alert correlated with threat intel; full timeline documented.,HIGH,105,62
CSE-A,ALT-00627,ASSET-019,HIGH,Privilege Escalation,2026-05-25 13:58:19,2026-05-25 14:22:29,2026-05-25 14:32:29,2026-05-25 18:51:14,2026-05-25 20:08:38,False,Benign True Positive,True,Alert correlated with threat intel; full timeline documented.,HIGH,189,172
CSE-B,ALT-00628,ASSET-041,CRITICAL,Data Exfiltration,2026-05-30 09:12:16,2026-05-30 10:04:02,2026-05-30 10:21:02,2026-05-30 12:09:32,2026-05-30 16:26:43,True,Under Investigation,True,Analyst investigation performed; packet capture and EDR evidence attached.,CRITICAL,194,160
CSE-D,ALT-00629,ASSET-082,HIGH,Unauthorized Access,2026-01-04 10:06:21,2026-01-04 10:15:40,2026-01-04 10:20:40,2026-01-04 12:58:18,2026-01-04 22:20:52,False,False Positive,True,Analyst reviewed logs and confirmed activity with evidence archived.,MEDIUM,187,193
CSE-B,ALT-00630,ASSET-033,LOW,Privilege Escalation,2026-06-20 10:41:21,2026-06-20 11:50:25,2026-06-20 12:08:25,2026-06-20 14:31:20,2026-06-20 13:17:53,False,True Positive,True,Analyst reviewed logs and confirmed activity with evidence archived.,MEDIUM,116,100
CSE-B,ALT-00631,ASSET-075,HIGH,Network Anomaly,2026-02-15 13:32:35,2026-02-15 14:12:40,2026-02-15 14:36:40,2026-02-15 14:58:37,2026-02-15 23:37:59,True,True Positive,True,"Reviewed source IP, asset logs and correlated with previous alerts.",MEDIUM,192,144
CSE-A,ALT-00632,ASSET-015,HIGH,Brute Force,2026-02-20 16:32:05,2026-02-20 16:49:17,2026-02-20 17:08:17,2026-02-20 19:13:55,2026-02-20 22:41:53,True,False Positive,True,Alert correlated with threat intel; full timeline documented.,MEDIUM,136,137
CSE-E,ALT-00633,ASSET-032,LOW,Network Anomaly,2026-01-01 15:56:38,2026-01-01 16:36:09,2026-01-01 16:47:09,2026-01-01 19:01:39,2026-01-01 21:51:50,False,Under Investigation,True,Analyst investigation performed; packet capture and EDR evidence attached.,HIGH,198,115
CSE-A,ALT-00634,ASSET-088,LOW,Suspicious Login,2026-05-05 17:41:30,2026-05-05 17:58:40,2026-05-05 18:23:40,2026-05-05 22:20:23,2026-05-05 20:20:39,False,True Positive,True,Investigation completed; evidence recorded and escalated per playbook.,HIGH,103,80
CSE-B,ALT-00635,ASSET-021,HIGH,Phishing,2026-03-23 16:06:06,2026-03-23 16:50:05,2026-03-23 17:09:05,2026-03-23 20:06:14,2026-03-23 20:00:17,False,Under Investigation,True,Investigation completed; evidence recorded and escalated per playbook.,HIGH,110,77
CSE-D,ALT-00636,ASSET-054,MEDIUM,Unauthorized Access,2026-03-10 13:29:30,2026-03-10 13:40:53,2026-03-10 13:51:53,2026-03-10 17:08:46,2026-03-10 22:21:12,False,False Positive,True,Investigation completed; evidence recorded and escalated per playbook.,CRITICAL,200,182
CSE-C,ALT-00637,ASSET-072,MEDIUM,Suspicious Login,2026-04-27 00:39:52,2026-04-27 01:26:04,2026-04-27 01:49:04,2026-04-27 01:59:22,2026-04-27 01:58:24,False,Benign True Positive,True,Investigation completed; evidence recorded and escalated per playbook.,HIGH,115,56
CSE-E,ALT-00638,ASSET-091,MEDIUM,Phishing,2026-01-28 11:44:20,2026-01-28 13:21:50,,,2026-01-28 21:47:52,False,False Positive,False,N/A,HIGH,141,123
CSE-D,ALT-00639,ASSET-012,CRITICAL,Malware,2026-06-13 15:18:28,2026-06-13 15:29:35,2026-06-13 15:53:35,2026-06-13 16:45:55,2026-06-13 19:04:12,True,True Positive,True,Alert correlated with threat intel; full timeline documented.,CRITICAL,149,151
CSE-E,ALT-00640,ASSET-028,MEDIUM,Phishing,2026-06-26 10:09:55,2026-06-26 11:55:39,,,2026-06-26 18:30:36,False,Under Investigation,False,Closed quickly — no notes.,CRITICAL,189,102
CSE-C,ALT-00641,ASSET-073,CRITICAL,Phishing,2026-03-07 09:23:08,2026-03-07 09:31:49,2026-03-07 09:44:49,2026-03-07 10:12:20,2026-03-07 10:22:47,False,Benign True Positive,True,Analyst reviewed logs and confirmed activity with evidence archived.,CRITICAL,154,75
CSE-E,ALT-00642,ASSET-074,MEDIUM,Privilege Escalation,2026-06-12 10:17:36,2026-06-12 10:34:11,,,2026-06-12 13:42:02,False,Under Investigation,False,N/A,MEDIUM,118,93
CSE-D,ALT-00643,ASSET-003,LOW,Network Anomaly,2026-04-26 05:11:41,2026-04-26 05:23:45,2026-04-26 05:42:45,2026-04-26 08:51:14,2026-04-26 19:43:29,False,Escalated to Tier-2,True,Analyst investigation performed; packet capture and EDR evidence attached.,HIGH,117,92
CSE-A,ALT-00644,ASSET-040,CRITICAL,Privilege Escalation,2026-04-20 12:48:37,2026-04-20 13:12:26,2026-04-20 13:27:26,2026-04-20 15:25:15,2026-04-20 23:47:35,True,True Positive,True,Analyst investigation performed; packet capture and EDR evidence attached.,CRITICAL,157,164
CSE-B,ALT-00645,ASSET-057,MEDIUM,Brute Force,2026-03-25 07:51:42,2026-03-25 08:22:54,2026-03-25 08:36:54,2026-03-25 09:51:08,2026-03-25 14:55:55,True,Under Investigation,True,"Reviewed source IP, asset logs and correlated with previous alerts.",CRITICAL,166,90
CSE-D,ALT-00646,ASSET-016,CRITICAL,Network Anomaly,2026-04-13 15:29:37,2026-04-13 15:34:42,,,2026-04-14 04:56:15,True,Under Investigation,False,N/A,MEDIUM,125,127
CSE-D,ALT-00647,ASSET-056,HIGH,Brute Force,2026-05-10 13:21:32,2026-05-10 13:27:01,2026-05-10 13:40:01,2026-05-10 17:30:26,2026-05-10 20:30:24,False,Under Investigation,True,Analyst reviewed logs and confirmed activity with evidence archived.,MEDIUM,163,138
CSE-D,ALT-00648,ASSET-008,LOW,Malware,2026-03-12 14:31:02,2026-03-12 14:37:56,2026-03-12 14:56:56,2026-03-12 15:16:04,2026-03-12 18:17:04,False,Under Investigation,True,Analyst investigation performed; packet capture and EDR evidence attached.,HIGH,106,117
CSE-C,ALT-00649,ASSET-021,HIGH,Unauthorized Access,2026-02-10 11:58:59,2026-02-10 12:33:08,,,2026-02-10 14:25:31,False,True Positive,False,N/A,CRITICAL,116,32
CSE-C,ALT-00650,ASSET-049,LOW,Phishing,2026-06-09 09:26:21,2026-06-09 09:29:17,,,2026-06-09 17:15:26,False,True Positive,False,N/A,MEDIUM,182,58
CSE-A,ALT-00651,ASSET-061,CRITICAL,Data Exfiltration,2026-01-24 10:07:07,2026-01-24 10:24:36,,,2026-01-24 21:27:27,False,True Positive,False,N/A,CRITICAL,121,118
CSE-E,ALT-00652,ASSET-014,MEDIUM,Brute Force,2026-05-03 12:20:08,2026-05-03 12:53:40,2026-05-03 12:58:40,2026-05-03 14:01:22,2026-05-03 14:56:25,False,Under Investigation,True,Analyst reviewed logs and confirmed activity with evidence archived.,CRITICAL,134,75
CSE-C,ALT-00653,ASSET-095,HIGH,Network Anomaly,2026-06-21 17:49:36,2026-06-21 18:46:53,,,2026-06-21 21:54:20,False,True Positive,False,,MEDIUM,94,42
CSE-A,ALT-00654,ASSET-074,LOW,Suspicious Login,2026-01-04 09:34:53,2026-01-04 10:02:08,2026-01-04 10:13:08,2026-01-04 10:33:44,2026-01-04 19:03:02,False,Benign True Positive,True,Alert correlated with threat intel; full timeline documented.,HIGH,107,96
CSE-E,ALT-00655,ASSET-047,MEDIUM,Phishing,2026-06-17 11:30:21,2026-06-17 13:29:32,2026-06-17 13:45:32,2026-06-17 16:11:01,2026-06-17 19:45:20,False,True Positive,True,Analyst reviewed logs and confirmed activity with evidence archived.,HIGH,76,60
CSE-A,ALT-00656,ASSET-066,HIGH,Network Anomaly,2026-01-29 14:02:08,2026-01-29 14:31:30,2026-01-29 14:45:30,2026-01-29 19:43:35,2026-01-29 18:22:55,False,Under Investigation,True,Analyst investigation performed; packet capture and EDR evidence attached.,CRITICAL,187,179
CSE-B,ALT-00657,ASSET-022,MEDIUM,Privilege Escalation,2026-05-15 11:35:36,2026-05-15 12:48:09,2026-05-15 13:06:09,2026-05-15 14:43:43,2026-05-15 22:21:19,False,True Positive,True,"Reviewed source IP, asset logs and correlated with previous alerts.",HIGH,127,109
CSE-E,ALT-00658,ASSET-033,LOW,Unauthorized Access,2026-02-21 15:50:18,2026-02-21 16:45:15,2026-02-21 16:59:15,2026-02-21 19:05:44,2026-02-21 19:30:01,False,True Positive,True,Investigation completed; evidence recorded and escalated per playbook.,MEDIUM,149,83
CSE-E,ALT-00659,ASSET-076,LOW,Malware,2026-04-16 17:12:52,2026-04-16 17:38:40,,,2026-04-17 00:44:30,False,False Positive,False,,CRITICAL,159,75
CSE-B,ALT-00660,ASSET-077,LOW,Brute Force,2026-05-30 05:10:13,2026-05-30 06:11:22,2026-05-30 06:36:22,2026-05-30 08:04:22,2026-05-30 15:34:41,False,Under Investigation,True,Analyst reviewed logs and confirmed activity with evidence archived.,HIGH,182,117
CSE-E,ALT-00661,ASSET-063,LOW,Network Anomaly,2026-02-09 14:49:56,2026-02-09 15:28:58,2026-02-09 15:37:58,2026-02-09 16:11:38,2026-02-09 23:10:35,False,Under Investigation,True,Alert correlated with threat intel; full timeline documented.,MEDIUM,127,79
CSE-E,ALT-00662,ASSET-093,LOW,Privilege Escalation,2026-03-03 22:41:31,2026-03-04 00:34:15,,,2026-03-04 01:57:55,False,Under Investigation,False,Closed quickly — no notes.,MEDIUM,134,94
CSE-D,ALT-00663,ASSET-078,MEDIUM,Phishing,2026-04-02 10:43:45,2026-04-02 11:01:00,2026-04-02 11:09:00,2026-04-02 15:06:42,2026-04-02 13:47:49,False,False Positive,True,Investigation completed; evidence recorded and escalated per playbook.,MEDIUM,128,129
CSE-D,ALT-00664,ASSET-006,CRITICAL,Brute Force,2026-06-01 21:56:06,2026-06-01 22:16:12,2026-06-01 22:41:12,2026-06-02 00:58:35,2026-06-02 09:34:38,False,Benign True Positive,True,Analyst investigation performed; packet capture and EDR evidence attached.,HIGH,189,178
CSE-A,ALT-00665,ASSET-046,LOW,Unauthorized Access,2026-06-21 07:22:36,2026-06-21 07:29:37,2026-06-21 07:40:37,2026-06-21 08:45:55,2026-06-21 08:44:23,False,Under Investigation,True,Alert correlated with threat intel; full timeline documented.,MEDIUM,124,106
CSE-C,ALT-00666,ASSET-023,HIGH,Malware,2026-03-25 13:29:49,2026-03-25 14:20:59,2026-03-25 14:45:59,2026-03-25 15:15:34,2026-03-25 21:00:24,False,Under Investigation,True,Investigation completed; evidence recorded and escalated per playbook.,MEDIUM,199,27
CSE-E,ALT-00667,ASSET-045,MEDIUM,Data Exfiltration,2026-03-23 03:27:58,2026-03-23 05:05:03,2026-03-23 05:16:03,2026-03-23 08:00:34,2026-03-23 12:01:15,False,Under Investigation,True,"Reviewed source IP, asset logs and correlated with previous alerts.",HIGH,182,144
CSE-B,ALT-00668,ASSET-085,HIGH,Brute Force,2026-02-18 17:38:44,2026-02-18 19:06:19,2026-02-18 19:24:19,2026-02-18 21:46:30,2026-02-18 20:53:31,True,Benign True Positive,True,Alert correlated with threat intel; full timeline documented.,HIGH,137,83
CSE-E,ALT-00669,ASSET-004,HIGH,Suspicious Login,2026-04-09 14:00:39,2026-04-09 15:17:44,2026-04-09 15:25:44,2026-04-09 17:24:36,2026-04-09 19:54:19,False,Escalated to Tier-2,True,Analyst reviewed logs and confirmed activity with evidence archived.,HIGH,126,67
CSE-D,ALT-00670,ASSET-052,MEDIUM,Data Exfiltration,2026-02-07 13:09:01,2026-02-07 13:30:31,2026-02-07 13:44:31,2026-02-07 18:44:06,2026-02-07 17:46:57,True,False Positive,True,Analyst investigation performed; packet capture and EDR evidence attached.,HIGH,193,207
CSE-C,ALT-00671,ASSET-069,MEDIUM,Privilege Escalation,2026-03-09 15:13:57,2026-03-09 16:14:56,2026-03-09 16:32:56,2026-03-09 16:46:00,2026-03-09 19:19:51,False,Under Investigation,True,"Reviewed source IP, asset logs and correlated with previous alerts.",HIGH,102,58
CSE-D,ALT-00672,ASSET-080,MEDIUM,Brute Force,2026-06-04 14:56:45,2026-06-04 15:21:26,,,2026-06-05 00:17:43,False,True Positive,False,,HIGH,155,139
CSE-A,ALT-00673,ASSET-098,MEDIUM,Malware,2026-03-30 11:31:04,2026-03-30 11:54:26,2026-03-30 12:18:26,2026-03-30 14:55:02,2026-03-30 13:08:11,False,False Positive,True,Investigation completed; evidence recorded and escalated per playbook.,MEDIUM,130,109
CSE-C,ALT-00674,ASSET-007,HIGH,Phishing,2026-03-26 17:40:26,2026-03-26 17:51:15,,,2026-03-26 23:11:35,False,Escalated to Tier-2,False,N/A,MEDIUM,135,45
CSE-E,ALT-00675,ASSET-053,CRITICAL,Unauthorized Access,2026-02-11 13:14:38,2026-02-11 14:59:26,,,2026-02-11 13:19:24,False,False Positive,False,,CRITICAL,157,81
CSE-C,ALT-00676,ASSET-068,CRITICAL,Unauthorized Access,2026-03-06 12:08:16,2026-03-06 12:34:28,,,2026-03-06 12:09:49,False,Under Investigation,False,N/A,CRITICAL,129,18
CSE-E,ALT-00677,ASSET-057,HIGH,Brute Force,2026-02-14 17:30:11,2026-02-14 18:43:24,,,2026-02-14 21:47:02,False,True Positive,False,,MEDIUM,115,77
CSE-A,ALT-00678,ASSET-059,MEDIUM,Brute Force,2026-03-21 03:40:22,2026-03-21 04:03:33,2026-03-21 04:09:33,2026-03-21 05:16:04,2026-03-21 15:05:42,False,Escalated to Tier-2,True,"Reviewed source IP, asset logs and correlated with previous alerts.",MEDIUM,150,158
CSE-A,ALT-00679,ASSET-097,MEDIUM,Brute Force,2026-03-28 11:24:15,2026-03-28 11:52:46,2026-03-28 12:05:46,2026-03-28 12:42:08,2026-03-28 20:49:37,False,Benign True Positive,True,Analyst reviewed logs and confirmed activity with evidence archived.,MEDIUM,92,92
CSE-C,ALT-00680,ASSET-063,LOW,Unauthorized Access,2026-05-20 13:49:20,2026-05-20 13:58:48,,,2026-05-20 19:39:15,False,Benign True Positive,False,Closed quickly — no notes.,CRITICAL,103,27
CSE-E,ALT-00681,ASSET-069,HIGH,Network Anomaly,2026-03-15 23:51:03,2026-03-16 01:03:56,2026-03-16 01:06:56,2026-03-16 02:30:53,2026-03-16 10:44:07,False,Under Investigation,True,Analyst investigation performed; packet capture and EDR evidence attached.,CRITICAL,147,88
CSE-E,ALT-00682,ASSET-074,CRITICAL,Unauthorized Access,2026-05-11 12:02:32,2026-05-11 12:55:15,2026-05-11 13:02:15,2026-05-11 13:32:44,2026-05-11 18:47:19,False,False Positive,True,"Reviewed source IP, asset logs and correlated with previous alerts.",CRITICAL,167,84
CSE-C,ALT-00683,ASSET-088,CRITICAL,Data Exfiltration,2026-06-18 11:17:11,2026-06-18 11:43:03,2026-06-18 11:56:03,2026-06-18 11:59:12,2026-06-18 17:21:45,False,Escalated to Tier-2,True,"Reviewed source IP, asset logs and correlated with previous alerts.",HIGH,170,45
CSE-C,ALT-00684,ASSET-099,HIGH,Malware,2026-04-17 12:52:17,2026-04-17 13:47:14,2026-04-17 14:12:14,2026-04-17 14:29:30,2026-04-17 14:12:54,False,True Positive,True,Analyst investigation performed; packet capture and EDR evidence attached.,HIGH,174,67
CSE-A,ALT-00685,ASSET-073,HIGH,Network Anomaly,2026-01-18 14:35:10,2026-01-18 15:00:26,,,2026-01-18 22:32:44,False,True Positive,False,N/A,CRITICAL,177,138
CSE-A,ALT-00686,ASSET-095,MEDIUM,Network Anomaly,2026-02-21 09:36:30,2026-02-21 09:53:36,2026-02-21 09:55:36,2026-02-21 13:28:47,2026-02-21 11:47:51,False,False Positive,True,Analyst reviewed logs and confirmed activity with evidence archived.,CRITICAL,156,163
CSE-E,ALT-00687,ASSET-020,LOW,Data Exfiltration,2026-02-23 09:44:36,2026-02-23 09:50:45,2026-02-23 09:59:45,2026-02-23 10:49:07,2026-02-23 13:41:42,False,False Positive,True,Alert correlated with threat intel; full timeline documented.,MEDIUM,199,91
CSE-B,ALT-00688,ASSET-067,HIGH,Network Anomaly,2026-01-07 02:22:53,2026-01-07 02:59:31,2026-01-07 03:17:31,2026-01-07 04:03:40,2026-01-07 08:54:34,True,True Positive,True,Analyst investigation performed; packet capture and EDR evidence attached.,HIGH,113,94
CSE-C,ALT-00689,ASSET-037,CRITICAL,Brute Force,2026-06-25 15:30:00,2026-06-25 16:07:03,,,2026-06-25 15:32:48,False,False Positive,False,N/A,CRITICAL,185,40
CSE-E,ALT-00690,ASSET-003,HIGH,Network Anomaly,2026-05-03 05:13:29,2026-05-03 06:27:25,2026-05-03 06:32:25,2026-05-03 07:51:05,2026-05-03 13:29:41,False,False Positive,True,"Reviewed source IP, asset logs and correlated with previous alerts.",HIGH,146,76
CSE-D,ALT-00691,ASSET-018,LOW,Data Exfiltration,2026-04-13 15:01:13,2026-04-13 15:15:39,2026-04-13 15:30:39,2026-04-13 19:37:07,2026-04-14 00:10:02,False,Benign True Positive,True,Alert correlated with threat intel; full timeline documented.,MEDIUM,106,89
CSE-E,ALT-00692,ASSET-080,HIGH,Privilege Escalation,2026-04-29 15:58:23,2026-04-29 17:25:42,2026-04-29 17:30:42,2026-04-29 19:35:48,2026-04-30 01:34:01,False,Escalated to Tier-2,True,Analyst investigation performed; packet capture and EDR evidence attached.,HIGH,121,67
CSE-B,ALT-00693,ASSET-026,MEDIUM,Unauthorized Access,2026-02-16 00:48:44,2026-02-16 01:20:08,2026-02-16 01:26:08,2026-02-16 02:40:55,2026-02-16 04:29:49,False,Under Investigation,True,Analyst investigation performed; packet capture and EDR evidence attached.,CRITICAL,151,108
CSE-D,ALT-00694,ASSET-020,HIGH,Malware,2026-06-23 10:06:05,2026-06-23 10:08:05,2026-06-23 10:10:05,2026-06-23 13:14:59,2026-06-23 16:29:04,False,True Positive,True,Analyst reviewed logs and confirmed activity with evidence archived.,MEDIUM,119,124
CSE-E,ALT-00695,ASSET-080,LOW,Network Anomaly,2026-05-02 11:59:18,2026-05-02 12:42:24,,,2026-05-02 15:42:34,False,False Positive,False,,HIGH,190,137
CSE-B,ALT-00696,ASSET-003,LOW,Suspicious Login,2026-04-24 09:40:08,2026-04-24 10:33:38,2026-04-24 10:39:38,2026-04-24 10:50:15,2026-04-24 18:35:15,False,False Positive,True,Investigation completed; evidence recorded and escalated per playbook.,MEDIUM,158,138
CSE-C,ALT-00697,ASSET-080,CRITICAL,Suspicious Login,2026-06-09 15:43:58,2026-06-09 15:54:05,,,2026-06-09 15:47:16,False,Under Investigation,False,N/A,CRITICAL,111,28
CSE-B,ALT-00698,ASSET-059,MEDIUM,Malware,2026-05-06 11:50:03,2026-05-06 13:18:18,2026-05-06 13:27:18,2026-05-06 15:26:45,2026-05-06 14:29:35,False,Under Investigation,True,Investigation completed; evidence recorded and escalated per playbook.,MEDIUM,155,116
CSE-E,ALT-00699,ASSET-045,CRITICAL,Malware,2026-03-19 17:01:24,2026-03-19 17:55:26,2026-03-19 18:04:26,2026-03-19 19:45:47,2026-03-20 01:34:52,False,True Positive,True,Investigation completed; evidence recorded and escalated per playbook.,MEDIUM,195,105
CSE-D,ALT-00700,ASSET-031,LOW,Brute Force,2026-06-20 17:22:57,2026-06-20 17:27:58,2026-06-20 17:52:58,2026-06-20 19:02:13,2026-06-20 21:29:21,True,False Positive,True,Analyst reviewed logs and confirmed activity with evidence archived.,MEDIUM,190,147
CSE-C,ALT-00701,ASSET-096,LOW,Brute Force,2026-02-09 16:51:40,2026-02-09 17:48:01,,,2026-02-09 23:21:08,False,True Positive,False,,MEDIUM,113,11
CSE-A,ALT-00702,ASSET-087,MEDIUM,Data Exfiltration,2026-02-23 10:21:24,2026-02-23 10:34:04,2026-02-23 10:50:04,2026-02-23 12:46:49,2026-02-23 21:38:49,True,True Positive,True,Alert correlated with threat intel; full timeline documented.,HIGH,190,143
CSE-E,ALT-00703,ASSET-082,CRITICAL,Suspicious Login,2026-02-20 12:13:44,2026-02-20 12:34:28,,,2026-02-20 18:29:16,False,True Positive,False,,CRITICAL,175,113
CSE-B,ALT-00704,ASSET-058,MEDIUM,Privilege Escalation,2026-03-03 13:17:18,2026-03-03 13:42:22,2026-03-03 13:58:22,2026-03-03 15:32:19,2026-03-03 21:32:27,False,Under Investigation,True,Analyst reviewed logs and confirmed activity with evidence archived.,CRITICAL,92,62
CSE-E,ALT-00705,ASSET-096,MEDIUM,Brute Force,2026-05-26 14:26:28,2026-05-26 15:17:15,,,2026-05-27 00:13:34,False,False Positive,False,Closed quickly — no notes.,CRITICAL,113,52
CSE-D,ALT-00706,ASSET-081,MEDIUM,Network Anomaly,2026-03-25 13:45:29,2026-03-25 14:01:57,2026-03-25 14:25:57,2026-03-25 17:58:23,2026-03-25 17:24:47,False,Escalated to Tier-2,True,Analyst reviewed logs and confirmed activity with evidence archived.,CRITICAL,126,103
CSE-B,ALT-00707,ASSET-030,HIGH,Suspicious Login,2026-02-25 15:40:30,2026-02-25 16:04:47,2026-02-25 16:05:47,2026-02-25 18:18:12,2026-02-25 21:45:40,False,False Positive,True,"Reviewed source IP, asset logs and correlated with previous alerts.",CRITICAL,197,139
CSE-D,ALT-00708,ASSET-040,LOW,Malware,2026-04-01 02:17:20,2026-04-01 02:41:50,2026-04-01 02:46:50,2026-04-01 05:02:23,2026-04-01 17:24:03,False,True Positive,True,Alert correlated with threat intel; full timeline documented.,HIGH,123,125
CSE-E,ALT-00709,ASSET-058,MEDIUM,Brute Force,2026-06-03 13:48:21,2026-06-03 15:25:44,,,2026-06-03 22:09:20,False,True Positive,False,,HIGH,133,70
CSE-B,ALT-00710,ASSET-030,LOW,Privilege Escalation,2026-06-12 16:15:50,2026-06-12 16:56:25,2026-06-12 17:07:25,2026-06-12 18:02:22,2026-06-12 22:56:15,False,Escalated to Tier-2,True,"Reviewed source IP, asset logs and correlated with previous alerts.",MEDIUM,130,111
CSE-D,ALT-00711,ASSET-025,MEDIUM,Malware,2026-03-22 10:37:24,2026-03-22 10:44:03,2026-03-22 11:01:03,2026-03-22 15:27:32,2026-03-23 00:09:20,True,False Positive,True,Analyst investigation performed; packet capture and EDR evidence attached.,MEDIUM,115,115
CSE-A,ALT-00712,ASSET-083,MEDIUM,Data Exfiltration,2026-06-12 15:04:52,2026-06-12 15:26:22,2026-06-12 15:35:22,2026-06-12 18:33:53,2026-06-13 02:31:18,False,Under Investigation,True,Investigation completed; evidence recorded and escalated per playbook.,CRITICAL,198,185
CSE-C,ALT-00713,ASSET-098,MEDIUM,Data Exfiltration,2026-05-15 09:38:15,2026-05-15 10:29:39,2026-05-15 10:30:39,2026-05-15 10:41:55,2026-05-15 12:02:57,True,Under Investigation,True,"Reviewed source IP, asset logs and correlated with previous alerts.",HIGH,137,39
CSE-D,ALT-00714,ASSET-007,MEDIUM,Suspicious Login,2026-06-02 14:21:06,2026-06-02 14:31:35,2026-06-02 14:54:35,2026-06-02 19:01:53,2026-06-03 01:31:43,False,True Positive,True,"Reviewed source IP, asset logs and correlated with previous alerts.",MEDIUM,150,136
CSE-C,ALT-00715,ASSET-006,MEDIUM,Unauthorized Access,2026-05-21 16:24:41,2026-05-21 16:46:06,2026-05-21 17:06:06,2026-05-21 17:34:54,2026-05-21 22:35:24,False,Under Investigation,True,Analyst reviewed logs and confirmed activity with evidence archived.,MEDIUM,97,38
CSE-D,ALT-00716,ASSET-068,CRITICAL,Brute Force,2026-02-05 17:55:10,2026-02-05 18:19:25,2026-02-05 18:31:25,2026-02-05 21:48:46,2026-02-06 08:07:29,False,False Positive,True,Analyst reviewed logs and confirmed activity with evidence archived.,HIGH,168,135
CSE-B,ALT-00717,ASSET-018,MEDIUM,Brute Force,2026-03-08 09:57:41,2026-03-08 11:13:42,2026-03-08 11:36:42,2026-03-08 12:39:12,2026-03-08 12:26:56,False,Escalated to Tier-2,True,Analyst reviewed logs and confirmed activity with evidence archived.,HIGH,152,112
CSE-D,ALT-00718,ASSET-066,CRITICAL,Phishing,2026-05-07 16:04:35,2026-05-07 16:08:37,2026-05-07 16:10:37,2026-05-07 18:11:51,2026-05-07 23:06:21,True,Under Investigation,True,Analyst investigation performed; packet capture and EDR evidence attached.,CRITICAL,107,83
CSE-E,ALT-00719,ASSET-084,HIGH,Privilege Escalation,2026-05-11 12:26:48,2026-05-11 13:49:04,2026-05-11 14:00:04,2026-05-11 15:11:29,2026-05-11 19:06:32,True,Benign True Positive,True,Analyst reviewed logs and confirmed activity with evidence archived.,MEDIUM,173,88
CSE-A,ALT-00720,ASSET-033,MEDIUM,Brute Force,2026-02-22 14:05:53,2026-02-22 14:30:36,2026-02-22 14:49:36,2026-02-22 17:39:59,2026-02-22 16:11:17,False,False Positive,True,Alert correlated with threat intel; full timeline documented.,CRITICAL,83,69
CSE-B,ALT-00721,ASSET-037,LOW,Data Exfiltration,2026-05-08 13:15:46,2026-05-08 14:02:15,,,2026-05-08 17:22:13,False,False Positive,False,N/A,MEDIUM,133,73
CSE-A,ALT-00722,ASSET-048,LOW,Malware,2026-01-03 00:00:19,2026-01-03 00:16:43,2026-01-03 00:22:43,2026-01-03 01:26:46,2026-01-03 04:42:24,True,False Positive,True,Investigation completed; evidence recorded and escalated per playbook.,CRITICAL,133,129
CSE-A,ALT-00723,ASSET-031,LOW,Phishing,2026-02-06 12:29:07,2026-02-06 12:51:54,,,2026-02-06 21:44:05,True,True Positive,False,,HIGH,193,186
CSE-C,ALT-00724,ASSET-091,CRITICAL,Network Anomaly,2026-01-17 11:36:13,2026-01-17 11:41:38,,,2026-01-17 11:41:06,False,False Positive,False,,CRITICAL,192,47
CSE-C,ALT-00725,ASSET-096,LOW,Data Exfiltration,2026-03-02 09:01:41,2026-03-02 09:05:36,,,2026-03-02 14:12:20,False,False Positive,False,Closed quickly — no notes.,CRITICAL,136,19
CSE-D,ALT-00726,ASSET-099,LOW,Suspicious Login,2026-04-06 15:20:46,2026-04-06 15:40:20,2026-04-06 16:04:20,2026-04-06 19:16:46,2026-04-07 02:34:45,False,Escalated to Tier-2,True,"Reviewed source IP, asset logs and correlated with previous alerts.",CRITICAL,184,185
CSE-E,ALT-00727,ASSET-081,HIGH,Unauthorized Access,2026-01-23 11:20:21,2026-01-23 12:11:02,2026-01-23 12:36:02,2026-01-23 14:59:57,2026-01-23 13:19:23,False,Under Investigation,True,"Reviewed source IP, asset logs and correlated with previous alerts.",CRITICAL,157,101
CSE-E,ALT-00728,ASSET-088,CRITICAL,Data Exfiltration,2026-06-27 16:09:56,2026-06-27 16:29:28,2026-06-27 16:46:28,2026-06-27 17:18:04,2026-06-28 02:18:10,False,Under Investigation,True,Analyst reviewed logs and confirmed activity with evidence archived.,CRITICAL,99,57
CSE-E,ALT-00729,ASSET-014,LOW,Unauthorized Access,2026-02-26 15:57:44,2026-02-26 17:38:50,2026-02-26 17:59:50,2026-02-26 20:00:59,2026-02-26 18:04:47,False,False Positive,True,"Reviewed source IP, asset logs and correlated with previous alerts.",HIGH,88,63
CSE-B,ALT-00730,ASSET-055,LOW,Phishing,2026-02-23 10:38:52,2026-02-23 11:07:53,2026-02-23 11:17:53,2026-02-23 11:53:06,2026-02-23 12:50:57,False,Escalated to Tier-2,True,"Reviewed source IP, asset logs and correlated with previous alerts.",MEDIUM,173,99
CSE-C,ALT-00731,ASSET-050,HIGH,Privilege Escalation,2026-02-23 17:09:40,2026-02-23 17:50:17,2026-02-23 18:06:17,2026-02-23 18:09:48,2026-02-23 21:09:18,False,Under Investigation,True,Investigation completed; evidence recorded and escalated per playbook.,MEDIUM,188,31
CSE-E,ALT-00732,ASSET-078,LOW,Network Anomaly,2026-01-07 17:19:48,2026-01-07 19:19:53,2026-01-07 19:37:53,2026-01-07 20:05:58,2026-01-07 21:21:22,False,False Positive,True,"Reviewed source IP, asset logs and correlated with previous alerts.",MEDIUM,78,48
CSE-D,ALT-00733,ASSET-069,HIGH,Unauthorized Access,2026-01-25 11:11:37,2026-01-25 11:35:26,2026-01-25 11:52:26,2026-01-25 15:54:30,2026-01-25 15:40:55,False,False Positive,True,Analyst investigation performed; packet capture and EDR evidence attached.,MEDIUM,86,70
CSE-E,ALT-00734,ASSET-100,MEDIUM,Network Anomaly,2026-03-17 01:21:18,2026-03-17 02:42:39,2026-03-17 03:04:39,2026-03-17 03:49:32,2026-03-17 06:31:09,False,True Positive,True,Analyst reviewed logs and confirmed activity with evidence archived.,MEDIUM,115,82
CSE-C,ALT-00735,ASSET-003,CRITICAL,Privilege Escalation,2026-06-24 17:25:14,2026-06-24 18:11:42,,,2026-06-24 17:27:22,False,False Positive,False,,MEDIUM,137,48
CSE-D,ALT-00736,ASSET-018,MEDIUM,Phishing,2026-04-22 16:12:04,2026-04-22 16:16:09,2026-04-22 16:38:09,2026-04-22 19:56:39,2026-04-23 01:56:07,False,Escalated to Tier-2,True,Alert correlated with threat intel; full timeline documented.,CRITICAL,100,77
CSE-B,ALT-00737,ASSET-051,MEDIUM,Privilege Escalation,2026-05-23 10:08:50,2026-05-23 11:38:01,2026-05-23 11:42:01,2026-05-23 14:10:03,2026-05-23 15:35:10,False,Benign True Positive,True,"Reviewed source IP, asset logs and correlated with previous alerts.",CRITICAL,85,59
CSE-A,ALT-00738,ASSET-013,MEDIUM,Phishing,2026-05-30 14:10:56,2026-05-30 14:38:04,2026-05-30 14:46:04,2026-05-30 19:06:55,2026-05-30 18:36:46,False,False Positive,True,"Reviewed source IP, asset logs and correlated with previous alerts.",CRITICAL,150,148
CSE-A,ALT-00739,ASSET-056,HIGH,Suspicious Login,2026-05-11 10:09:30,2026-05-11 10:27:34,2026-05-11 10:35:34,2026-05-11 14:22:27,2026-05-11 15:03:26,False,True Positive,True,Investigation completed; evidence recorded and escalated per playbook.,CRITICAL,121,118
CSE-B,ALT-00740,ASSET-010,MEDIUM,Privilege Escalation,2026-04-11 12:50:47,2026-04-11 13:12:17,2026-04-11 13:29:17,2026-04-11 15:18:58,2026-04-11 17:49:55,False,False Positive,True,"Reviewed source IP, asset logs and correlated with previous alerts.",HIGH,77,58
CSE-A,ALT-00741,ASSET-061,LOW,Suspicious Login,2026-06-14 13:44:25,2026-06-14 13:54:54,2026-06-14 14:05:54,2026-06-14 16:56:47,2026-06-15 00:59:14,False,Under Investigation,True,Analyst investigation performed; packet capture and EDR evidence attached.,HIGH,129,134
CSE-E,ALT-00742,ASSET-041,LOW,Suspicious Login,2026-05-01 17:21:21,2026-05-01 18:34:54,2026-05-01 18:37:54,2026-05-01 19:47:34,2026-05-01 23:37:49,False,False Positive,True,Investigation completed; evidence recorded and escalated per playbook.,MEDIUM,152,127
CSE-B,ALT-00743,ASSET-088,HIGH,Phishing,2026-02-19 17:40:43,2026-02-19 18:38:00,2026-02-19 18:52:00,2026-02-19 21:48:42,2026-02-19 21:30:51,False,True Positive,True,"Reviewed source IP, asset logs and correlated with previous alerts.",MEDIUM,152,98
CSE-E,ALT-00744,ASSET-035,MEDIUM,Brute Force,2026-03-16 12:30:38,2026-03-16 14:17:18,,,2026-03-16 23:10:41,False,False Positive,False,,MEDIUM,187,121
CSE-C,ALT-00745,ASSET-026,MEDIUM,Phishing,2026-02-01 18:47:25,2026-02-01 18:48:29,2026-02-01 18:57:29,2026-02-01 19:14:58,2026-02-02 00:07:21,False,Under Investigation,True,Analyst investigation performed; packet capture and EDR evidence attached.,CRITICAL,144,57
CSE-E,ALT-00746,ASSET-027,CRITICAL,Unauthorized Access,2026-04-10 11:23:11,2026-04-10 11:43:34,,,2026-04-10 11:24:28,False,False Positive,False,N/A,CRITICAL,85,38
CSE-E,ALT-00747,ASSET-075,MEDIUM,Phishing,2026-04-21 12:45:39,2026-04-21 14:08:15,,,2026-04-21 20:36:08,False,True Positive,False,N/A,HIGH,126,66
CSE-B,ALT-00748,ASSET-014,MEDIUM,Malware,2026-02-11 13:36:51,2026-02-11 14:43:58,2026-02-11 14:57:58,2026-02-11 15:59:13,2026-02-11 18:03:55,False,True Positive,True,Alert correlated with threat intel; full timeline documented.,CRITICAL,148,111
CSE-D,ALT-00749,ASSET-056,MEDIUM,Data Exfiltration,2026-01-26 13:56:45,2026-01-26 14:13:13,2026-01-26 14:26:13,2026-01-26 17:55:14,2026-01-27 04:16:30,True,Benign True Positive,True,Analyst investigation performed; packet capture and EDR evidence attached.,MEDIUM,147,125
CSE-D,ALT-00750,ASSET-032,MEDIUM,Unauthorized Access,2026-04-24 15:21:09,2026-04-24 15:45:13,2026-04-24 16:08:13,2026-04-24 19:36:23,2026-04-24 20:17:26,False,False Positive,True,Alert correlated with threat intel; full timeline documented.,MEDIUM,195,170
CSE-D,ALT-00751,ASSET-056,LOW,Data Exfiltration,2026-06-15 16:43:45,2026-06-15 16:46:09,2026-06-15 16:58:09,2026-06-15 20:28:10,2026-06-16 01:12:55,False,False Positive,True,Alert correlated with threat intel; full timeline documented.,CRITICAL,109,93
CSE-D,ALT-00752,ASSET-011,HIGH,Data Exfiltration,2026-05-30 12:20:54,2026-05-30 12:24:18,2026-05-30 12:49:18,2026-05-30 15:01:23,2026-05-30 14:58:57,False,True Positive,True,"Reviewed source IP, asset logs and correlated with previous alerts.",HIGH,112,102
CSE-B,ALT-00753,ASSET-022,LOW,Phishing,2026-02-17 14:19:10,2026-02-17 15:30:14,2026-02-17 15:33:14,2026-02-17 18:16:17,2026-02-17 19:00:32,False,Escalated to Tier-2,True,Analyst investigation performed; packet capture and EDR evidence attached.,CRITICAL,120,90
CSE-A,ALT-00754,ASSET-099,LOW,Phishing,2026-02-15 16:53:35,2026-02-15 17:19:58,2026-02-15 17:24:58,2026-02-15 22:13:57,2026-02-15 22:16:48,True,Under Investigation,True,"Reviewed source IP, asset logs and correlated with previous alerts.",CRITICAL,184,142
CSE-A,ALT-00755,ASSET-021,MEDIUM,Suspicious Login,2026-01-13 11:15:15,2026-01-13 11:44:53,2026-01-13 12:03:53,2026-01-13 14:41:22,2026-01-13 20:15:04,False,Benign True Positive,True,"Reviewed source IP, asset logs and correlated with previous alerts.",HIGH,176,135
CSE-B,ALT-00756,ASSET-022,CRITICAL,Network Anomaly,2026-05-16 23:07:48,2026-05-17 00:03:23,2026-05-17 00:16:23,2026-05-17 02:35:52,2026-05-17 07:28:11,True,Escalated to Tier-2,True,Analyst investigation performed; packet capture and EDR evidence attached.,CRITICAL,79,53
CSE-C,ALT-00757,ASSET-058,LOW,Brute Force,2026-06-04 13:03:24,2026-06-04 13:23:47,2026-06-04 13:39:47,2026-06-04 13:48:35,2026-06-04 15:34:14,False,Under Investigation,True,Analyst reviewed logs and confirmed activity with evidence archived.,MEDIUM,191,81
CSE-C,ALT-00758,ASSET-007,HIGH,Suspicious Login,2026-01-05 14:59:16,2026-01-05 15:31:41,,,2026-01-05 19:02:37,False,True Positive,False,Closed quickly — no notes.,CRITICAL,108,50
CSE-C,ALT-00759,ASSET-062,HIGH,Privilege Escalation,2026-04-30 22:18:55,2026-04-30 22:46:59,,,2026-05-01 06:07:31,False,True Positive,False,Closed quickly — no notes.,CRITICAL,132,27
CSE-B,ALT-00760,ASSET-007,CRITICAL,Brute Force,2026-02-07 13:36:03,2026-02-07 13:44:35,2026-02-07 14:01:35,2026-02-07 15:41:36,2026-02-07 22:05:57,False,True Positive,True,Alert correlated with threat intel; full timeline documented.,MEDIUM,182,156
CSE-E,ALT-00761,ASSET-018,CRITICAL,Brute Force,2026-02-09 12:53:21,2026-02-09 14:23:06,,,2026-02-09 12:55:26,True,False Positive,False,Closed quickly — no notes.,CRITICAL,176,132
CSE-D,ALT-00762,ASSET-044,MEDIUM,Phishing,2026-02-23 10:07:10,2026-02-23 10:10:26,2026-02-23 10:13:26,2026-02-23 12:20:55,2026-02-23 22:38:57,True,Benign True Positive,True,"Reviewed source IP, asset logs and correlated with previous alerts.",HIGH,127,132
CSE-E,ALT-00763,ASSET-032,MEDIUM,Privilege Escalation,2026-06-11 17:59:09,2026-06-11 19:29:52,,,2026-06-12 04:47:35,False,Benign True Positive,False,N/A,CRITICAL,75,45
CSE-C,ALT-00764,ASSET-029,LOW,Phishing,2026-05-08 13:48:03,2026-05-08 14:26:22,,,2026-05-08 15:41:14,False,False Positive,False,Closed quickly — no notes.,MEDIUM,121,34
CSE-A,ALT-00765,ASSET-056,MEDIUM,Privilege Escalation,2026-04-16 16:09:36,2026-04-16 16:21:55,2026-04-16 16:27:55,2026-04-16 20:49:54,2026-04-16 22:28:54,False,False Positive,True,Analyst reviewed logs and confirmed activity with evidence archived.,CRITICAL,140,152
CSE-C,ALT-00766,ASSET-020,CRITICAL,Data Exfiltration,2026-05-05 16:47:59,2026-05-05 17:14:36,,,2026-05-05 16:50:20,False,Under Investigation,False,Closed quickly — no notes.,CRITICAL,101,57
CSE-B,ALT-00767,ASSET-013,LOW,Malware,2026-05-01 11:16:18,2026-05-01 12:08:01,2026-05-01 12:31:01,2026-05-01 14:07:43,2026-05-01 14:07:03,False,False Positive,True,Analyst investigation performed; packet capture and EDR evidence attached.,CRITICAL,91,90
CSE-A,ALT-00768,ASSET-034,LOW,Data Exfiltration,2026-02-13 16:44:06,2026-02-13 16:54:43,2026-02-13 17:11:43,2026-02-13 18:03:36,2026-02-13 22:30:51,True,Benign True Positive,True,Analyst investigation performed; packet capture and EDR evidence attached.,CRITICAL,179,174
CSE-D,ALT-00769,ASSET-031,MEDIUM,Phishing,2026-01-09 14:46:42,2026-01-09 14:54:26,2026-01-09 15:09:26,2026-01-09 18:27:58,2026-01-09 20:55:07,False,False Positive,True,Investigation completed; evidence recorded and escalated per playbook.,MEDIUM,188,165
CSE-B,ALT-00770,ASSET-075,HIGH,Suspicious Login,2026-06-30 10:21:03,2026-06-30 11:41:59,2026-06-30 11:45:59,2026-06-30 13:45:07,2026-06-30 13:27:17,False,Benign True Positive,True,"Reviewed source IP, asset logs and correlated with previous alerts.",CRITICAL,193,135
CSE-E,ALT-00771,ASSET-085,LOW,Phishing,2026-02-23 22:23:02,2026-02-23 23:14:12,2026-02-23 23:26:12,2026-02-23 23:47:15,2026-02-24 03:57:36,False,False Positive,True,Analyst reviewed logs and confirmed activity with evidence archived.,MEDIUM,152,95
CSE-D,ALT-00772,ASSET-026,MEDIUM,Suspicious Login,2026-01-02 05:36:16,2026-01-02 05:51:21,2026-01-02 06:02:21,2026-01-02 07:32:23,2026-01-02 10:56:53,False,Escalated to Tier-2,True,"Reviewed source IP, asset logs and correlated with previous alerts.",MEDIUM,133,100
CSE-C,ALT-00773,ASSET-076,MEDIUM,Privilege Escalation,2026-03-28 17:14:49,2026-03-28 18:08:21,2026-03-28 18:13:21,2026-03-28 18:26:04,2026-03-28 20:48:54,False,Under Investigation,True,Analyst investigation performed; packet capture and EDR evidence attached.,HIGH,168,26
CSE-D,ALT-00774,ASSET-041,LOW,Phishing,2026-05-18 15:34:02,2026-05-18 15:45:23,2026-05-18 16:04:23,2026-05-18 16:51:53,2026-05-19 00:40:21,False,False Positive,True,Alert correlated with threat intel; full timeline documented.,MEDIUM,108,98
CSE-A,ALT-00775,ASSET-070,LOW,Phishing,2026-04-12 12:54:02,2026-04-12 13:03:54,2026-04-12 13:16:54,2026-04-12 13:33:21,2026-04-12 15:06:45,False,False Positive,True,Analyst reviewed logs and confirmed activity with evidence archived.,MEDIUM,82,80
CSE-C,ALT-00776,ASSET-026,MEDIUM,Malware,2026-05-08 07:17:34,2026-05-08 08:01:09,2026-05-08 08:05:09,2026-05-08 08:34:24,2026-05-08 13:08:55,False,Under Investigation,True,Alert correlated with threat intel; full timeline documented.,CRITICAL,144,24
CSE-B,ALT-00777,ASSET-037,LOW,Malware,2026-01-26 13:24:10,2026-01-26 14:53:28,2026-01-26 15:07:28,2026-01-26 15:54:25,2026-01-26 18:52:14,False,True Positive,True,Alert correlated with threat intel; full timeline documented.,HIGH,87,47
CSE-A,ALT-00778,ASSET-036,LOW,Malware,2026-03-03 13:36:11,2026-03-03 13:41:59,2026-03-03 13:45:59,2026-03-03 18:17:48,2026-03-03 22:23:31,True,Benign True Positive,True,Analyst investigation performed; packet capture and EDR evidence attached.,MEDIUM,125,128
CSE-B,ALT-00779,ASSET-089,HIGH,Data Exfiltration,2026-05-20 00:37:58,2026-05-20 02:02:49,,,2026-05-20 03:36:59,False,True Positive,False,,HIGH,192,186
CSE-C,ALT-00780,ASSET-030,CRITICAL,Unauthorized Access,2026-04-21 17:44:49,2026-04-21 18:37:14,2026-04-21 18:44:14,2026-04-21 19:05:54,2026-04-22 01:19:58,False,Escalated to Tier-2,True,Alert correlated with threat intel; full timeline documented.,MEDIUM,189,62
CSE-D,ALT-00781,ASSET-060,HIGH,Privilege Escalation,2026-02-20 01:14:28,2026-02-20 01:22:28,2026-02-20 01:23:28,2026-02-20 04:49:09,2026-02-20 09:28:15,False,Escalated to Tier-2,True,Investigation completed; evidence recorded and escalated per playbook.,CRITICAL,187,154
CSE-E,ALT-00782,ASSET-014,LOW,Suspicious Login,2026-05-02 14:48:07,2026-05-02 16:12:58,2026-05-02 16:33:58,2026-05-02 18:00:13,2026-05-03 01:47:50,False,True Positive,True,Investigation completed; evidence recorded and escalated per playbook.,CRITICAL,146,101
CSE-C,ALT-00783,ASSET-092,MEDIUM,Suspicious Login,2026-03-13 16:01:04,2026-03-13 16:35:27,2026-03-13 16:45:27,2026-03-13 17:10:46,2026-03-13 17:06:28,False,False Positive,True,Alert correlated with threat intel; full timeline documented.,CRITICAL,107,59
CSE-E,ALT-00784,ASSET-036,LOW,Privilege Escalation,2026-01-30 13:30:49,2026-01-30 14:18:09,,,2026-01-30 18:20:46,False,True Positive,False,,HIGH,90,72
CSE-E,ALT-00785,ASSET-007,LOW,Phishing,2026-05-22 10:42:57,2026-05-22 11:39:45,,,2026-05-22 19:14:50,False,False Positive,False,Closed quickly — no notes.,CRITICAL,94,81
CSE-A,ALT-00786,ASSET-014,HIGH,Network Anomaly,2026-01-11 15:09:25,2026-01-11 15:28:31,2026-01-11 15:47:31,2026-01-11 18:08:36,2026-01-11 19:05:42,False,False Positive,True,Investigation completed; evidence recorded and escalated per playbook.,HIGH,82,71
CSE-B,ALT-00787,ASSET-079,MEDIUM,Data Exfiltration,2026-04-15 17:55:56,2026-04-15 18:35:32,,,2026-04-16 03:30:07,False,False Positive,False,,MEDIUM,119,103
CSE-C,ALT-00788,ASSET-086,CRITICAL,Unauthorized Access,2026-05-29 13:15:39,2026-05-29 14:11:35,,,2026-05-29 13:17:04,False,Under Investigation,False,N/A,CRITICAL,119,60
CSE-A,ALT-00789,ASSET-083,MEDIUM,Suspicious Login,2026-02-25 10:55:36,2026-02-25 10:58:17,2026-02-25 11:02:17,2026-02-25 11:24:43,2026-02-25 17:32:30,False,True Positive,True,Analyst reviewed logs and confirmed activity with evidence archived.,MEDIUM,191,168
CSE-D,ALT-00790,ASSET-060,MEDIUM,Phishing,2026-04-24 11:29:13,2026-04-24 11:43:35,2026-04-24 12:05:35,2026-04-24 14:25:06,2026-04-24 17:24:02,True,True Positive,True,Alert correlated with threat intel; full timeline documented.,CRITICAL,180,186
CSE-D,ALT-00791,ASSET-029,MEDIUM,Data Exfiltration,2026-04-16 13:54:09,2026-04-16 14:05:26,2026-04-16 14:30:26,2026-04-16 14:52:56,2026-04-16 16:12:03,False,True Positive,True,Analyst investigation performed; packet capture and EDR evidence attached.,HIGH,168,179
CSE-D,ALT-00792,ASSET-089,HIGH,Network Anomaly,2026-02-26 11:16:01,2026-02-26 11:25:42,2026-02-26 11:33:42,2026-02-26 16:31:14,2026-02-26 14:17:59,False,False Positive,True,"Reviewed source IP, asset logs and correlated with previous alerts.",CRITICAL,190,187
CSE-D,ALT-00793,ASSET-081,CRITICAL,Brute Force,2026-03-03 08:36:51,2026-03-03 08:46:39,,,2026-03-03 19:35:30,False,Escalated to Tier-2,False,N/A,CRITICAL,99,107
CSE-E,ALT-00794,ASSET-081,HIGH,Privilege Escalation,2026-01-01 12:11:06,2026-01-01 13:49:25,,,2026-01-01 18:32:09,False,Benign True Positive,False,Closed quickly — no notes.,HIGH,161,80
CSE-E,ALT-00795,ASSET-018,HIGH,Data Exfiltration,2026-03-25 14:44:22,2026-03-25 15:50:10,2026-03-25 16:01:10,2026-03-25 18:12:24,2026-03-26 01:50:11,False,True Positive,True,Alert correlated with threat intel; full timeline documented.,CRITICAL,81,44
CSE-E,ALT-00796,ASSET-076,LOW,Brute Force,2026-01-27 16:31:45,2026-01-27 16:53:59,,,2026-01-27 23:38:05,True,True Positive,False,,HIGH,141,101
CSE-B,ALT-00797,ASSET-001,CRITICAL,Data Exfiltration,2026-06-06 13:16:50,2026-06-06 14:38:24,2026-06-06 15:03:24,2026-06-06 16:09:26,2026-06-07 00:22:34,False,Benign True Positive,True,Alert correlated with threat intel; full timeline documented.,CRITICAL,125,108
CSE-A,ALT-00798,ASSET-025,CRITICAL,Data Exfiltration,2026-05-28 16:17:44,2026-05-28 16:31:43,2026-05-28 16:46:43,2026-05-28 21:46:27,2026-05-28 18:56:23,False,Benign True Positive,True,"Reviewed source IP, asset logs and correlated with previous alerts.",CRITICAL,174,130
CSE-B,ALT-00799,ASSET-088,LOW,Data Exfiltration,2026-02-03 10:02:42,2026-02-03 11:04:56,2026-02-03 11:06:56,2026-02-03 11:42:42,2026-02-03 17:50:36,False,Under Investigation,True,"Reviewed source IP, asset logs and correlated with previous alerts.",HIGH,86,72
CSE-D,ALT-00800,ASSET-022,MEDIUM,Suspicious Login,2026-04-06 11:59:43,2026-04-06 12:14:49,2026-04-06 12:20:49,2026-04-06 14:23:53,2026-04-06 20:19:55,False,Benign True Positive,True,"Reviewed source IP, asset logs and correlated with previous alerts.",CRITICAL,146,152
CSE-E,ALT-00801,ASSET-003,LOW,Privilege Escalation,2026-04-26 12:40:28,2026-04-26 13:39:39,2026-04-26 13:54:39,2026-04-26 15:10:59,2026-04-26 17:44:38,False,Under Investigation,True,Investigation completed; evidence recorded and escalated per playbook.,CRITICAL,145,90
CSE-D,ALT-00802,ASSET-024,LOW,Brute Force,2026-06-27 09:55:14,2026-06-27 10:20:58,2026-06-27 10:24:58,2026-06-27 14:45:23,2026-06-27 23:30:45,False,True Positive,True,Analyst investigation performed; packet capture and EDR evidence attached.,HIGH,109,110
CSE-A,ALT-00803,ASSET-027,MEDIUM,Brute Force,2026-03-03 10:25:21,2026-03-03 10:43:55,2026-03-03 10:52:55,2026-03-03 13:58:30,2026-03-03 14:30:57,False,Under Investigation,True,"Reviewed source IP, asset logs and correlated with previous alerts.",CRITICAL,181,154
CSE-A,ALT-00804,ASSET-100,MEDIUM,Network Anomaly,2026-01-19 10:22:47,2026-01-19 10:49:07,2026-01-19 11:11:07,2026-01-19 13:48:01,2026-01-19 12:04:09,False,Under Investigation,True,Investigation completed; evidence recorded and escalated per playbook.,MEDIUM,83,82
CSE-A,ALT-00805,ASSET-049,HIGH,Brute Force,2026-01-22 17:12:51,2026-01-22 17:18:19,2026-01-22 17:36:19,2026-01-22 21:01:22,2026-01-22 18:30:05,True,False Positive,True,Analyst investigation performed; packet capture and EDR evidence attached.,MEDIUM,181,198
CSE-C,ALT-00806,ASSET-023,MEDIUM,Phishing,2026-02-10 11:31:38,2026-02-10 12:15:14,,,2026-02-10 16:46:47,False,True Positive,False,Closed quickly — no notes.,MEDIUM,126,36
CSE-C,ALT-00807,ASSET-067,HIGH,Malware,2026-05-10 09:26:02,2026-05-10 10:05:05,2026-05-10 10:14:05,2026-05-10 10:44:20,2026-05-10 13:21:45,False,Benign True Positive,True,Alert correlated with threat intel; full timeline documented.,CRITICAL,109,34
CSE-A,ALT-00808,ASSET-053,HIGH,Suspicious Login,2026-03-10 14:29:23,2026-03-10 14:52:26,2026-03-10 14:58:26,2026-03-10 18:26:12,2026-03-11 01:03:11,True,False Positive,True,Analyst reviewed logs and confirmed activity with evidence archived.,CRITICAL,132,130
CSE-E,ALT-00809,ASSET-016,MEDIUM,Privilege Escalation,2026-01-05 21:43:54,2026-01-05 22:56:05,2026-01-05 22:58:05,2026-01-06 00:11:56,2026-01-06 01:27:00,False,Under Investigation,True,Analyst reviewed logs and confirmed activity with evidence archived.,MEDIUM,71,38
CSE-B,ALT-00810,ASSET-019,MEDIUM,Network Anomaly,2026-05-08 08:29:33,2026-05-08 08:58:57,2026-05-08 09:05:57,2026-05-08 11:26:38,2026-05-08 16:18:14,False,Benign True Positive,True,Analyst reviewed logs and confirmed activity with evidence archived.,MEDIUM,145,124
CSE-E,ALT-00811,ASSET-028,MEDIUM,Phishing,2026-04-15 09:21:15,2026-04-15 11:18:41,,,2026-04-15 18:01:27,False,False Positive,False,,CRITICAL,134,59
CSE-D,ALT-00812,ASSET-024,HIGH,Unauthorized Access,2026-02-10 15:22:48,2026-02-10 15:34:43,2026-02-10 15:40:43,2026-02-10 19:22:33,2026-02-11 04:53:26,False,False Positive,True,"Reviewed source IP, asset logs and correlated with previous alerts.",CRITICAL,190,198
CSE-A,ALT-00813,ASSET-023,MEDIUM,Phishing,2026-04-16 09:55:32,2026-04-16 10:16:24,2026-04-16 10:17:24,2026-04-16 12:28:10,2026-04-16 17:18:39,False,False Positive,True,Analyst reviewed logs and confirmed activity with evidence archived.,MEDIUM,115,96
CSE-D,ALT-00814,ASSET-068,MEDIUM,Malware,2026-06-22 09:38:18,2026-06-22 10:01:58,2026-06-22 10:11:58,2026-06-22 12:29:11,2026-06-22 14:35:46,False,True Positive,True,"Reviewed source IP, asset logs and correlated with previous alerts.",CRITICAL,120,123
CSE-D,ALT-00815,ASSET-026,LOW,Suspicious Login,2026-01-27 16:45:33,2026-01-27 17:02:19,2026-01-27 17:06:19,2026-01-27 21:59:22,2026-01-27 21:25:34,False,Benign True Positive,True,Analyst investigation performed; packet capture and EDR evidence attached.,HIGH,97,88
CSE-B,ALT-00816,ASSET-068,CRITICAL,Unauthorized Access,2026-01-09 10:25:58,2026-01-09 11:49:46,2026-01-09 12:14:46,2026-01-09 13:43:10,2026-01-09 20:52:40,False,False Positive,True,Analyst reviewed logs and confirmed activity with evidence archived.,CRITICAL,117,69
CSE-A,ALT-00817,ASSET-034,MEDIUM,Privilege Escalation,2026-04-17 11:10:53,2026-04-17 11:32:26,,,2026-04-17 18:43:47,False,Benign True Positive,False,,MEDIUM,185,198
CSE-D,ALT-00818,ASSET-038,LOW,Data Exfiltration,2026-04-11 14:54:08,2026-04-11 14:57:12,2026-04-11 15:00:12,2026-04-11 16:19:07,2026-04-12 02:52:01,False,True Positive,True,Analyst investigation performed; packet capture and EDR evidence attached.,CRITICAL,130,123
CSE-A,ALT-00819,ASSET-005,MEDIUM,Unauthorized Access,2026-02-19 11:41:13,2026-02-19 12:02:51,2026-02-19 12:05:51,2026-02-19 14:23:19,2026-02-19 18:31:12,False,True Positive,True,Investigation completed; evidence recorded and escalated per playbook.,MEDIUM,189,187
CSE-E,ALT-00820,ASSET-003,MEDIUM,Malware,2026-04-04 14:45:15,2026-04-04 15:54:14,2026-04-04 16:08:14,2026-04-04 16:24:47,2026-04-04 18:19:01,False,Under Investigation,True,Analyst reviewed logs and confirmed activity with evidence archived.,MEDIUM,119,90
CSE-E,ALT-00821,ASSET-099,LOW,Privilege Escalation,2026-04-10 10:30:52,2026-04-10 12:27:40,2026-04-10 12:32:40,2026-04-10 15:33:09,2026-04-10 18:21:27,False,Escalated to Tier-2,True,Analyst reviewed logs and confirmed activity with evidence archived.,CRITICAL,157,93
CSE-E,ALT-00822,ASSET-031,MEDIUM,Unauthorized Access,2026-05-27 17:16:27,2026-05-27 18:59:02,2026-05-27 19:04:02,2026-05-27 21:48:15,2026-05-27 23:54:20,False,True Positive,True,Analyst investigation performed; packet capture and EDR evidence attached.,HIGH,71,56
CSE-B,ALT-00823,ASSET-089,HIGH,Data Exfiltration,2026-05-03 18:46:47,2026-05-03 19:58:55,2026-05-03 20:05:55,2026-05-03 21:10:36,2026-05-03 22:35:58,True,False Positive,True,Investigation completed; evidence recorded and escalated per playbook.,MEDIUM,82,65
CSE-E,ALT-00824,ASSET-100,MEDIUM,Phishing,2026-03-15 09:16:45,2026-03-15 10:19:01,2026-03-15 10:25:01,2026-03-15 12:13:49,2026-03-15 17:54:50,False,Under Investigation,True,Analyst investigation performed; packet capture and EDR evidence attached.,MEDIUM,186,93
CSE-C,ALT-00825,ASSET-025,CRITICAL,Privilege Escalation,2026-05-29 13:14:09,2026-05-29 13:36:45,2026-05-29 13:37:45,2026-05-29 14:04:17,2026-05-29 20:42:39,False,True Positive,True,Investigation completed; evidence recorded and escalated per playbook.,CRITICAL,193,89
CSE-B,ALT-00826,ASSET-004,LOW,Unauthorized Access,2026-04-14 09:56:26,2026-04-14 11:21:10,2026-04-14 11:39:10,2026-04-14 13:45:19,2026-04-14 13:51:39,False,Escalated to Tier-2,True,Alert correlated with threat intel; full timeline documented.,HIGH,114,95
CSE-E,ALT-00827,ASSET-072,LOW,Data Exfiltration,2026-05-14 14:33:42,2026-05-14 16:03:20,,,2026-05-14 20:38:17,False,True Positive,False,N/A,MEDIUM,142,110
CSE-D,ALT-00828,ASSET-012,LOW,Brute Force,2026-02-06 19:19:39,2026-02-06 19:35:00,2026-02-06 19:40:00,2026-02-06 23:22:37,2026-02-07 05:52:43,True,Benign True Positive,True,Investigation completed; evidence recorded and escalated per playbook.,MEDIUM,128,123
CSE-D,ALT-00829,ASSET-016,MEDIUM,Data Exfiltration,2026-01-04 16:16:06,2026-01-04 16:39:59,2026-01-04 16:44:59,2026-01-04 18:37:50,2026-01-04 23:01:35,False,Escalated to Tier-2,True,Analyst investigation performed; packet capture and EDR evidence attached.,CRITICAL,104,107
CSE-E,ALT-00830,ASSET-077,CRITICAL,Phishing,2026-05-11 09:41:54,2026-05-11 09:50:47,,,2026-05-11 10:16:47,False,False Positive,False,Closed quickly — no notes.,HIGH,86,69
CSE-D,ALT-00831,ASSET-038,MEDIUM,Brute Force,2026-01-21 14:42:52,2026-01-21 14:44:55,,,2026-01-22 00:44:58,False,True Positive,False,Closed quickly — no notes.,HIGH,89,93
CSE-A,ALT-00832,ASSET-077,MEDIUM,Suspicious Login,2026-06-11 16:33:41,2026-06-11 16:49:21,2026-06-11 17:13:21,2026-06-11 20:36:35,2026-06-11 22:10:22,False,False Positive,True,Investigation completed; evidence recorded and escalated per playbook.,CRITICAL,100,79
CSE-B,ALT-00833,ASSET-050,MEDIUM,Unauthorized Access,2026-06-21 11:20:22,2026-06-21 11:27:57,,,2026-06-21 20:21:43,False,False Positive,False,N/A,MEDIUM,111,90
CSE-A,ALT-00834,ASSET-041,LOW,Phishing,2026-01-06 17:56:43,2026-01-06 18:15:59,2026-01-06 18:22:59,2026-01-06 20:19:11,2026-01-06 22:58:04,False,Escalated to Tier-2,True,Alert correlated with threat intel; full timeline documented.,HIGH,199,161
CSE-D,ALT-00835,ASSET-086,HIGH,Brute Force,2026-04-29 11:48:43,2026-04-29 11:53:48,2026-04-29 11:54:48,2026-04-29 15:23:55,2026-04-30 01:42:15,True,False Positive,True,"Reviewed source IP, asset logs and correlated with previous alerts.",HIGH,139,134
CSE-C,ALT-00836,ASSET-006,HIGH,Data Exfiltration,2026-02-25 14:03:19,2026-02-25 14:20:56,2026-02-25 14:26:56,2026-02-25 14:56:33,2026-02-25 15:05:05,False,False Positive,True,Investigation completed; evidence recorded and escalated per playbook.,MEDIUM,102,28
CSE-A,ALT-00837,ASSET-021,HIGH,Data Exfiltration,2026-06-24 10:44:25,2026-06-24 11:01:59,2026-06-24 11:06:59,2026-06-24 15:19:46,2026-06-24 20:32:09,False,True Positive,True,Alert correlated with threat intel; full timeline documented.,HIGH,192,181
CSE-E,ALT-00838,ASSET-030,LOW,Brute Force,2026-06-10 17:51:59,2026-06-10 18:50:09,2026-06-10 19:01:09,2026-06-10 21:11:59,2026-06-11 02:43:23,False,Under Investigation,True,Analyst investigation performed; packet capture and EDR evidence attached.,MEDIUM,132,108
CSE-B,ALT-00839,ASSET-062,MEDIUM,Privilege Escalation,2026-04-15 12:54:36,2026-04-15 13:57:23,2026-04-15 14:20:23,2026-04-15 16:55:57,2026-04-15 21:20:06,False,True Positive,True,Alert correlated with threat intel; full timeline documented.,MEDIUM,173,156
CSE-B,ALT-00840,ASSET-087,LOW,Suspicious Login,2026-01-04 09:02:24,2026-01-04 10:16:33,2026-01-04 10:22:33,2026-01-04 11:13:47,2026-01-04 16:22:16,False,Escalated to Tier-2,True,Investigation completed; evidence recorded and escalated per playbook.,MEDIUM,163,90
CSE-E,ALT-00841,ASSET-077,LOW,Brute Force,2026-06-25 11:33:46,2026-06-25 11:48:19,2026-06-25 11:54:19,2026-06-25 12:17:55,2026-06-25 17:48:55,False,False Positive,True,"Reviewed source IP, asset logs and correlated with previous alerts.",MEDIUM,138,79
CSE-E,ALT-00842,ASSET-065,MEDIUM,Malware,2026-02-10 09:38:54,2026-02-10 10:26:45,2026-02-10 10:46:45,2026-02-10 11:50:27,2026-02-10 18:15:31,False,Benign True Positive,True,Analyst investigation performed; packet capture and EDR evidence attached.,MEDIUM,103,62
CSE-C,ALT-00843,ASSET-023,LOW,Brute Force,2026-06-15 14:55:28,2026-06-15 15:37:02,,,2026-06-15 21:52:43,False,Benign True Positive,False,,CRITICAL,159,45
CSE-D,ALT-00844,ASSET-020,HIGH,Suspicious Login,2026-01-07 15:25:17,2026-01-07 15:40:06,2026-01-07 16:00:06,2026-01-07 16:47:52,2026-01-08 01:06:45,False,False Positive,True,Alert correlated with threat intel; full timeline documented.,MEDIUM,153,167
CSE-D,ALT-00845,ASSET-031,LOW,Suspicious Login,2026-02-03 12:20:31,2026-02-03 12:45:33,2026-02-03 13:03:33,2026-02-03 16:01:16,2026-02-03 13:45:58,False,Benign True Positive,True,Analyst investigation performed; packet capture and EDR evidence attached.,HIGH,169,141
CSE-C,ALT-00846,ASSET-048,MEDIUM,Unauthorized Access,2026-04-08 14:39:43,2026-04-08 15:10:19,2026-04-08 15:32:19,2026-04-08 15:37:29,2026-04-08 23:10:53,False,Under Investigation,True,Investigation completed; evidence recorded and escalated per playbook.,CRITICAL,113,59
CSE-D,ALT-00847,ASSET-025,MEDIUM,Data Exfiltration,2026-02-05 14:01:11,2026-02-05 14:23:26,2026-02-05 14:28:26,2026-02-05 19:16:13,2026-02-05 19:59:16,False,Under Investigation,True,Analyst investigation performed; packet capture and EDR evidence attached.,HIGH,195,205
CSE-C,ALT-00848,ASSET-076,HIGH,Phishing,2026-01-21 14:35:11,2026-01-21 15:10:59,2026-01-21 15:26:59,2026-01-21 15:34:57,2026-01-21 18:50:09,False,True Positive,True,Investigation completed; evidence recorded and escalated per playbook.,CRITICAL,178,38
CSE-E,ALT-00849,ASSET-072,LOW,Privilege Escalation,2026-01-27 17:36:06,2026-01-27 18:52:51,2026-01-27 19:04:51,2026-01-27 19:16:32,2026-01-28 04:09:07,False,Escalated to Tier-2,True,Alert correlated with threat intel; full timeline documented.,HIGH,152,119
CSE-C,ALT-00850,ASSET-077,MEDIUM,Data Exfiltration,2026-01-02 11:02:56,2026-01-02 11:47:53,,,2026-01-02 12:46:52,False,Escalated to Tier-2,False,N/A,HIGH,96,18
CSE-E,ALT-00851,ASSET-080,HIGH,Malware,2026-01-23 07:10:25,2026-01-23 07:54:30,2026-01-23 08:09:30,2026-01-23 08:41:50,2026-01-23 11:46:36,False,True Positive,True,Investigation completed; evidence recorded and escalated per playbook.,MEDIUM,177,116
CSE-A,ALT-00852,ASSET-012,HIGH,Unauthorized Access,2026-04-25 01:33:01,2026-04-25 01:54:18,,,2026-04-25 13:38:09,True,Escalated to Tier-2,False,,CRITICAL,125,102
CSE-E,ALT-00853,ASSET-066,MEDIUM,Brute Force,2026-06-28 17:04:35,2026-06-28 17:17:13,,,2026-06-29 01:51:13,False,True Positive,False,,HIGH,159,94
CSE-C,ALT-00854,ASSET-018,HIGH,Unauthorized Access,2026-04-17 14:32:55,2026-04-17 15:23:32,,,2026-04-17 20:19:00,False,Escalated to Tier-2,False,Closed quickly — no notes.,HIGH,133,48
CSE-C,ALT-00855,ASSET-079,HIGH,Privilege Escalation,2026-05-31 15:12:50,2026-05-31 16:09:10,,,2026-05-31 18:56:21,False,False Positive,False,N/A,MEDIUM,100,47
CSE-C,ALT-00856,ASSET-062,CRITICAL,Malware,2026-01-11 14:14:23,2026-01-11 14:55:37,,,2026-01-11 14:16:31,False,False Positive,False,,CRITICAL,171,46
CSE-A,ALT-00857,ASSET-029,HIGH,Phishing,2026-05-14 15:32:24,2026-05-14 15:53:03,,,2026-05-14 19:05:34,False,Benign True Positive,False,Closed quickly — no notes.,HIGH,195,191
CSE-C,ALT-00858,ASSET-023,MEDIUM,Suspicious Login,2026-01-02 17:47:47,2026-01-02 18:33:57,,,2026-01-02 20:41:01,False,Escalated to Tier-2,False,Closed quickly — no notes.,MEDIUM,193,87
CSE-B,ALT-00859,ASSET-027,LOW,Suspicious Login,2026-02-21 09:07:40,2026-02-21 09:52:19,2026-02-21 10:05:19,2026-02-21 10:13:15,2026-02-21 19:14:34,False,False Positive,True,Analyst reviewed logs and confirmed activity with evidence archived.,MEDIUM,188,132
CSE-B,ALT-00860,ASSET-074,LOW,Unauthorized Access,2026-05-13 16:46:11,2026-05-13 17:15:08,2026-05-13 17:30:08,2026-05-13 18:57:24,2026-05-13 22:17:38,True,True Positive,True,Investigation completed; evidence recorded and escalated per playbook.,MEDIUM,153,88
CSE-E,ALT-00861,ASSET-088,LOW,Network Anomaly,2026-04-08 18:54:15,2026-04-08 20:32:21,2026-04-08 20:50:21,2026-04-08 21:42:06,2026-04-08 23:01:02,False,True Positive,True,Alert correlated with threat intel; full timeline documented.,CRITICAL,183,137
CSE-E,ALT-00862,ASSET-055,MEDIUM,Suspicious Login,2026-01-08 11:56:09,2026-01-08 13:14:45,,,2026-01-08 20:41:41,False,True Positive,False,,MEDIUM,89,60
CSE-E,ALT-00863,ASSET-083,MEDIUM,Data Exfiltration,2026-02-12 15:12:44,2026-02-12 15:49:34,2026-02-12 16:07:34,2026-02-12 17:04:54,2026-02-12 21:29:51,False,False Positive,True,Analyst investigation performed; packet capture and EDR evidence attached.,HIGH,196,106
CSE-C,ALT-00864,ASSET-075,CRITICAL,Malware,2026-05-27 13:19:36,2026-05-27 14:12:25,,,2026-05-27 16:05:22,False,Escalated to Tier-2,False,N/A,CRITICAL,112,30
CSE-A,ALT-00865,ASSET-087,HIGH,Network Anomaly,2026-05-15 03:50:13,2026-05-15 04:07:58,2026-05-15 04:18:58,2026-05-15 05:44:35,2026-05-15 13:44:13,True,True Positive,True,Analyst investigation performed; packet capture and EDR evidence attached.,MEDIUM,92,73
CSE-D,ALT-00866,ASSET-027,LOW,Malware,2026-05-21 09:38:56,2026-05-21 09:42:12,2026-05-21 09:58:12,2026-05-21 14:11:45,2026-05-21 19:21:07,False,True Positive,True,Analyst investigation performed; packet capture and EDR evidence attached.,MEDIUM,172,172
CSE-E,ALT-00867,ASSET-050,HIGH,Data Exfiltration,2026-06-13 10:02:51,2026-06-13 11:55:50,,,2026-06-13 15:46:51,False,False Positive,False,,HIGH,152,71
CSE-C,ALT-00868,ASSET-096,MEDIUM,Suspicious Login,2026-02-23 19:28:57,2026-02-23 20:29:52,2026-02-23 20:54:52,2026-02-23 21:01:33,2026-02-23 22:15:41,False,Escalated to Tier-2,True,Analyst investigation performed; packet capture and EDR evidence attached.,HIGH,93,11
CSE-D,ALT-00869,ASSET-051,HIGH,Data Exfiltration,2026-01-15 12:21:58,2026-01-15 12:24:34,2026-01-15 12:40:34,2026-01-15 13:37:47,2026-01-15 21:55:39,False,True Positive,True,Analyst investigation performed; packet capture and EDR evidence attached.,CRITICAL,99,96
CSE-B,ALT-00870,ASSET-006,HIGH,Network Anomaly,2026-04-15 11:22:03,2026-04-15 11:41:41,2026-04-15 12:03:41,2026-04-15 12:30:48,2026-04-15 18:43:06,True,Escalated to Tier-2,True,Analyst reviewed logs and confirmed activity with evidence archived.,CRITICAL,78,56
CSE-E,ALT-00871,ASSET-086,LOW,Data Exfiltration,2026-02-20 07:18:02,2026-02-20 08:00:38,2026-02-20 08:13:38,2026-02-20 09:44:51,2026-02-20 08:39:20,False,Benign True Positive,True,Analyst investigation performed; packet capture and EDR evidence attached.,MEDIUM,96,47
CSE-B,ALT-00872,ASSET-076,CRITICAL,Phishing,2026-01-06 23:18:25,2026-01-07 00:43:58,2026-01-07 00:54:58,2026-01-07 01:02:34,2026-01-07 03:47:36,True,True Positive,True,Investigation completed; evidence recorded and escalated per playbook.,CRITICAL,159,129
CSE-A,ALT-00873,ASSET-046,LOW,Data Exfiltration,2026-06-20 14:53:08,2026-06-20 15:19:52,2026-06-20 15:20:52,2026-06-20 16:25:06,2026-06-20 18:06:01,False,False Positive,True,Alert correlated with threat intel; full timeline documented.,HIGH,149,129
CSE-B,ALT-00874,ASSET-072,HIGH,Malware,2026-03-08 05:19:01,2026-03-08 05:42:31,,,2026-03-08 08:18:54,False,False Positive,False,Closed quickly — no notes.,HIGH,85,56
CSE-A,ALT-00875,ASSET-088,MEDIUM,Brute Force,2026-04-21 09:22:26,2026-04-21 09:31:34,2026-04-21 09:41:34,2026-04-21 14:28:15,2026-04-21 16:06:54,False,Under Investigation,True,Analyst reviewed logs and confirmed activity with evidence archived.,HIGH,80,65
CSE-A,ALT-00876,ASSET-100,HIGH,Brute Force,2026-01-05 15:55:31,2026-01-05 16:16:29,2026-01-05 16:31:29,2026-01-05 19:54:56,2026-01-06 03:38:33,False,False Positive,True,Investigation completed; evidence recorded and escalated per playbook.,MEDIUM,127,104
CSE-B,ALT-00877,ASSET-095,HIGH,Brute Force,2026-02-05 08:34:29,2026-02-05 09:34:29,2026-02-05 09:52:29,2026-02-05 10:13:18,2026-02-05 18:50:36,True,True Positive,True,Analyst reviewed logs and confirmed activity with evidence archived.,MEDIUM,128,76
CSE-C,ALT-00878,ASSET-004,MEDIUM,Brute Force,2026-05-06 17:48:02,2026-05-06 18:23:02,,,2026-05-07 00:26:25,False,True Positive,False,N/A,MEDIUM,103,50
CSE-D,ALT-00879,ASSET-052,CRITICAL,Malware,2026-04-15 13:12:03,2026-04-15 13:28:48,2026-04-15 13:31:48,2026-04-15 14:11:40,2026-04-15 23:32:05,False,True Positive,True,Investigation completed; evidence recorded and escalated per playbook.,CRITICAL,83,66
CSE-B,ALT-00880,ASSET-078,HIGH,Privilege Escalation,2026-04-25 16:19:38,2026-04-25 16:57:09,2026-04-25 17:01:09,2026-04-25 19:29:09,2026-04-25 20:50:51,False,Under Investigation,True,Investigation completed; evidence recorded and escalated per playbook.,HIGH,182,168
CSE-D,ALT-00881,ASSET-043,MEDIUM,Suspicious Login,2026-01-21 10:05:33,2026-01-21 10:15:26,2026-01-21 10:31:26,2026-01-21 10:55:28,2026-01-21 15:47:51,False,True Positive,True,Analyst reviewed logs and confirmed activity with evidence archived.,HIGH,83,80
CSE-A,ALT-00882,ASSET-091,MEDIUM,Network Anomaly,2026-06-20 13:18:02,2026-06-20 13:20:49,2026-06-20 13:39:49,2026-06-20 15:55:23,2026-06-20 15:15:41,False,Under Investigation,True,Analyst investigation performed; packet capture and EDR evidence attached.,HIGH,114,108
CSE-B,ALT-00883,ASSET-068,MEDIUM,Brute Force,2026-03-23 01:26:16,2026-03-23 02:49:54,2026-03-23 03:08:54,2026-03-23 04:30:35,2026-03-23 11:48:53,False,Under Investigation,True,Analyst investigation performed; packet capture and EDR evidence attached.,MEDIUM,127,100
CSE-D,ALT-00884,ASSET-032,MEDIUM,Brute Force,2026-04-17 13:59:06,2026-04-17 14:15:04,2026-04-17 14:19:04,2026-04-17 15:50:17,2026-04-17 20:08:07,False,False Positive,True,Alert correlated with threat intel; full timeline documented.,CRITICAL,102,105
CSE-B,ALT-00885,ASSET-059,HIGH,Phishing,2026-05-30 10:56:39,2026-05-30 11:59:30,2026-05-30 12:22:30,2026-05-30 13:34:40,2026-05-30 14:51:31,False,True Positive,True,Alert correlated with threat intel; full timeline documented.,MEDIUM,113,67
CSE-A,ALT-00886,ASSET-079,LOW,Malware,2026-06-11 21:25:16,2026-06-11 21:31:10,,,2026-06-11 23:41:25,False,Benign True Positive,False,N/A,HIGH,156,148
CSE-D,ALT-00887,ASSET-069,LOW,Brute Force,2026-01-22 00:45:46,2026-01-22 01:05:18,2026-01-22 01:15:18,2026-01-22 05:50:19,2026-01-22 11:25:17,False,True Positive,True,Analyst reviewed logs and confirmed activity with evidence archived.,CRITICAL,177,144
CSE-E,ALT-00888,ASSET-061,MEDIUM,Data Exfiltration,2026-05-27 17:18:23,2026-05-27 18:20:22,2026-05-27 18:26:22,2026-05-27 18:47:13,2026-05-27 23:10:56,True,False Positive,True,Analyst reviewed logs and confirmed activity with evidence archived.,MEDIUM,116,92
CSE-E,ALT-00889,ASSET-072,CRITICAL,Unauthorized Access,2026-01-24 22:48:05,2026-01-24 23:13:37,,,2026-01-25 04:15:27,True,Benign True Positive,False,N/A,CRITICAL,170,120
CSE-D,ALT-00890,ASSET-032,MEDIUM,Malware,2026-03-10 15:03:14,2026-03-10 15:27:21,2026-03-10 15:30:21,2026-03-10 19:21:28,2026-03-10 23:44:23,False,False Positive,True,Investigation completed; evidence recorded and escalated per playbook.,CRITICAL,116,118
CSE-E,ALT-00891,ASSET-078,HIGH,Unauthorized Access,2026-04-01 16:51:37,2026-04-01 18:39:31,,,2026-04-02 01:51:42,False,True Positive,False,N/A,MEDIUM,142,112
CSE-D,ALT-00892,ASSET-046,MEDIUM,Phishing,2026-06-06 13:32:28,2026-06-06 13:50:47,2026-06-06 14:05:47,2026-06-06 14:25:56,2026-06-06 20:36:53,False,True Positive,True,Analyst investigation performed; packet capture and EDR evidence attached.,HIGH,111,116
CSE-C,ALT-00893,ASSET-034,HIGH,Suspicious Login,2026-01-01 12:47:17,2026-01-01 13:22:42,,,2026-01-01 15:39:21,False,Benign True Positive,False,N/A,HIGH,109,62
CSE-D,ALT-00894,ASSET-027,MEDIUM,Brute Force,2026-04-19 10:04:05,2026-04-19 10:15:09,2026-04-19 10:19:09,2026-04-19 12:41:31,2026-04-19 22:11:01,True,Under Investigation,True,Analyst investigation performed; packet capture and EDR evidence attached.,MEDIUM,93,81
CSE-D,ALT-00895,ASSET-039,LOW,Privilege Escalation,2026-02-17 01:29:58,2026-02-17 01:40:18,2026-02-17 01:44:18,2026-02-17 05:24:39,2026-02-17 05:29:41,False,True Positive,True,Analyst reviewed logs and confirmed activity with evidence archived.,HIGH,113,88
CSE-D,ALT-00896,ASSET-034,HIGH,Malware,2026-02-19 13:40:01,2026-02-19 14:00:27,2026-02-19 14:03:27,2026-02-19 18:19:15,2026-02-20 03:45:31,False,True Positive,True,Alert correlated with threat intel; full timeline documented.,HIGH,153,161
CSE-A,ALT-00897,ASSET-051,MEDIUM,Malware,2026-04-13 11:28:06,2026-04-13 11:38:11,2026-04-13 11:52:11,2026-04-13 16:32:05,2026-04-13 16:15:04,False,True Positive,True,Analyst reviewed logs and confirmed activity with evidence archived.,HIGH,113,110
CSE-E,ALT-00898,ASSET-041,MEDIUM,Data Exfiltration,2026-06-28 13:30:44,2026-06-28 14:55:19,2026-06-28 15:12:19,2026-06-28 16:54:55,2026-06-28 16:52:39,False,False Positive,True,Investigation completed; evidence recorded and escalated per playbook.,MEDIUM,82,44
CSE-B,ALT-00899,ASSET-055,MEDIUM,Suspicious Login,2026-01-15 16:18:23,2026-01-15 16:55:07,,,2026-01-15 18:10:29,True,False Positive,False,N/A,MEDIUM,85,58
CSE-E,ALT-00900,ASSET-007,LOW,Unauthorized Access,2026-02-23 13:14:26,2026-02-23 14:50:07,2026-02-23 15:07:07,2026-02-23 17:40:23,2026-02-23 21:36:45,True,False Positive,True,Investigation completed; evidence recorded and escalated per playbook.,CRITICAL,147,112
CSE-E,ALT-00901,ASSET-056,LOW,Phishing,2026-02-15 15:25:24,2026-02-15 16:58:19,2026-02-15 17:22:19,2026-02-15 19:49:58,2026-02-16 00:44:50,False,False Positive,True,Alert correlated with threat intel; full timeline documented.,CRITICAL,73,55
CSE-C,ALT-00902,ASSET-065,HIGH,Privilege Escalation,2026-05-06 11:36:34,2026-05-06 12:34:35,,,2026-05-06 19:27:55,False,True Positive,False,Closed quickly — no notes.,MEDIUM,93,25
CSE-C,ALT-00903,ASSET-002,CRITICAL,Unauthorized Access,2026-04-08 21:37:11,2026-04-08 22:27:37,2026-04-08 22:37:37,2026-04-08 22:40:43,2026-04-09 03:57:15,False,Escalated to Tier-2,True,Alert correlated with threat intel; full timeline documented.,MEDIUM,110,49
CSE-B,ALT-00904,ASSET-091,HIGH,Suspicious Login,2026-04-26 17:09:44,2026-04-26 18:39:14,2026-04-26 18:44:14,2026-04-26 20:09:53,2026-04-27 01:48:15,True,True Positive,True,Analyst reviewed logs and confirmed activity with evidence archived.,MEDIUM,93,68
CSE-C,ALT-00905,ASSET-026,HIGH,Unauthorized Access,2026-01-16 09:15:06,2026-01-16 09:46:43,,,2026-01-16 14:13:28,False,Under Investigation,False,Closed quickly — no notes.,MEDIUM,112,40
CSE-D,ALT-00906,ASSET-095,LOW,Malware,2026-03-11 15:58:50,2026-03-11 16:09:44,2026-03-11 16:23:44,2026-03-11 17:16:53,2026-03-11 19:57:47,True,True Positive,True,Analyst reviewed logs and confirmed activity with evidence archived.,MEDIUM,141,126
CSE-C,ALT-00907,ASSET-030,MEDIUM,Unauthorized Access,2026-05-17 14:58:52,2026-05-17 15:40:02,2026-05-17 15:49:02,2026-05-17 16:07:13,2026-05-17 17:05:09,False,Under Investigation,True,Investigation completed; evidence recorded and escalated per playbook.,HIGH,122,31
CSE-A,ALT-00908,ASSET-037,CRITICAL,Unauthorized Access,2026-03-07 15:16:18,2026-03-07 15:38:47,2026-03-07 15:43:47,2026-03-07 17:39:41,2026-03-07 19:41:56,False,Escalated to Tier-2,True,Analyst reviewed logs and confirmed activity with evidence archived.,MEDIUM,174,177
CSE-E,ALT-00909,ASSET-072,LOW,Brute Force,2026-04-26 15:47:48,2026-04-26 16:19:03,2026-04-26 16:40:03,2026-04-26 19:29:46,2026-04-27 01:05:13,True,Under Investigation,True,"Reviewed source IP, asset logs and correlated with previous alerts.",HIGH,113,89
CSE-C,ALT-00910,ASSET-042,MEDIUM,Malware,2026-01-18 15:36:15,2026-01-18 16:29:17,2026-01-18 16:52:17,2026-01-18 17:14:29,2026-01-18 20:06:55,False,Escalated to Tier-2,True,Analyst reviewed logs and confirmed activity with evidence archived.,MEDIUM,154,71
CSE-E,ALT-00911,ASSET-057,LOW,Privilege Escalation,2026-02-28 00:24:02,2026-02-28 02:19:00,,,2026-02-28 04:30:32,True,Under Investigation,False,N/A,HIGH,143,89
CSE-D,ALT-00912,ASSET-028,MEDIUM,Suspicious Login,2026-03-13 15:08:16,2026-03-13 15:18:43,2026-03-13 15:36:43,2026-03-13 17:39:35,2026-03-13 22:29:27,True,Benign True Positive,True,Analyst investigation performed; packet capture and EDR evidence attached.,HIGH,180,167
CSE-C,ALT-00913,ASSET-062,CRITICAL,Brute Force,2026-02-07 17:34:32,2026-02-07 18:17:48,,,2026-02-07 17:39:09,False,False Positive,False,,CRITICAL,151,24
CSE-B,ALT-00914,ASSET-067,HIGH,Data Exfiltration,2026-01-10 20:25:34,2026-01-10 21:19:19,2026-01-10 21:28:19,2026-01-10 22:07:16,2026-01-11 07:20:00,False,False Positive,True,"Reviewed source IP, asset logs and correlated with previous alerts.",CRITICAL,96,54
CSE-E,ALT-00915,ASSET-006,MEDIUM,Unauthorized Access,2026-02-10 19:20:13,2026-02-10 19:47:46,,,2026-02-11 05:43:45,False,True Positive,False,,MEDIUM,73,35
CSE-A,ALT-00916,ASSET-025,CRITICAL,Unauthorized Access,2026-04-29 10:57:02,2026-04-29 10:59:34,2026-04-29 11:19:34,2026-04-29 16:20:32,2026-04-29 13:48:34,False,Under Investigation,True,Alert correlated with threat intel; full timeline documented.,HIGH,116,87
CSE-E,ALT-00917,ASSET-076,HIGH,Privilege Escalation,2026-06-16 10:27:37,2026-06-16 11:38:25,2026-06-16 11:54:25,2026-06-16 13:09:51,2026-06-16 14:24:37,False,False Positive,True,Analyst investigation performed; packet capture and EDR evidence attached.,HIGH,95,42
CSE-A,ALT-00918,ASSET-055,MEDIUM,Unauthorized Access,2026-02-16 13:45:21,2026-02-16 14:10:58,2026-02-16 14:13:58,2026-02-16 17:17:59,2026-02-16 22:22:25,False,Benign True Positive,True,Analyst reviewed logs and confirmed activity with evidence archived.,CRITICAL,89,72
CSE-D,ALT-00919,ASSET-080,LOW,Phishing,2026-01-23 12:50:18,2026-01-23 12:53:09,2026-01-23 13:04:09,2026-01-23 14:10:34,2026-01-24 03:51:08,False,True Positive,True,Analyst investigation performed; packet capture and EDR evidence attached.,HIGH,146,142
CSE-E,ALT-00920,ASSET-068,LOW,Unauthorized Access,2026-04-18 14:01:35,2026-04-18 14:24:59,2026-04-18 14:43:59,2026-04-18 17:13:38,2026-04-18 17:33:23,False,Under Investigation,True,Alert correlated with threat intel; full timeline documented.,CRITICAL,180,124
CSE-E,ALT-00921,ASSET-003,CRITICAL,Network Anomaly,2026-06-07 09:31:23,2026-06-07 11:19:00,2026-06-07 11:31:00,2026-06-07 13:32:54,2026-06-07 18:10:01,False,True Positive,True,Analyst reviewed logs and confirmed activity with evidence archived.,CRITICAL,161,106
CSE-E,ALT-00922,ASSET-060,MEDIUM,Suspicious Login,2026-04-08 10:20:35,2026-04-08 12:14:35,,,2026-04-08 18:57:34,False,True Positive,False,N/A,HIGH,200,111
CSE-D,ALT-00923,ASSET-052,MEDIUM,Phishing,2026-06-30 11:21:31,2026-06-30 11:32:55,2026-06-30 11:35:55,2026-06-30 12:40:29,2026-06-30 15:01:12,True,Benign True Positive,True,Analyst investigation performed; packet capture and EDR evidence attached.,MEDIUM,135,113
CSE-B,ALT-00924,ASSET-048,MEDIUM,Network Anomaly,2026-03-27 10:16:28,2026-03-27 10:28:19,2026-03-27 10:37:19,2026-03-27 12:15:36,2026-03-27 12:46:11,False,Benign True Positive,True,"Reviewed source IP, asset logs and correlated with previous alerts.",HIGH,81,57
CSE-B,ALT-00925,ASSET-022,CRITICAL,Suspicious Login,2026-02-02 12:31:31,2026-02-02 12:37:16,2026-02-02 13:01:16,2026-02-02 13:18:20,2026-02-02 18:57:42,True,True Positive,True,Alert correlated with threat intel; full timeline documented.,CRITICAL,190,182
CSE-B,ALT-00926,ASSET-031,LOW,Privilege Escalation,2026-03-13 10:31:31,2026-03-13 11:43:12,,,2026-03-13 15:20:22,False,Benign True Positive,False,N/A,CRITICAL,177,105
CSE-C,ALT-00927,ASSET-055,CRITICAL,Brute Force,2026-01-16 19:11:41,2026-01-16 19:57:29,,,2026-01-16 19:14:41,False,Under Investigation,False,Closed quickly — no notes.,CRITICAL,185,50
CSE-A,ALT-00928,ASSET-012,LOW,Suspicious Login,2026-02-21 16:53:04,2026-02-21 17:20:31,2026-02-21 17:42:31,2026-02-21 18:04:31,2026-02-21 22:28:28,False,Escalated to Tier-2,True,Alert correlated with threat intel; full timeline documented.,MEDIUM,153,159
CSE-C,ALT-00929,ASSET-033,MEDIUM,Data Exfiltration,2026-06-15 17:54:29,2026-06-15 18:22:06,,,2026-06-16 02:05:00,False,True Positive,False,,CRITICAL,150,67
CSE-A,ALT-00930,ASSET-085,LOW,Suspicious Login,2026-05-02 14:18:51,2026-05-02 14:37:56,2026-05-02 15:02:56,2026-05-02 15:53:58,2026-05-02 21:02:58,True,Under Investigation,True,Investigation completed; evidence recorded and escalated per playbook.,HIGH,108,102
CSE-D,ALT-00931,ASSET-005,LOW,Data Exfiltration,2026-04-03 17:56:48,2026-04-03 18:06:09,2026-04-03 18:11:09,2026-04-03 22:01:42,2026-04-04 02:02:04,False,False Positive,True,Analyst reviewed logs and confirmed activity with evidence archived.,MEDIUM,137,118
CSE-B,ALT-00932,ASSET-081,LOW,Phishing,2026-03-18 17:10:12,2026-03-18 18:25:31,,,2026-03-18 22:48:55,False,Under Investigation,False,Closed quickly — no notes.,MEDIUM,146,101
CSE-E,ALT-00933,ASSET-094,CRITICAL,Privilege Escalation,2026-01-14 16:34:59,2026-01-14 17:15:44,2026-01-14 17:27:44,2026-01-14 19:27:23,2026-01-14 23:53:09,True,Benign True Positive,True,Investigation completed; evidence recorded and escalated per playbook.,MEDIUM,155,125
CSE-A,ALT-00934,ASSET-003,CRITICAL,Phishing,2026-01-08 10:44:56,2026-01-08 10:54:02,,,2026-01-08 20:18:26,True,Escalated to Tier-2,False,,CRITICAL,170,188
CSE-D,ALT-00935,ASSET-057,CRITICAL,Suspicious Login,2026-02-13 15:55:45,2026-02-13 16:17:08,2026-02-13 16:28:08,2026-02-13 19:00:52,2026-02-13 17:18:05,True,True Positive,True,Analyst reviewed logs and confirmed activity with evidence archived.,MEDIUM,195,182
CSE-A,ALT-00936,ASSET-082,HIGH,Unauthorized Access,2026-06-29 02:41:20,2026-06-29 02:46:41,2026-06-29 03:10:41,2026-06-29 04:59:39,2026-06-29 14:42:24,False,True Positive,True,Investigation completed; evidence recorded and escalated per playbook.,MEDIUM,123,92
CSE-A,ALT-00937,ASSET-097,LOW,Network Anomaly,2026-01-26 06:31:54,2026-01-26 06:38:23,2026-01-26 06:40:23,2026-01-26 09:57:08,2026-01-26 13:38:04,True,True Positive,True,Analyst investigation performed; packet capture and EDR evidence attached.,MEDIUM,86,65
CSE-C,ALT-00938,ASSET-028,LOW,Data Exfiltration,2026-03-19 00:24:13,2026-03-19 01:10:10,,,2026-03-19 03:52:32,False,True Positive,False,,HIGH,154,56
CSE-A,ALT-00939,ASSET-019,CRITICAL,Phishing,2026-06-10 10:36:14,2026-06-10 10:58:35,2026-06-10 11:18:35,2026-06-10 13:03:09,2026-06-10 15:53:33,False,False Positive,True,Investigation completed; evidence recorded and escalated per playbook.,CRITICAL,84,66
CSE-E,ALT-00940,ASSET-031,LOW,Malware,2026-06-14 16:18:58,2026-06-14 18:09:33,2026-06-14 18:27:33,2026-06-14 20:12:18,2026-06-15 02:42:49,True,Benign True Positive,True,Alert correlated with threat intel; full timeline documented.,MEDIUM,198,115
CSE-B,ALT-00941,ASSET-049,MEDIUM,Data Exfiltration,2026-06-19 13:55:19,2026-06-19 15:15:03,,,2026-06-19 19:35:04,True,False Positive,False,Closed quickly — no notes.,MEDIUM,110,70
CSE-B,ALT-00942,ASSET-081,HIGH,Privilege Escalation,2026-01-03 12:37:24,2026-01-03 13:22:40,2026-01-03 13:35:40,2026-01-03 14:27:58,2026-01-03 21:43:14,False,False Positive,True,Analyst reviewed logs and confirmed activity with evidence archived.,CRITICAL,108,66
CSE-C,ALT-00943,ASSET-082,HIGH,Brute Force,2026-01-18 09:32:36,2026-01-18 09:36:17,,,2026-01-18 17:06:00,False,False Positive,False,Closed quickly — no notes.,MEDIUM,159,56
CSE-E,ALT-00944,ASSET-059,HIGH,Malware,2026-02-08 03:58:05,2026-02-08 04:52:30,2026-02-08 04:57:30,2026-02-08 07:40:29,2026-02-08 10:06:27,False,Escalated to Tier-2,True,Analyst reviewed logs and confirmed activity with evidence archived.,HIGH,185,111
CSE-B,ALT-00945,ASSET-060,CRITICAL,Unauthorized Access,2026-03-21 09:47:14,2026-03-21 10:22:40,2026-03-21 10:28:40,2026-03-21 10:36:36,2026-03-21 16:55:13,True,True Positive,True,"Reviewed source IP, asset logs and correlated with previous alerts.",MEDIUM,102,58
CSE-A,ALT-00946,ASSET-016,CRITICAL,Privilege Escalation,2026-02-11 09:06:11,2026-02-11 09:14:38,2026-02-11 09:20:38,2026-02-11 10:26:19,2026-02-11 12:54:42,True,Escalated to Tier-2,True,Analyst investigation performed; packet capture and EDR evidence attached.,HIGH,172,129
CSE-E,ALT-00947,ASSET-089,CRITICAL,Brute Force,2026-01-29 12:36:34,2026-01-29 13:28:55,2026-01-29 13:31:55,2026-01-29 16:07:51,2026-01-29 21:48:39,False,True Positive,True,Investigation completed; evidence recorded and escalated per playbook.,CRITICAL,81,59
CSE-B,ALT-00948,ASSET-040,MEDIUM,Data Exfiltration,2026-01-18 15:24:38,2026-01-18 15:49:10,,,2026-01-18 19:16:01,False,False Positive,False,Closed quickly — no notes.,MEDIUM,94,86
CSE-B,ALT-00949,ASSET-012,MEDIUM,Network Anomaly,2026-02-11 12:01:35,2026-02-11 12:34:14,2026-02-11 12:39:14,2026-02-11 15:25:13,2026-02-11 15:22:56,False,True Positive,True,"Reviewed source IP, asset logs and correlated with previous alerts.",CRITICAL,194,188
CSE-B,ALT-00950,ASSET-036,MEDIUM,Brute Force,2026-01-17 15:08:36,2026-01-17 16:31:21,2026-01-17 16:32:21,2026-01-17 19:29:29,2026-01-17 19:11:23,False,Escalated to Tier-2,True,Analyst reviewed logs and confirmed activity with evidence archived.,MEDIUM,108,65
CSE-B,ALT-00951,ASSET-053,MEDIUM,Network Anomaly,2026-04-02 04:20:44,2026-04-02 04:38:59,2026-04-02 04:45:59,2026-04-02 05:01:56,2026-04-02 13:44:04,False,Under Investigation,True,"Reviewed source IP, asset logs and correlated with previous alerts.",CRITICAL,120,61
CSE-C,ALT-00952,ASSET-012,MEDIUM,Data Exfiltration,2026-04-23 15:04:25,2026-04-23 16:03:02,2026-04-23 16:21:02,2026-04-23 16:30:10,2026-04-23 22:13:03,False,Escalated to Tier-2,True,Analyst reviewed logs and confirmed activity with evidence archived.,HIGH,194,75
CSE-D,ALT-00953,ASSET-073,HIGH,Malware,2026-02-10 12:43:07,2026-02-10 12:45:23,2026-02-10 13:09:23,2026-02-10 18:02:15,2026-02-10 14:54:02,False,True Positive,True,Investigation completed; evidence recorded and escalated per playbook.,CRITICAL,191,157
CSE-D,ALT-00954,ASSET-030,MEDIUM,Malware,2026-04-04 15:17:53,2026-04-04 15:33:46,,,2026-04-05 00:25:34,False,True Positive,False,Closed quickly — no notes.,MEDIUM,199,168
CSE-E,ALT-00955,ASSET-025,LOW,Privilege Escalation,2026-04-03 13:53:49,2026-04-03 15:36:39,2026-04-03 15:57:39,2026-04-03 16:12:07,2026-04-03 22:41:51,False,Benign True Positive,True,Alert correlated with threat intel; full timeline documented.,MEDIUM,176,102
CSE-E,ALT-00956,ASSET-053,HIGH,Network Anomaly,2026-02-18 11:52:24,2026-02-18 12:14:51,,,2026-02-18 14:10:09,False,False Positive,False,,MEDIUM,157,132
CSE-C,ALT-00957,ASSET-053,CRITICAL,Suspicious Login,2026-01-26 17:45:40,2026-01-26 18:42:42,,,2026-01-27 00:07:25,False,Under Investigation,False,Closed quickly — no notes.,CRITICAL,129,61
CSE-E,ALT-00958,ASSET-034,MEDIUM,Unauthorized Access,2026-03-09 14:46:51,2026-03-09 15:22:47,2026-03-09 15:32:47,2026-03-09 17:34:58,2026-03-09 16:46:10,False,True Positive,True,Investigation completed; evidence recorded and escalated per playbook.,MEDIUM,78,58
CSE-A,ALT-00959,ASSET-092,CRITICAL,Privilege Escalation,2026-06-21 15:55:01,2026-06-21 16:08:47,2026-06-21 16:23:47,2026-06-21 19:58:45,2026-06-22 01:25:08,False,False Positive,True,Analyst investigation performed; packet capture and EDR evidence attached.,MEDIUM,114,119
CSE-C,ALT-00960,ASSET-036,LOW,Privilege Escalation,2026-03-03 17:03:54,2026-03-03 17:22:19,2026-03-03 17:46:19,2026-03-03 18:08:08,2026-03-03 20:58:10,False,False Positive,True,Analyst investigation performed; packet capture and EDR evidence attached.,CRITICAL,112,28
CSE-A,ALT-00961,ASSET-051,MEDIUM,Malware,2026-05-27 14:13:32,2026-05-27 14:18:24,2026-05-27 14:43:24,2026-05-27 18:23:02,2026-05-27 20:34:14,False,False Positive,True,"Reviewed source IP, asset logs and correlated with previous alerts.",HIGH,137,109
CSE-A,ALT-00962,ASSET-021,MEDIUM,Phishing,2026-02-04 11:01:17,2026-02-04 11:08:41,2026-02-04 11:18:41,2026-02-04 12:00:23,2026-02-04 23:00:15,False,True Positive,True,Investigation completed; evidence recorded and escalated per playbook.,MEDIUM,184,145
CSE-C,ALT-00963,ASSET-048,CRITICAL,Malware,2026-04-26 12:45:42,2026-04-26 13:36:11,2026-04-26 13:58:11,2026-04-26 14:28:12,2026-04-26 12:47:13,False,True Positive,True,Analyst reviewed logs and confirmed activity with evidence archived.,CRITICAL,161,33
CSE-B,ALT-00964,ASSET-021,HIGH,Phishing,2026-02-15 17:37:51,2026-02-15 18:41:07,2026-02-15 19:03:07,2026-02-15 21:55:03,2026-02-15 20:00:14,False,Benign True Positive,True,Alert correlated with threat intel; full timeline documented.,MEDIUM,76,63
CSE-C,ALT-00965,ASSET-008,LOW,Suspicious Login,2026-02-26 15:47:28,2026-02-26 15:57:04,2026-02-26 16:19:04,2026-02-26 16:31:30,2026-02-26 17:56:33,True,False Positive,True,"Reviewed source IP, asset logs and correlated with previous alerts.",HIGH,95,54
CSE-C,ALT-00966,ASSET-088,MEDIUM,Network Anomaly,2026-05-18 15:16:20,2026-05-18 15:58:53,,,2026-05-18 16:36:54,False,Under Investigation,False,,CRITICAL,106,10
CSE-C,ALT-00967,ASSET-012,HIGH,Data Exfiltration,2026-01-31 14:08:14,2026-01-31 14:45:58,,,2026-01-31 21:36:23,False,Under Investigation,False,,HIGH,111,54
CSE-A,ALT-00968,ASSET-079,HIGH,Privilege Escalation,2026-03-31 17:50:49,2026-03-31 18:05:00,2026-03-31 18:06:00,2026-03-31 19:56:36,2026-03-31 23:02:22,True,False Positive,True,Alert correlated with threat intel; full timeline documented.,HIGH,194,208
CSE-B,ALT-00969,ASSET-089,LOW,Suspicious Login,2026-02-13 16:33:14,2026-02-13 17:56:26,,,2026-02-13 21:24:26,False,Under Investigation,False,N/A,MEDIUM,126,106
CSE-B,ALT-00970,ASSET-064,HIGH,Unauthorized Access,2026-01-23 09:35:30,2026-01-23 10:30:35,,,2026-01-23 18:50:37,False,False Positive,False,N/A,MEDIUM,100,82
CSE-B,ALT-00971,ASSET-086,HIGH,Brute Force,2026-01-04 11:39:25,2026-01-04 11:56:47,2026-01-04 12:14:47,2026-01-04 13:16:44,2026-01-04 15:34:32,True,Under Investigation,True,Analyst investigation performed; packet capture and EDR evidence attached.,MEDIUM,181,165
CSE-E,ALT-00972,ASSET-038,LOW,Unauthorized Access,2026-05-03 16:33:48,2026-05-03 17:11:56,2026-05-03 17:18:56,2026-05-03 18:03:05,2026-05-04 02:16:57,False,Under Investigation,True,"Reviewed source IP, asset logs and correlated with previous alerts.",CRITICAL,109,69
CSE-E,ALT-00973,ASSET-093,CRITICAL,Suspicious Login,2026-02-15 15:02:25,2026-02-15 15:14:49,2026-02-15 15:34:49,2026-02-15 17:06:02,2026-02-15 22:18:04,False,Benign True Positive,True,Investigation completed; evidence recorded and escalated per playbook.,HIGH,87,64
CSE-E,ALT-00974,ASSET-085,CRITICAL,Unauthorized Access,2026-06-25 09:24:06,2026-06-25 11:14:21,2026-06-25 11:36:21,2026-06-25 13:01:35,2026-06-25 13:44:02,False,True Positive,True,Analyst investigation performed; packet capture and EDR evidence attached.,CRITICAL,114,64
CSE-E,ALT-00975,ASSET-023,LOW,Unauthorized Access,2026-02-28 17:04:42,2026-02-28 17:56:06,2026-02-28 18:20:06,2026-02-28 19:35:56,2026-02-28 19:07:29,False,Benign True Positive,True,Alert correlated with threat intel; full timeline documented.,MEDIUM,87,52
CSE-C,ALT-00976,ASSET-008,CRITICAL,Privilege Escalation,2026-03-26 09:17:36,2026-03-26 10:18:18,2026-03-26 10:42:18,2026-03-26 10:56:55,2026-03-26 14:28:53,False,Escalated to Tier-2,True,"Reviewed source IP, asset logs and correlated with previous alerts.",CRITICAL,107,8
CSE-D,ALT-00977,ASSET-080,LOW,Malware,2026-01-19 17:28:06,2026-01-19 17:34:52,2026-01-19 17:39:52,2026-01-19 20:31:56,2026-01-20 04:20:07,False,False Positive,True,"Reviewed source IP, asset logs and correlated with previous alerts.",HIGH,148,144
CSE-D,ALT-00978,ASSET-090,CRITICAL,Network Anomaly,2026-02-25 16:16:31,2026-02-25 16:33:45,2026-02-25 16:53:45,2026-02-25 18:42:53,2026-02-26 05:05:33,True,Escalated to Tier-2,True,Alert correlated with threat intel; full timeline documented.,CRITICAL,159,151
CSE-D,ALT-00979,ASSET-075,MEDIUM,Data Exfiltration,2026-06-11 14:16:12,2026-06-11 14:21:50,2026-06-11 14:46:50,2026-06-11 18:17:11,2026-06-11 18:33:51,False,Benign True Positive,True,Investigation completed; evidence recorded and escalated per playbook.,HIGH,103,85
CSE-A,ALT-00980,ASSET-054,HIGH,Brute Force,2026-04-01 11:54:31,2026-04-01 12:21:55,2026-04-01 12:31:55,2026-04-01 16:40:46,2026-04-01 21:17:55,False,True Positive,True,Investigation completed; evidence recorded and escalated per playbook.,MEDIUM,139,122
CSE-E,ALT-00981,ASSET-005,MEDIUM,Unauthorized Access,2026-05-08 16:38:37,2026-05-08 17:41:36,2026-05-08 17:44:36,2026-05-08 19:37:28,2026-05-09 00:41:32,False,Benign True Positive,True,"Reviewed source IP, asset logs and correlated with previous alerts.",CRITICAL,154,72
CSE-B,ALT-00982,ASSET-042,HIGH,Data Exfiltration,2026-05-01 15:35:17,2026-05-01 16:52:44,2026-05-01 17:07:44,2026-05-01 19:04:49,2026-05-01 23:28:52,False,False Positive,True,Analyst reviewed logs and confirmed activity with evidence archived.,CRITICAL,164,124
CSE-B,ALT-00983,ASSET-098,HIGH,Brute Force,2026-02-11 16:53:26,2026-02-11 17:24:53,2026-02-11 17:27:53,2026-02-11 18:53:32,2026-02-12 02:52:32,False,Under Investigation,True,Investigation completed; evidence recorded and escalated per playbook.,HIGH,170,116
CSE-D,ALT-00984,ASSET-073,MEDIUM,Data Exfiltration,2026-03-18 08:56:55,2026-03-18 09:08:42,2026-03-18 09:31:42,2026-03-18 11:58:32,2026-03-18 23:39:39,False,True Positive,True,Analyst reviewed logs and confirmed activity with evidence archived.,MEDIUM,155,137
CSE-B,ALT-00985,ASSET-065,LOW,Phishing,2026-03-12 13:51:14,2026-03-12 15:10:10,2026-03-12 15:24:10,2026-03-12 16:36:11,2026-03-12 18:35:19,False,False Positive,True,Analyst investigation performed; packet capture and EDR evidence attached.,HIGH,192,159
CSE-E,ALT-00986,ASSET-042,MEDIUM,Phishing,2026-01-26 10:46:00,2026-01-26 12:45:48,2026-01-26 12:50:48,2026-01-26 13:11:32,2026-01-26 15:08:43,False,True Positive,True,"Reviewed source IP, asset logs and correlated with previous alerts.",HIGH,159,88
CSE-D,ALT-00987,ASSET-029,MEDIUM,Network Anomaly,2026-05-30 11:08:02,2026-05-30 11:17:02,2026-05-30 11:26:02,2026-05-30 15:22:56,2026-05-30 18:48:01,True,Benign True Positive,True,Investigation completed; evidence recorded and escalated per playbook.,HIGH,185,145
CSE-A,ALT-00988,ASSET-001,HIGH,Brute Force,2026-02-22 16:52:21,2026-02-22 17:21:46,2026-02-22 17:38:46,2026-02-22 21:13:58,2026-02-23 04:03:07,False,Under Investigation,True,Investigation completed; evidence recorded and escalated per playbook.,HIGH,135,143
CSE-E,ALT-00989,ASSET-027,MEDIUM,Brute Force,2026-03-08 14:05:12,2026-03-08 14:43:56,2026-03-08 14:56:56,2026-03-08 15:58:01,2026-03-08 18:57:55,False,False Positive,True,Analyst reviewed logs and confirmed activity with evidence archived.,CRITICAL,116,62
CSE-B,ALT-00990,ASSET-075,LOW,Suspicious Login,2026-01-09 06:39:19,2026-01-09 07:42:37,2026-01-09 07:56:37,2026-01-09 08:55:18,2026-01-09 08:31:56,False,False Positive,True,Analyst reviewed logs and confirmed activity with evidence archived.,HIGH,171,150
CSE-A,ALT-00991,ASSET-057,CRITICAL,Privilege Escalation,2026-02-06 13:47:24,2026-02-06 14:14:01,,,2026-02-07 02:08:06,False,Escalated to Tier-2,False,,CRITICAL,113,87
CSE-C,ALT-00992,ASSET-044,CRITICAL,Privilege Escalation,2026-01-15 15:15:03,2026-01-15 15:26:13,,,2026-01-15 19:22:38,False,Benign True Positive,False,N/A,MEDIUM,187,30
CSE-B,ALT-00993,ASSET-053,MEDIUM,Suspicious Login,2026-06-09 00:19:08,2026-06-09 00:26:16,2026-06-09 00:45:16,2026-06-09 01:17:29,2026-06-09 01:06:30,True,True Positive,True,"Reviewed source IP, asset logs and correlated with previous alerts.",HIGH,87,69
CSE-D,ALT-00994,ASSET-011,LOW,Privilege Escalation,2026-01-03 16:17:09,2026-01-03 16:34:48,2026-01-03 16:59:48,2026-01-03 19:56:03,2026-01-03 20:32:05,False,True Positive,True,Analyst reviewed logs and confirmed activity with evidence archived.,MEDIUM,102,113
CSE-E,ALT-00995,ASSET-075,LOW,Network Anomaly,2026-02-13 12:41:17,2026-02-13 14:18:15,,,2026-02-13 15:30:23,False,False Positive,False,,MEDIUM,74,32
CSE-B,ALT-00996,ASSET-100,MEDIUM,Suspicious Login,2026-03-16 15:22:03,2026-03-16 16:23:55,,,2026-03-16 21:19:37,False,False Positive,False,Closed quickly — no notes.,MEDIUM,191,156
CSE-C,ALT-00997,ASSET-061,MEDIUM,Unauthorized Access,2026-01-28 12:07:59,2026-01-28 12:25:02,2026-01-28 12:46:02,2026-01-28 13:05:16,2026-01-28 20:12:00,False,Under Investigation,True,Analyst investigation performed; packet capture and EDR evidence attached.,HIGH,133,39
CSE-B,ALT-00998,ASSET-058,HIGH,Malware,2026-05-30 11:42:24,2026-05-30 12:38:12,2026-05-30 13:01:12,2026-05-30 14:12:10,2026-05-30 15:38:27,False,Benign True Positive,True,Analyst investigation performed; packet capture and EDR evidence attached.,HIGH,89,73
CSE-B,ALT-00999,ASSET-081,CRITICAL,Malware,2026-01-31 17:45:02,2026-01-31 18:20:46,2026-01-31 18:43:46,2026-01-31 21:10:12,2026-01-31 17:46:31,False,Benign True Positive,True,Analyst investigation performed; packet capture and EDR evidence attached.,MEDIUM,160,98
CSE-E,ALT-01000,ASSET-003,HIGH,Privilege Escalation,2026-02-15 10:52:31,2026-02-15 11:10:42,2026-02-15 11:26:42,2026-02-15 13:11:29,2026-02-15 15:50:56,False,True Positive,True,Investigation completed; evidence recorded and escalated per playbook.,HIGH,144,69
CSE-D,ALT-01001,ASSET-038,HIGH,Privilege Escalation,2026-06-25 20:10:56,2026-06-25 20:33:20,2026-06-25 20:40:20,2026-06-25 22:35:07,2026-06-26 09:21:54,False,True Positive,True,Analyst reviewed logs and confirmed activity with evidence archived.,CRITICAL,136,139
CSE-C,ALT-01002,ASSET-045,HIGH,Network Anomaly,2026-05-11 14:38:00,2026-05-11 14:56:29,2026-05-11 15:02:29,2026-05-11 15:05:24,2026-05-11 20:31:12,False,Under Investigation,True,Investigation completed; evidence recorded and escalated per playbook.,CRITICAL,188,90
CSE-D,ALT-01003,ASSET-046,MEDIUM,Suspicious Login,2026-04-12 12:34:10,2026-04-12 12:55:57,2026-04-12 13:03:57,2026-04-12 15:36:08,2026-04-12 22:25:27,False,True Positive,True,Alert correlated with threat intel; full timeline documented.,HIGH,82,75
CSE-C,ALT-01004,ASSET-053,HIGH,Suspicious Login,2026-06-04 15:17:36,2026-06-04 16:05:35,2026-06-04 16:24:35,2026-06-04 16:35:42,2026-06-04 19:11:34,False,Escalated to Tier-2,True,Analyst reviewed logs and confirmed activity with evidence archived.,CRITICAL,109,39
CSE-E,ALT-01005,ASSET-056,HIGH,Unauthorized Access,2026-03-04 11:37:41,2026-03-04 12:34:52,,,2026-03-04 18:03:34,False,True Positive,False,N/A,HIGH,155,114
CSE-E,ALT-01006,ASSET-013,CRITICAL,Privilege Escalation,2026-01-25 10:49:14,2026-01-25 12:17:48,,,2026-01-25 10:51:59,False,Under Investigation,False,,CRITICAL,89,52
CSE-E,ALT-01007,ASSET-034,MEDIUM,Brute Force,2026-04-06 16:25:34,2026-04-06 17:24:08,2026-04-06 17:37:08,2026-04-06 18:59:05,2026-04-06 19:35:56,False,False Positive,True,Analyst reviewed logs and confirmed activity with evidence archived.,HIGH,84,49
CSE-B,ALT-01008,ASSET-042,LOW,Malware,2026-01-11 06:03:36,2026-01-11 07:13:34,,,2026-01-11 16:41:04,False,False Positive,False,Closed quickly — no notes.,MEDIUM,169,135
CSE-D,ALT-01009,ASSET-003,LOW,Brute Force,2026-06-02 11:12:13,2026-06-02 11:23:55,2026-06-02 11:43:55,2026-06-02 13:11:40,2026-06-03 02:12:04,True,True Positive,True,Alert correlated with threat intel; full timeline documented.,HIGH,88,66
CSE-E,ALT-01010,ASSET-020,HIGH,Data Exfiltration,2026-01-29 17:17:32,2026-01-29 19:15:08,,,2026-01-29 21:34:13,False,Benign True Positive,False,N/A,MEDIUM,174,123
CSE-E,ALT-01011,ASSET-001,HIGH,Brute Force,2026-06-16 12:23:07,2026-06-16 14:02:42,2026-06-16 14:10:42,2026-06-16 16:06:09,2026-06-16 14:49:29,False,True Positive,True,Alert correlated with threat intel; full timeline documented.,CRITICAL,159,128
CSE-E,ALT-01012,ASSET-071,HIGH,Unauthorized Access,2026-02-18 00:07:20,2026-02-18 01:32:22,2026-02-18 01:38:22,2026-02-18 02:52:37,2026-02-18 05:57:57,False,Escalated to Tier-2,True,Analyst investigation performed; packet capture and EDR evidence attached.,MEDIUM,176,142
CSE-B,ALT-01013,ASSET-050,MEDIUM,Malware,2026-01-16 16:22:10,2026-01-16 17:25:58,2026-01-16 17:33:58,2026-01-16 18:37:09,2026-01-16 21:27:54,False,Benign True Positive,True,Analyst investigation performed; packet capture and EDR evidence attached.,MEDIUM,122,79
CSE-D,ALT-01014,ASSET-100,LOW,Brute Force,2026-05-10 10:56:56,2026-05-10 11:19:30,2026-05-10 11:44:30,2026-05-10 15:25:41,2026-05-10 20:04:36,False,False Positive,True,Alert correlated with threat intel; full timeline documented.,CRITICAL,89,79
CSE-E,ALT-01015,ASSET-077,LOW,Data Exfiltration,2026-02-27 11:36:06,2026-02-27 13:07:40,,,2026-02-27 17:22:02,False,False Positive,False,N/A,MEDIUM,86,56
CSE-A,ALT-01016,ASSET-032,MEDIUM,Network Anomaly,2026-05-07 09:44:27,2026-05-07 10:11:07,2026-05-07 10:30:07,2026-05-07 12:10:07,2026-05-07 19:51:13,False,Under Investigation,True,Analyst investigation performed; packet capture and EDR evidence attached.,MEDIUM,159,130
CSE-D,ALT-01017,ASSET-003,LOW,Brute Force,2026-04-28 23:42:07,2026-04-28 23:55:44,2026-04-29 00:13:44,2026-04-29 02:35:18,2026-04-29 06:54:26,False,Benign True Positive,True,Investigation completed; evidence recorded and escalated per playbook.,MEDIUM,185,188
CSE-D,ALT-01018,ASSET-021,MEDIUM,Unauthorized Access,2026-05-17 11:54:39,2026-05-17 12:08:15,2026-05-17 12:13:15,2026-05-17 15:13:43,2026-05-17 18:23:54,False,False Positive,True,"Reviewed source IP, asset logs and correlated with previous alerts.",HIGH,108,110
CSE-D,ALT-01019,ASSET-009,MEDIUM,Malware,2026-04-24 11:19:37,2026-04-24 11:40:38,2026-04-24 12:01:38,2026-04-24 16:19:47,2026-04-24 19:42:05,False,Escalated to Tier-2,True,Analyst investigation performed; packet capture and EDR evidence attached.,MEDIUM,153,151
CSE-A,ALT-01020,ASSET-065,MEDIUM,Network Anomaly,2026-03-20 17:29:16,2026-03-20 17:48:38,2026-03-20 18:07:38,2026-03-20 20:48:03,2026-03-20 19:51:10,True,Benign True Positive,True,Investigation completed; evidence recorded and escalated per playbook.,MEDIUM,94,82
CSE-C,ALT-01021,ASSET-022,MEDIUM,Privilege Escalation,2026-02-22 10:49:24,2026-02-22 11:09:13,,,2026-02-22 13:44:31,False,Under Investigation,False,,MEDIUM,155,66
CSE-C,ALT-01022,ASSET-033,LOW,Brute Force,2026-01-09 11:22:29,2026-01-09 11:25:54,2026-01-09 11:43:54,2026-01-09 12:05:51,2026-01-09 11:55:47,False,False Positive,True,Analyst reviewed logs and confirmed activity with evidence archived.,HIGH,103,40
CSE-E,ALT-01023,ASSET-096,LOW,Data Exfiltration,2026-06-20 11:15:30,2026-06-20 12:00:12,,,2026-06-20 16:27:51,False,False Positive,False,N/A,MEDIUM,158,95
CSE-A,ALT-01024,ASSET-046,HIGH,Network Anomaly,2026-04-05 01:36:00,2026-04-05 01:44:02,2026-04-05 02:08:02,2026-04-05 05:42:50,2026-04-05 04:13:39,False,Under Investigation,True,Alert correlated with threat intel; full timeline documented.,HIGH,82,87
CSE-D,ALT-01025,ASSET-003,HIGH,Phishing,2026-05-25 16:28:34,2026-05-25 16:52:28,2026-05-25 17:02:28,2026-05-25 20:58:56,2026-05-25 18:46:00,False,Escalated to Tier-2,True,Analyst investigation performed; packet capture and EDR evidence attached.,MEDIUM,147,137
CSE-A,ALT-01026,ASSET-055,CRITICAL,Data Exfiltration,2026-04-20 11:05:03,2026-04-20 11:14:20,2026-04-20 11:24:20,2026-04-20 13:48:28,2026-04-20 12:43:45,False,Benign True Positive,True,Analyst investigation performed; packet capture and EDR evidence attached.,HIGH,184,194
CSE-C,ALT-01027,ASSET-024,LOW,Unauthorized Access,2026-02-06 04:18:07,2026-02-06 04:40:05,2026-02-06 05:00:05,2026-02-06 05:16:00,2026-02-06 06:10:25,False,Under Investigation,True,Alert correlated with threat intel; full timeline documented.,MEDIUM,113,12
CSE-C,ALT-01028,ASSET-041,CRITICAL,Phishing,2026-04-23 08:49:31,2026-04-23 09:10:01,,,2026-04-23 08:52:54,False,Under Investigation,False,N/A,CRITICAL,107,24
CSE-B,ALT-01029,ASSET-082,CRITICAL,Malware,2026-01-01 15:43:08,2026-01-01 17:12:19,,,2026-01-02 01:45:34,False,Benign True Positive,False,,CRITICAL,178,155
CSE-E,ALT-01030,ASSET-015,LOW,Privilege Escalation,2026-05-23 14:28:35,2026-05-23 15:14:45,2026-05-23 15:36:45,2026-05-23 16:59:55,2026-05-23 18:03:30,False,True Positive,True,Investigation completed; evidence recorded and escalated per playbook.,MEDIUM,153,102
CSE-A,ALT-01031,ASSET-047,MEDIUM,Malware,2026-03-28 18:03:54,2026-03-28 18:25:57,2026-03-28 18:45:57,2026-03-28 19:48:13,2026-03-29 02:56:16,False,True Positive,True,Alert correlated with threat intel; full timeline documented.,HIGH,125,126
CSE-D,ALT-01032,ASSET-043,LOW,Phishing,2026-01-29 15:44:07,2026-01-29 15:57:44,2026-01-29 16:16:44,2026-01-29 20:26:56,2026-01-29 21:54:38,False,True Positive,True,Investigation completed; evidence recorded and escalated per playbook.,CRITICAL,145,135
CSE-B,ALT-01033,ASSET-065,CRITICAL,Data Exfiltration,2026-04-18 10:10:44,2026-04-18 10:40:59,,,2026-04-18 14:17:26,False,False Positive,False,N/A,CRITICAL,87,57
CSE-D,ALT-01034,ASSET-042,MEDIUM,Data Exfiltration,2026-01-03 16:25:11,2026-01-03 16:37:54,2026-01-03 16:43:54,2026-01-03 18:01:22,2026-01-04 00:36:14,False,True Positive,True,Investigation completed; evidence recorded and escalated per playbook.,MEDIUM,141,149
CSE-A,ALT-01035,ASSET-051,HIGH,Brute Force,2026-04-02 17:09:12,2026-04-02 17:20:29,2026-04-02 17:36:29,2026-04-02 18:36:16,2026-04-03 01:39:16,False,True Positive,True,Alert correlated with threat intel; full timeline documented.,HIGH,88,94
CSE-B,ALT-01036,ASSET-004,LOW,Suspicious Login,2026-05-31 13:23:56,2026-05-31 14:17:36,,,2026-05-31 20:36:39,False,False Positive,False,Closed quickly — no notes.,MEDIUM,98,59
CSE-E,ALT-01037,ASSET-022,HIGH,Data Exfiltration,2026-05-28 12:59:53,2026-05-28 14:32:38,2026-05-28 14:36:38,2026-05-28 15:03:12,2026-05-28 21:57:20,False,Escalated to Tier-2,True,Analyst investigation performed; packet capture and EDR evidence attached.,MEDIUM,169,97
CSE-E,ALT-01038,ASSET-067,HIGH,Network Anomaly,2026-05-30 11:54:35,2026-05-30 13:51:58,,,2026-05-30 19:53:38,False,False Positive,False,Closed quickly — no notes.,CRITICAL,98,72
CSE-B,ALT-01039,ASSET-075,HIGH,Network Anomaly,2026-05-30 10:15:52,2026-05-30 10:38:11,2026-05-30 10:45:11,2026-05-30 13:33:49,2026-05-30 12:31:40,True,False Positive,True,Alert correlated with threat intel; full timeline documented.,HIGH,137,122
CSE-C,ALT-01040,ASSET-069,MEDIUM,Data Exfiltration,2026-04-19 11:43:33,2026-04-19 12:10:06,2026-04-19 12:16:06,2026-04-19 12:41:19,2026-04-19 14:17:39,False,Under Investigation,True,Analyst reviewed logs and confirmed activity with evidence archived.,CRITICAL,100,40
CSE-D,ALT-01041,ASSET-019,LOW,Brute Force,2026-03-12 11:29:36,2026-03-12 11:32:32,2026-03-12 11:56:32,2026-03-12 13:37:25,2026-03-12 20:08:01,False,False Positive,True,Analyst reviewed logs and confirmed activity with evidence archived.,HIGH,134,148
CSE-B,ALT-01042,ASSET-096,HIGH,Privilege Escalation,2026-01-23 14:20:47,2026-01-23 15:30:21,2026-01-23 15:55:21,2026-01-23 17:59:08,2026-01-23 21:26:33,True,False Positive,True,Analyst reviewed logs and confirmed activity with evidence archived.,MEDIUM,101,82
CSE-A,ALT-01043,ASSET-013,CRITICAL,Suspicious Login,2026-05-27 10:29:08,2026-05-27 10:52:03,2026-05-27 10:56:03,2026-05-27 13:15:49,2026-05-27 12:37:47,False,Under Investigation,True,Alert correlated with threat intel; full timeline documented.,MEDIUM,85,67
CSE-B,ALT-01044,ASSET-077,HIGH,Network Anomaly,2026-02-22 14:51:59,2026-02-22 16:04:30,2026-02-22 16:29:30,2026-02-22 18:16:38,2026-02-22 17:54:43,False,False Positive,True,Alert correlated with threat intel; full timeline documented.,HIGH,132,81
CSE-E,ALT-01045,ASSET-043,CRITICAL,Malware,2026-06-10 14:29:55,2026-06-10 16:11:48,,,2026-06-10 21:35:16,False,True Positive,False,,MEDIUM,131,93
CSE-B,ALT-01046,ASSET-077,HIGH,Brute Force,2026-01-26 13:12:25,2026-01-26 14:35:27,2026-01-26 14:52:27,2026-01-26 15:58:57,2026-01-26 18:11:56,True,True Positive,True,Alert correlated with threat intel; full timeline documented.,HIGH,166,118
CSE-B,ALT-01047,ASSET-082,HIGH,Brute Force,2026-04-07 08:45:04,2026-04-07 09:42:08,2026-04-07 09:46:08,2026-04-07 12:30:52,2026-04-07 15:43:48,False,False Positive,True,Alert correlated with threat intel; full timeline documented.,MEDIUM,174,148
CSE-C,ALT-01048,ASSET-014,LOW,Malware,2026-02-18 09:01:08,2026-02-18 09:33:21,2026-02-18 09:38:21,2026-02-18 09:55:47,2026-02-18 13:29:29,False,Under Investigation,True,"Reviewed source IP, asset logs and correlated with previous alerts.",CRITICAL,123,51
CSE-A,ALT-01049,ASSET-078,MEDIUM,Data Exfiltration,2026-06-01 12:36:59,2026-06-01 12:39:35,2026-06-01 12:41:35,2026-06-01 16:31:06,2026-06-01 17:51:19,False,Escalated to Tier-2,True,Alert correlated with threat intel; full timeline documented.,HIGH,168,184
CSE-B,ALT-01050,ASSET-096,HIGH,Phishing,2026-06-07 13:36:55,2026-06-07 14:22:43,,,2026-06-07 18:55:36,False,False Positive,False,,MEDIUM,104,88
CSE-D,ALT-01051,ASSET-100,HIGH,Data Exfiltration,2026-01-06 16:15:51,2026-01-06 16:35:26,,,2026-01-07 06:30:50,False,Under Investigation,False,,MEDIUM,186,146
CSE-B,ALT-01052,ASSET-002,MEDIUM,Brute Force,2026-05-10 17:01:28,2026-05-10 18:30:15,2026-05-10 18:47:15,2026-05-10 19:49:01,2026-05-10 22:39:40,False,False Positive,True,"Reviewed source IP, asset logs and correlated with previous alerts.",MEDIUM,94,55
CSE-E,ALT-01053,ASSET-030,CRITICAL,Brute Force,2026-03-31 16:09:01,2026-03-31 16:37:35,2026-03-31 16:42:35,2026-03-31 18:16:51,2026-03-31 21:30:39,False,True Positive,True,"Reviewed source IP, asset logs and correlated with previous alerts.",MEDIUM,161,98
CSE-A,ALT-01054,ASSET-010,HIGH,Phishing,2026-01-17 17:26:44,2026-01-17 17:47:37,2026-01-17 17:51:37,2026-01-17 19:56:47,2026-01-18 00:53:26,False,False Positive,True,Investigation completed; evidence recorded and escalated per playbook.,CRITICAL,141,140
CSE-A,ALT-01055,ASSET-024,LOW,Suspicious Login,2026-02-06 18:34:29,2026-02-06 18:37:06,2026-02-06 18:55:06,2026-02-06 23:13:15,2026-02-06 23:44:01,False,False Positive,True,Alert correlated with threat intel; full timeline documented.,CRITICAL,90,97
CSE-B,ALT-01056,ASSET-056,HIGH,Malware,2026-03-09 23:41:41,2026-03-10 00:13:52,2026-03-10 00:17:52,2026-03-10 02:39:45,2026-03-10 01:35:54,False,False Positive,True,Analyst investigation performed; packet capture and EDR evidence attached.,CRITICAL,167,108
CSE-A,ALT-01057,ASSET-009,HIGH,Unauthorized Access,2026-04-25 11:53:03,2026-04-25 11:59:52,2026-04-25 12:19:52,2026-04-25 15:26:41,2026-04-25 19:25:49,False,Benign True Positive,True,"Reviewed source IP, asset logs and correlated with previous alerts.",HIGH,105,96
CSE-E,ALT-01058,ASSET-012,CRITICAL,Privilege Escalation,2026-04-30 14:20:01,2026-04-30 14:32:07,2026-04-30 14:37:07,2026-04-30 16:07:58,2026-04-30 15:23:58,False,Benign True Positive,True,Analyst investigation performed; packet capture and EDR evidence attached.,CRITICAL,185,91
CSE-A,ALT-01059,ASSET-091,HIGH,Unauthorized Access,2026-05-25 17:41:30,2026-05-25 18:11:34,2026-05-25 18:27:34,2026-05-25 19:54:45,2026-05-25 19:22:25,False,True Positive,True,Analyst reviewed logs and confirmed activity with evidence archived.,MEDIUM,175,152
CSE-D,ALT-01060,ASSET-017,HIGH,Suspicious Login,2026-05-21 02:20:30,2026-05-21 02:22:59,2026-05-21 02:30:59,2026-05-21 06:14:02,2026-05-21 07:13:47,False,Under Investigation,True,"Reviewed source IP, asset logs and correlated with previous alerts.",CRITICAL,98,80
CSE-A,ALT-01061,ASSET-058,HIGH,Suspicious Login,2026-02-24 09:12:48,2026-02-24 09:16:57,,,2026-02-24 10:19:34,False,Benign True Positive,False,N/A,MEDIUM,140,149
CSE-E,ALT-01062,ASSET-004,CRITICAL,Suspicious Login,2026-04-18 15:01:20,2026-04-18 15:18:34,,,2026-04-18 23:40:12,False,Under Investigation,False,Closed quickly — no notes.,MEDIUM,139,115
CSE-E,ALT-01063,ASSET-097,MEDIUM,Brute Force,2026-04-08 10:48:06,2026-04-08 12:06:48,2026-04-08 12:24:48,2026-04-08 14:58:47,2026-04-08 15:26:39,False,Under Investigation,True,Analyst reviewed logs and confirmed activity with evidence archived.,MEDIUM,175,99
CSE-D,ALT-01064,ASSET-072,LOW,Unauthorized Access,2026-02-02 15:28:03,2026-02-02 15:30:35,2026-02-02 15:40:35,2026-02-02 19:48:51,2026-02-03 01:14:22,True,Under Investigation,True,Analyst reviewed logs and confirmed activity with evidence archived.,MEDIUM,152,118
CSE-D,ALT-01065,ASSET-026,HIGH,Suspicious Login,2026-01-22 09:44:03,2026-01-22 09:58:39,2026-01-22 10:23:39,2026-01-22 15:09:38,2026-01-22 17:41:17,False,Benign True Positive,True,"Reviewed source IP, asset logs and correlated with previous alerts.",MEDIUM,109,93
CSE-E,ALT-01066,ASSET-096,MEDIUM,Network Anomaly,2026-01-11 11:00:14,2026-01-11 12:18:47,2026-01-11 12:27:47,2026-01-11 14:22:58,2026-01-11 12:52:57,True,True Positive,True,"Reviewed source IP, asset logs and correlated with previous alerts.",MEDIUM,107,85
CSE-C,ALT-01067,ASSET-016,CRITICAL,Data Exfiltration,2026-02-25 09:21:01,2026-02-25 09:57:34,,,2026-02-25 09:22:40,False,False Positive,False,N/A,CRITICAL,164,82
CSE-D,ALT-01068,ASSET-050,MEDIUM,Suspicious Login,2026-03-02 17:26:12,2026-03-02 17:42:59,2026-03-02 18:04:59,2026-03-02 22:52:48,2026-03-03 07:07:28,False,Benign True Positive,True,Analyst investigation performed; packet capture and EDR evidence attached.,CRITICAL,181,182
CSE-E,ALT-01069,ASSET-093,LOW,Brute Force,2026-05-21 13:24:24,2026-05-21 14:00:26,2026-05-21 14:20:26,2026-05-21 16:55:58,2026-05-21 18:09:41,False,Under Investigation,True,Investigation completed; evidence recorded and escalated per playbook.,MEDIUM,184,84
CSE-E,ALT-01070,ASSET-086,LOW,Privilege Escalation,2026-01-24 15:18:44,2026-01-24 15:57:05,2026-01-24 16:22:05,2026-01-24 18:53:56,2026-01-24 18:55:06,False,False Positive,True,Investigation completed; evidence recorded and escalated per playbook.,CRITICAL,162,84
CSE-C,ALT-01071,ASSET-008,HIGH,Malware,2026-04-25 13:16:18,2026-04-25 13:55:14,,,2026-04-25 17:56:42,False,True Positive,False,Closed quickly — no notes.,HIGH,124,56
CSE-B,ALT-01072,ASSET-009,MEDIUM,Brute Force,2026-06-26 11:21:41,2026-06-26 11:55:13,2026-06-26 12:20:13,2026-06-26 13:38:13,2026-06-26 19:05:22,True,False Positive,True,"Reviewed source IP, asset logs and correlated with previous alerts.",HIGH,153,141
CSE-B,ALT-01073,ASSET-072,LOW,Privilege Escalation,2026-06-13 14:02:19,2026-06-13 14:28:18,2026-06-13 14:43:18,2026-06-13 14:52:18,2026-06-13 16:27:28,False,Escalated to Tier-2,True,Investigation completed; evidence recorded and escalated per playbook.,MEDIUM,154,87
CSE-D,ALT-01074,ASSET-034,LOW,Suspicious Login,2026-06-11 11:48:36,2026-06-11 11:50:54,2026-06-11 12:03:54,2026-06-11 13:17:50,2026-06-11 13:53:23,False,True Positive,True,Analyst reviewed logs and confirmed activity with evidence archived.,HIGH,83,63
CSE-E,ALT-01075,ASSET-055,HIGH,Suspicious Login,2026-04-28 10:31:46,2026-04-28 12:29:33,,,2026-04-28 15:05:09,False,Escalated to Tier-2,False,,CRITICAL,92,51
CSE-C,ALT-01076,ASSET-040,LOW,Privilege Escalation,2026-01-03 16:19:27,2026-01-03 17:08:47,2026-01-03 17:33:47,2026-01-03 18:04:33,2026-01-03 20:08:11,False,Escalated to Tier-2,True,Investigation completed; evidence recorded and escalated per playbook.,MEDIUM,108,59
CSE-B,ALT-01077,ASSET-045,LOW,Phishing,2026-04-09 00:51:06,2026-04-09 02:15:11,2026-04-09 02:16:11,2026-04-09 03:54:42,2026-04-09 08:01:42,False,True Positive,True,"Reviewed source IP, asset logs and correlated with previous alerts.",HIGH,177,104
CSE-E,ALT-01078,ASSET-091,HIGH,Privilege Escalation,2026-01-26 11:09:52,2026-01-26 12:13:34,,,2026-01-26 20:21:34,False,Under Investigation,False,Closed quickly — no notes.,MEDIUM,159,131
CSE-B,ALT-01079,ASSET-080,LOW,Phishing,2026-01-20 21:12:56,2026-01-20 22:14:52,,,2026-01-21 06:17:24,False,True Positive,False,N/A,CRITICAL,189,171
CSE-B,ALT-01080,ASSET-027,MEDIUM,Data Exfiltration,2026-04-03 16:02:59,2026-04-03 16:21:50,2026-04-03 16:38:50,2026-04-03 19:08:20,2026-04-03 19:20:58,False,Under Investigation,True,Investigation completed; evidence recorded and escalated per playbook.,HIGH,148,125
CSE-E,ALT-01081,ASSET-083,CRITICAL,Brute Force,2026-02-08 16:23:53,2026-02-08 17:01:31,,,2026-02-08 16:27:29,False,False Positive,False,Closed quickly — no notes.,MEDIUM,95,72
CSE-D,ALT-01082,ASSET-023,LOW,Brute Force,2026-05-16 13:15:00,2026-05-16 13:38:27,2026-05-16 13:46:27,2026-05-16 16:54:10,2026-05-17 04:05:45,False,Under Investigation,True,Analyst investigation performed; packet capture and EDR evidence attached.,MEDIUM,147,142
CSE-D,ALT-01083,ASSET-096,MEDIUM,Unauthorized Access,2026-04-14 09:18:22,2026-04-14 09:24:14,2026-04-14 09:26:14,2026-04-14 11:14:19,2026-04-15 00:19:10,False,True Positive,True,"Reviewed source IP, asset logs and correlated with previous alerts.",CRITICAL,182,182
CSE-A,ALT-01084,ASSET-065,HIGH,Unauthorized Access,2026-01-14 18:00:27,2026-01-14 18:03:19,,,2026-01-14 21:13:25,False,Benign True Positive,False,Closed quickly — no notes.,HIGH,87,66
CSE-B,ALT-01085,ASSET-089,CRITICAL,Network Anomaly,2026-05-21 21:15:38,2026-05-21 21:26:43,2026-05-21 21:35:43,2026-05-21 21:48:43,2026-05-22 06:03:35,True,True Positive,True,"Reviewed source IP, asset logs and correlated with previous alerts.",CRITICAL,189,164
CSE-D,ALT-01086,ASSET-060,CRITICAL,Brute Force,2026-06-11 05:18:48,2026-06-11 05:32:31,2026-06-11 05:57:31,2026-06-11 06:39:17,2026-06-11 16:28:12,True,Escalated to Tier-2,True,Analyst investigation performed; packet capture and EDR evidence attached.,CRITICAL,126,140
CSE-A,ALT-01087,ASSET-098,CRITICAL,Network Anomaly,2026-03-29 11:49:45,2026-03-29 11:54:46,2026-03-29 12:00:46,2026-03-29 17:01:19,2026-03-29 12:43:16,True,False Positive,True,Alert correlated with threat intel; full timeline documented.,CRITICAL,94,97
CSE-D,ALT-01088,ASSET-030,CRITICAL,Brute Force,2026-06-07 11:38:08,2026-06-07 11:46:51,2026-06-07 12:11:51,2026-06-07 15:43:07,2026-06-07 14:50:25,True,True Positive,True,Alert correlated with threat intel; full timeline documented.,CRITICAL,151,154
CSE-B,ALT-01089,ASSET-038,LOW,Malware,2026-06-22 15:15:50,2026-06-22 16:06:19,,,2026-06-22 17:08:19,False,True Positive,False,N/A,CRITICAL,104,67
CSE-B,ALT-01090,ASSET-088,HIGH,Brute Force,2026-04-11 15:33:38,2026-04-11 17:04:26,2026-04-11 17:16:26,2026-04-11 19:17:42,2026-04-12 01:37:27,False,False Positive,True,Alert correlated with threat intel; full timeline documented.,HIGH,181,140
CSE-B,ALT-01091,ASSET-028,MEDIUM,Privilege Escalation,2026-06-28 11:25:05,2026-06-28 12:11:08,2026-06-28 12:25:08,2026-06-28 13:47:00,2026-06-28 19:18:12,True,Escalated to Tier-2,True,"Reviewed source IP, asset logs and correlated with previous alerts.",CRITICAL,81,81
CSE-E,ALT-01092,ASSET-004,LOW,Suspicious Login,2026-03-14 23:59:47,2026-03-15 01:32:54,2026-03-15 01:40:54,2026-03-15 04:13:02,2026-03-15 11:12:48,False,True Positive,True,Investigation completed; evidence recorded and escalated per playbook.,CRITICAL,97,76
CSE-A,ALT-01093,ASSET-079,LOW,Privilege Escalation,2026-02-28 10:43:23,2026-02-28 10:47:47,2026-02-28 10:59:47,2026-02-28 15:56:11,2026-02-28 18:26:32,False,True Positive,True,Investigation completed; evidence recorded and escalated per playbook.,MEDIUM,109,89
CSE-A,ALT-01094,ASSET-042,CRITICAL,Malware,2026-01-31 09:25:58,2026-01-31 09:43:24,2026-01-31 09:48:24,2026-01-31 14:14:56,2026-01-31 12:33:44,False,False Positive,True,Analyst investigation performed; packet capture and EDR evidence attached.,MEDIUM,94,71
CSE-D,ALT-01095,ASSET-086,LOW,Privilege Escalation,2026-01-26 15:21:48,2026-01-26 15:42:19,2026-01-26 15:53:19,2026-01-26 19:13:35,2026-01-26 23:08:13,False,True Positive,True,"Reviewed source IP, asset logs and correlated with previous alerts.",MEDIUM,139,116
CSE-A,ALT-01096,ASSET-008,HIGH,Phishing,2026-04-22 12:37:49,2026-04-22 12:48:16,2026-04-22 13:03:16,2026-04-22 14:30:18,2026-04-22 14:39:44,True,False Positive,True,Investigation completed; evidence recorded and escalated per playbook.,MEDIUM,139,111
CSE-C,ALT-01097,ASSET-057,MEDIUM,Network Anomaly,2026-05-17 07:50:30,2026-05-17 08:34:16,2026-05-17 08:38:16,2026-05-17 08:55:36,2026-05-17 10:50:49,True,True Positive,True,Investigation completed; evidence recorded and escalated per playbook.,CRITICAL,99,50
CSE-C,ALT-01098,ASSET-024,MEDIUM,Suspicious Login,2026-04-09 11:56:21,2026-04-09 12:14:10,,,2026-04-09 17:04:35,False,Escalated to Tier-2,False,N/A,HIGH,196,41
CSE-D,ALT-01099,ASSET-054,MEDIUM,Phishing,2026-02-04 15:26:43,2026-02-04 15:34:52,2026-02-04 15:37:52,2026-02-04 17:38:13,2026-02-05 04:59:27,False,False Positive,True,"Reviewed source IP, asset logs and correlated with previous alerts.",MEDIUM,125,119
CSE-E,ALT-01100,ASSET-089,MEDIUM,Network Anomaly,2026-06-05 09:30:51,2026-06-05 10:09:24,,,2026-06-05 17:17:01,False,True Positive,False,N/A,HIGH,164,123
CSE-A,ALT-01101,ASSET-088,HIGH,Malware,2026-06-25 11:28:30,2026-06-25 11:37:06,2026-06-25 11:40:06,2026-06-25 14:42:44,2026-06-25 19:41:22,False,True Positive,True,Alert correlated with threat intel; full timeline documented.,MEDIUM,121,103
CSE-D,ALT-01102,ASSET-052,MEDIUM,Network Anomaly,2026-05-08 14:52:16,2026-05-08 14:59:43,2026-05-08 15:18:43,2026-05-08 15:47:58,2026-05-08 20:24:52,False,False Positive,True,Analyst investigation performed; packet capture and EDR evidence attached.,MEDIUM,96,86
CSE-B,ALT-01103,ASSET-100,CRITICAL,Suspicious Login,2026-02-14 05:01:30,2026-02-14 05:19:36,2026-02-14 05:34:36,2026-02-14 07:14:17,2026-02-14 07:53:07,True,True Positive,True,Alert correlated with threat intel; full timeline documented.,CRITICAL,165,97
CSE-E,ALT-01104,ASSET-073,HIGH,Data Exfiltration,2026-01-09 10:46:53,2026-01-09 11:46:30,2026-01-09 12:05:30,2026-01-09 12:55:41,2026-01-09 15:16:17,False,Escalated to Tier-2,True,Analyst reviewed logs and confirmed activity with evidence archived.,MEDIUM,73,34
CSE-B,ALT-01105,ASSET-028,MEDIUM,Phishing,2026-05-07 02:04:27,2026-05-07 03:18:28,,,2026-05-07 11:44:24,False,True Positive,False,Closed quickly — no notes.,MEDIUM,90,61
CSE-D,ALT-01106,ASSET-057,LOW,Malware,2026-03-29 09:33:18,2026-03-29 09:53:30,2026-03-29 10:07:30,2026-03-29 14:16:41,2026-03-29 15:39:54,False,Under Investigation,True,Investigation completed; evidence recorded and escalated per playbook.,CRITICAL,115,119
CSE-B,ALT-01107,ASSET-079,LOW,Malware,2026-05-19 09:33:47,2026-05-19 10:29:35,,,2026-05-19 12:01:45,False,Benign True Positive,False,Closed quickly — no notes.,MEDIUM,153,94
CSE-B,ALT-01108,ASSET-007,MEDIUM,Data Exfiltration,2026-02-02 11:41:48,2026-02-02 12:49:59,2026-02-02 12:52:59,2026-02-02 13:38:56,2026-02-02 15:20:51,False,False Positive,True,Analyst investigation performed; packet capture and EDR evidence attached.,CRITICAL,179,103
CSE-D,ALT-01109,ASSET-093,MEDIUM,Privilege Escalation,2026-02-13 11:50:35,2026-02-13 12:12:54,2026-02-13 12:19:54,2026-02-13 16:45:10,2026-02-14 01:59:34,False,True Positive,True,Analyst investigation performed; packet capture and EDR evidence attached.,CRITICAL,189,179
CSE-A,ALT-01110,ASSET-048,MEDIUM,Network Anomaly,2026-04-04 00:44:10,2026-04-04 00:47:44,2026-04-04 01:10:44,2026-04-04 02:18:20,2026-04-04 11:41:46,True,Under Investigation,True,"Reviewed source IP, asset logs and correlated with previous alerts.",MEDIUM,200,168
CSE-E,ALT-01111,ASSET-032,CRITICAL,Phishing,2026-05-19 09:35:37,2026-05-19 10:08:48,,,2026-05-19 14:47:01,True,Escalated to Tier-2,False,Closed quickly — no notes.,CRITICAL,165,134
CSE-C,ALT-01112,ASSET-065,LOW,Malware,2026-01-30 12:51:21,2026-01-30 13:10:42,,,2026-01-30 21:09:44,False,Benign True Positive,False,N/A,MEDIUM,193,65
CSE-E,ALT-01113,ASSET-045,HIGH,Data Exfiltration,2026-02-19 10:03:54,2026-02-19 10:40:19,,,2026-02-19 18:21:27,True,False Positive,False,N/A,HIGH,129,63
CSE-C,ALT-01114,ASSET-052,CRITICAL,Malware,2026-04-24 20:25:25,2026-04-24 20:47:23,,,2026-04-24 21:35:30,False,Escalated to Tier-2,False,N/A,CRITICAL,129,46
CSE-B,ALT-01115,ASSET-013,CRITICAL,Malware,2026-04-09 13:34:41,2026-04-09 13:51:17,2026-04-09 14:06:17,2026-04-09 15:38:56,2026-04-09 17:26:42,False,Benign True Positive,True,Analyst reviewed logs and confirmed activity with evidence archived.,CRITICAL,172,104
CSE-C,ALT-01116,ASSET-004,HIGH,Suspicious Login,2026-06-20 21:29:58,2026-06-20 21:56:14,2026-06-20 22:01:14,2026-06-20 22:25:15,2026-06-21 01:53:21,False,Under Investigation,True,Analyst investigation performed; packet capture and EDR evidence attached.,CRITICAL,165,31
CSE-C,ALT-01117,ASSET-099,HIGH,Suspicious Login,2026-03-11 11:50:45,2026-03-11 11:57:49,2026-03-11 12:05:49,2026-03-11 12:35:10,2026-03-11 12:23:09,False,False Positive,True,Investigation completed; evidence recorded and escalated per playbook.,CRITICAL,164,62
CSE-B,ALT-01118,ASSET-020,MEDIUM,Malware,2026-05-13 16:33:58,2026-05-13 17:54:27,2026-05-13 18:03:27,2026-05-13 20:08:05,2026-05-14 00:48:11,False,Under Investigation,True,"Reviewed source IP, asset logs and correlated with previous alerts.",MEDIUM,198,151
CSE-C,ALT-01119,ASSET-026,MEDIUM,Brute Force,2026-06-01 09:07:19,2026-06-01 09:57:53,,,2026-06-01 13:58:24,False,Escalated to Tier-2,False,,MEDIUM,120,56
CSE-E,ALT-01120,ASSET-043,LOW,Unauthorized Access,2026-04-01 09:58:10,2026-04-01 10:46:39,,,2026-04-01 16:08:06,False,Under Investigation,False,N/A,HIGH,161,122
CSE-B,ALT-01121,ASSET-047,LOW,Suspicious Login,2026-03-24 17:09:08,2026-03-24 18:05:58,2026-03-24 18:29:58,2026-03-24 20:45:15,2026-03-25 02:49:06,False,Under Investigation,True,Alert correlated with threat intel; full timeline documented.,HIGH,125,116
CSE-C,ALT-01122,ASSET-052,MEDIUM,Brute Force,2026-05-30 11:42:11,2026-05-30 11:55:06,2026-05-30 12:20:06,2026-05-30 12:25:40,2026-05-30 15:15:52,False,Escalated to Tier-2,True,"Reviewed source IP, asset logs and correlated with previous alerts.",CRITICAL,128,41
CSE-D,ALT-01123,ASSET-078,HIGH,Phishing,2026-02-16 10:32:54,2026-02-16 10:40:44,2026-02-16 10:49:44,2026-02-16 11:49:02,2026-02-16 21:27:55,False,Under Investigation,True,Analyst investigation performed; packet capture and EDR evidence attached.,MEDIUM,133,122
CSE-A,ALT-01124,ASSET-037,HIGH,Unauthorized Access,2026-01-01 14:50:52,2026-01-01 15:18:55,,,2026-01-01 23:24:07,True,False Positive,False,Closed quickly — no notes.,HIGH,82,86
CSE-A,ALT-01125,ASSET-006,CRITICAL,Brute Force,2026-05-28 15:19:48,2026-05-28 15:28:22,2026-05-28 15:33:22,2026-05-28 17:10:41,2026-05-29 02:19:36,False,True Positive,True,Alert correlated with threat intel; full timeline documented.,CRITICAL,147,119
CSE-A,ALT-01126,ASSET-002,HIGH,Phishing,2026-04-13 16:08:53,2026-04-13 16:36:56,2026-04-13 16:50:56,2026-04-13 18:12:21,2026-04-13 21:05:41,False,Escalated to Tier-2,True,Investigation completed; evidence recorded and escalated per playbook.,CRITICAL,121,97
CSE-B,ALT-01127,ASSET-039,HIGH,Brute Force,2026-04-24 22:29:09,2026-04-24 23:02:52,2026-04-24 23:09:52,2026-04-25 00:59:59,2026-04-25 03:58:10,False,Escalated to Tier-2,True,Analyst reviewed logs and confirmed activity with evidence archived.,CRITICAL,121,102
CSE-C,ALT-01128,ASSET-024,CRITICAL,Phishing,2026-01-30 06:42:29,2026-01-30 06:54:58,,,2026-01-30 06:46:55,False,False Positive,False,Closed quickly — no notes.,CRITICAL,125,57
CSE-D,ALT-01129,ASSET-072,HIGH,Privilege Escalation,2026-01-26 16:31:01,2026-01-26 16:35:54,2026-01-26 16:55:54,2026-01-26 18:47:05,2026-01-27 05:30:05,True,True Positive,True,Investigation completed; evidence recorded and escalated per playbook.,CRITICAL,119,101
CSE-A,ALT-01130,ASSET-069,LOW,Suspicious Login,2026-02-26 16:18:49,2026-02-26 16:31:39,2026-02-26 16:44:39,2026-02-26 19:10:07,2026-02-26 17:27:49,False,True Positive,True,Analyst investigation performed; packet capture and EDR evidence attached.,HIGH,108,92
CSE-D,ALT-01131,ASSET-044,MEDIUM,Malware,2026-03-13 11:57:12,2026-03-13 12:15:39,2026-03-13 12:24:39,2026-03-13 13:12:20,2026-03-13 13:19:17,False,False Positive,True,Analyst reviewed logs and confirmed activity with evidence archived.,HIGH,120,111
CSE-B,ALT-01132,ASSET-083,CRITICAL,Phishing,2026-03-02 09:16:53,2026-03-02 09:26:30,,,2026-03-02 14:25:13,False,False Positive,False,Closed quickly — no notes.,HIGH,145,95
CSE-E,ALT-01133,ASSET-087,HIGH,Data Exfiltration,2026-04-28 15:24:05,2026-04-28 16:38:53,2026-04-28 16:59:53,2026-04-28 18:34:49,2026-04-28 21:26:50,False,False Positive,True,Alert correlated with threat intel; full timeline documented.,MEDIUM,129,74
CSE-C,ALT-01134,ASSET-100,MEDIUM,Brute Force,2026-05-13 17:49:47,2026-05-13 18:29:23,2026-05-13 18:31:23,2026-05-13 18:37:51,2026-05-14 00:45:33,False,True Positive,True,Alert correlated with threat intel; full timeline documented.,HIGH,132,17
CSE-E,ALT-01135,ASSET-051,HIGH,Phishing,2026-03-02 16:18:02,2026-03-02 17:06:59,2026-03-02 17:29:59,2026-03-02 18:38:27,2026-03-03 00:47:36,False,True Positive,True,Investigation completed; evidence recorded and escalated per playbook.,HIGH,182,125
CSE-D,ALT-01136,ASSET-083,MEDIUM,Brute Force,2026-05-21 06:14:47,2026-05-21 06:22:13,2026-05-21 06:38:13,2026-05-21 09:17:02,2026-05-21 17:51:14,False,False Positive,True,Analyst reviewed logs and confirmed activity with evidence archived.,HIGH,122,103
CSE-E,ALT-01137,ASSET-095,LOW,Malware,2026-04-10 12:30:36,2026-04-10 13:28:49,2026-04-10 13:34:49,2026-04-10 15:51:33,2026-04-10 22:29:37,False,False Positive,True,Analyst investigation performed; packet capture and EDR evidence attached.,MEDIUM,152,124
CSE-C,ALT-01138,ASSET-093,HIGH,Suspicious Login,2026-01-31 10:00:16,2026-01-31 10:43:10,,,2026-01-31 17:34:14,False,Benign True Positive,False,N/A,HIGH,142,36
CSE-A,ALT-01139,ASSET-021,LOW,Unauthorized Access,2026-02-11 09:15:30,2026-02-11 09:24:21,2026-02-11 09:30:21,2026-02-11 14:06:14,2026-02-11 11:32:04,False,Under Investigation,True,Analyst investigation performed; packet capture and EDR evidence attached.,HIGH,151,121
CSE-B,ALT-01140,ASSET-004,LOW,Data Exfiltration,2026-04-29 09:06:34,2026-04-29 10:06:26,,,2026-04-29 15:04:36,False,True Positive,False,N/A,CRITICAL,130,118
CSE-B,ALT-01141,ASSET-009,LOW,Phishing,2026-06-25 20:31:44,2026-06-25 20:38:51,2026-06-25 21:03:51,2026-06-25 23:33:30,2026-06-26 04:48:52,False,False Positive,True,Alert correlated with threat intel; full timeline documented.,HIGH,182,113
CSE-C,ALT-01142,ASSET-089,LOW,Suspicious Login,2026-03-11 17:44:47,2026-03-11 18:35:04,,,2026-03-12 01:50:07,False,Under Investigation,False,,MEDIUM,184,27
CSE-A,ALT-01143,ASSET-099,MEDIUM,Malware,2026-04-09 13:37:42,2026-04-09 13:47:25,2026-04-09 14:08:25,2026-04-09 18:54:02,2026-04-09 16:17:49,False,True Positive,True,Analyst reviewed logs and confirmed activity with evidence archived.,HIGH,172,173
CSE-E,ALT-01144,ASSET-004,CRITICAL,Malware,2026-02-21 01:34:07,2026-02-21 02:39:10,,,2026-02-21 08:09:12,False,True Positive,False,,CRITICAL,86,55
CSE-B,ALT-01145,ASSET-044,MEDIUM,Unauthorized Access,2026-05-21 14:03:53,2026-05-21 14:47:46,2026-05-21 15:12:46,2026-05-21 15:25:28,2026-05-21 23:05:55,False,Benign True Positive,True,Analyst reviewed logs and confirmed activity with evidence archived.,MEDIUM,117,96
CSE-C,ALT-01146,ASSET-059,CRITICAL,Unauthorized Access,2026-05-19 10:55:46,2026-05-19 11:35:42,,,2026-05-19 11:00:11,False,Under Investigation,False,,CRITICAL,112,62
CSE-B,ALT-01147,ASSET-001,MEDIUM,Phishing,2026-03-13 14:33:51,2026-03-13 15:55:15,2026-03-13 16:01:15,2026-03-13 18:50:31,2026-03-14 01:19:58,False,False Positive,True,Investigation completed; evidence recorded and escalated per playbook.,CRITICAL,72,59
CSE-B,ALT-01148,ASSET-058,HIGH,Privilege Escalation,2026-02-25 09:19:37,2026-02-25 09:36:36,2026-02-25 09:44:36,2026-02-25 11:46:59,2026-02-25 10:15:47,False,True Positive,True,"Reviewed source IP, asset logs and correlated with previous alerts.",HIGH,85,56
CSE-D,ALT-01149,ASSET-048,CRITICAL,Phishing,2026-03-04 11:16:54,2026-03-04 11:41:13,2026-03-04 11:53:13,2026-03-04 14:01:57,2026-03-05 01:32:18,False,Under Investigation,True,Alert correlated with threat intel; full timeline documented.,CRITICAL,82,90
CSE-C,ALT-01150,ASSET-052,LOW,Suspicious Login,2026-01-31 16:42:31,2026-01-31 16:59:04,2026-01-31 17:22:04,2026-01-31 17:36:30,2026-01-31 19:00:12,False,True Positive,True,"Reviewed source IP, asset logs and correlated with previous alerts.",MEDIUM,167,77
CSE-D,ALT-01151,ASSET-022,HIGH,Brute Force,2026-02-03 14:17:36,2026-02-03 14:35:34,2026-02-03 14:57:34,2026-02-03 16:41:42,2026-02-03 19:57:45,False,False Positive,True,Analyst reviewed logs and confirmed activity with evidence archived.,MEDIUM,152,143
CSE-D,ALT-01152,ASSET-095,MEDIUM,Brute Force,2026-04-27 19:25:37,2026-04-27 19:40:48,2026-04-27 19:52:48,2026-04-27 23:21:27,2026-04-28 06:56:30,False,False Positive,True,Analyst investigation performed; packet capture and EDR evidence attached.,HIGH,173,163
CSE-C,ALT-01153,ASSET-033,MEDIUM,Network Anomaly,2026-04-13 16:55:45,2026-04-13 17:28:13,,,2026-04-14 00:27:40,True,True Positive,False,Closed quickly — no notes.,HIGH,96,31
CSE-E,ALT-01154,ASSET-007,LOW,Brute Force,2026-03-25 18:00:47,2026-03-25 18:30:35,2026-03-25 18:35:35,2026-03-25 19:13:00,2026-03-25 19:25:35,False,False Positive,True,Analyst reviewed logs and confirmed activity with evidence archived.,MEDIUM,189,152
CSE-E,ALT-01155,ASSET-064,LOW,Brute Force,2026-03-20 12:52:54,2026-03-20 13:02:49,2026-03-20 13:21:49,2026-03-20 13:45:02,2026-03-20 15:28:50,False,Under Investigation,True,Investigation completed; evidence recorded and escalated per playbook.,HIGH,190,99
CSE-E,ALT-01156,ASSET-091,MEDIUM,Privilege Escalation,2026-06-21 11:43:47,2026-06-21 13:29:29,,,2026-06-21 18:58:27,True,Benign True Positive,False,,HIGH,84,53
CSE-C,ALT-01157,ASSET-100,MEDIUM,Malware,2026-05-26 14:33:27,2026-05-26 15:13:18,2026-05-26 15:22:18,2026-05-26 15:42:15,2026-05-26 18:58:26,False,Under Investigation,True,Analyst investigation performed; packet capture and EDR evidence attached.,HIGH,194,22
CSE-D,ALT-01158,ASSET-020,MEDIUM,Malware,2026-01-22 15:13:15,2026-01-22 15:36:14,2026-01-22 15:56:14,2026-01-22 19:40:40,2026-01-23 01:34:41,False,Escalated to Tier-2,True,Analyst reviewed logs and confirmed activity with evidence archived.,MEDIUM,163,179
CSE-C,ALT-01159,ASSET-080,LOW,Malware,2026-03-21 14:14:31,2026-03-21 14:31:38,,,2026-03-21 16:46:42,False,Under Investigation,False,Closed quickly — no notes.,HIGH,141,15
CSE-D,ALT-01160,ASSET-075,MEDIUM,Data Exfiltration,2026-06-14 17:28:22,2026-06-14 17:31:36,2026-06-14 17:56:36,2026-06-14 19:42:38,2026-06-15 06:22:57,False,Benign True Positive,True,"Reviewed source IP, asset logs and correlated with previous alerts.",HIGH,89,89
CSE-D,ALT-01161,ASSET-035,HIGH,Network Anomaly,2026-01-11 12:08:51,2026-01-11 12:20:45,,,2026-01-11 21:00:03,False,True Positive,False,Closed quickly — no notes.,HIGH,83,79
CSE-D,ALT-01162,ASSET-100,LOW,Data Exfiltration,2026-03-22 00:10:44,2026-03-22 00:28:10,2026-03-22 00:53:10,2026-03-22 01:45:00,2026-03-22 12:12:12,False,Benign True Positive,True,Alert correlated with threat intel; full timeline documented.,MEDIUM,91,83
CSE-B,ALT-01163,ASSET-011,LOW,Privilege Escalation,2026-01-21 15:32:12,2026-01-21 16:09:14,2026-01-21 16:12:14,2026-01-21 18:40:04,2026-01-22 01:20:14,False,False Positive,True,Investigation completed; evidence recorded and escalated per playbook.,MEDIUM,94,65
CSE-C,ALT-01164,ASSET-098,CRITICAL,Unauthorized Access,2026-06-21 10:59:58,2026-06-21 11:26:01,,,2026-06-21 11:02:58,False,Under Investigation,False,,CRITICAL,181,59
CSE-A,ALT-01165,ASSET-088,LOW,Malware,2026-06-24 15:31:25,2026-06-24 15:57:35,2026-06-24 16:21:35,2026-06-24 16:56:50,2026-06-24 23:03:33,False,False Positive,True,Analyst investigation performed; packet capture and EDR evidence attached.,MEDIUM,160,169
CSE-D,ALT-01166,ASSET-031,MEDIUM,Malware,2026-02-08 11:41:38,2026-02-08 12:05:59,2026-02-08 12:18:59,2026-02-08 14:58:43,2026-02-09 01:12:37,True,True Positive,True,Alert correlated with threat intel; full timeline documented.,HIGH,133,104
CSE-B,ALT-01167,ASSET-006,MEDIUM,Network Anomaly,2026-03-18 09:21:32,2026-03-18 10:31:29,2026-03-18 10:56:29,2026-03-18 12:52:00,2026-03-18 19:39:15,False,False Positive,True,Analyst reviewed logs and confirmed activity with evidence archived.,HIGH,80,71
CSE-E,ALT-01168,ASSET-050,MEDIUM,Brute Force,2026-05-19 23:38:40,2026-05-20 01:36:58,,,2026-05-20 03:36:10,False,Escalated to Tier-2,False,,HIGH,94,53
CSE-E,ALT-01169,ASSET-021,HIGH,Malware,2026-03-29 15:48:15,2026-03-29 16:16:57,2026-03-29 16:36:57,2026-03-29 19:29:22,2026-03-29 21:44:26,False,Benign True Positive,True,Analyst reviewed logs and confirmed activity with evidence archived.,CRITICAL,150,83
CSE-A,ALT-01170,ASSET-082,MEDIUM,Phishing,2026-04-04 14:03:30,2026-04-04 14:29:14,,,2026-04-05 00:18:57,False,Under Investigation,False,,MEDIUM,90,77
CSE-C,ALT-01171,ASSET-053,HIGH,Brute Force,2026-06-08 13:09:36,2026-06-08 13:28:02,,,2026-06-08 20:39:26,False,True Positive,False,Closed quickly — no notes.,CRITICAL,131,58
CSE-D,ALT-01172,ASSET-028,LOW,Privilege Escalation,2026-03-01 04:42:47,2026-03-01 04:56:51,2026-03-01 05:06:51,2026-03-01 05:29:59,2026-03-01 14:14:43,False,False Positive,True,Investigation completed; evidence recorded and escalated per playbook.,MEDIUM,146,132
CSE-A,ALT-01173,ASSET-080,MEDIUM,Malware,2026-04-12 16:24:53,2026-04-12 16:27:16,2026-04-12 16:51:16,2026-04-12 21:38:12,2026-04-13 04:14:56,False,Under Investigation,True,Analyst reviewed logs and confirmed activity with evidence archived.,HIGH,95,69
CSE-E,ALT-01174,ASSET-047,CRITICAL,Brute Force,2026-02-12 13:02:40,2026-02-12 13:10:49,2026-02-12 13:11:49,2026-02-12 15:52:05,2026-02-12 13:05:29,False,Benign True Positive,True,Investigation completed; evidence recorded and escalated per playbook.,CRITICAL,117,93
CSE-A,ALT-01175,ASSET-076,MEDIUM,Unauthorized Access,2026-01-12 16:54:22,2026-01-12 17:22:53,,,2026-01-12 23:37:09,False,Escalated to Tier-2,False,N/A,MEDIUM,85,76
CSE-E,ALT-01176,ASSET-037,HIGH,Phishing,2026-03-26 10:32:07,2026-03-26 11:48:08,2026-03-26 11:52:08,2026-03-26 14:17:46,2026-03-26 18:09:48,False,True Positive,True,Alert correlated with threat intel; full timeline documented.,MEDIUM,171,141
CSE-B,ALT-01177,ASSET-070,MEDIUM,Privilege Escalation,2026-02-08 17:26:03,2026-02-08 18:11:47,2026-02-08 18:12:47,2026-02-08 19:18:38,2026-02-08 20:27:38,False,True Positive,True,Alert correlated with threat intel; full timeline documented.,HIGH,184,103
CSE-B,ALT-01178,ASSET-082,LOW,Unauthorized Access,2026-01-05 15:01:51,2026-01-05 15:15:14,2026-01-05 15:16:14,2026-01-05 15:39:37,2026-01-05 15:49:18,False,Benign True Positive,True,"Reviewed source IP, asset logs and correlated with previous alerts.",MEDIUM,178,129
CSE-C,ALT-01179,ASSET-091,HIGH,Privilege Escalation,2026-05-15 10:03:23,2026-05-15 10:12:34,2026-05-15 10:15:34,2026-05-15 10:23:49,2026-05-15 13:19:53,False,False Positive,True,Analyst investigation performed; packet capture and EDR evidence attached.,HIGH,123,52
CSE-B,ALT-01180,ASSET-096,CRITICAL,Privilege Escalation,2026-06-27 15:57:37,2026-06-27 16:08:57,2026-06-27 16:12:57,2026-06-27 18:44:56,2026-06-28 01:36:37,False,False Positive,True,Analyst reviewed logs and confirmed activity with evidence archived.,MEDIUM,173,136
CSE-C,ALT-01181,ASSET-099,HIGH,Brute Force,2026-05-22 14:30:45,2026-05-22 15:10:16,2026-05-22 15:32:16,2026-05-22 15:51:45,2026-05-22 20:10:16,False,Under Investigation,True,Alert correlated with threat intel; full timeline documented.,CRITICAL,121,68
CSE-D,ALT-01182,ASSET-019,LOW,Brute Force,2026-05-19 09:06:51,2026-05-19 09:28:57,2026-05-19 09:34:57,2026-05-19 10:03:35,2026-05-19 17:51:28,False,True Positive,True,Investigation completed; evidence recorded and escalated per playbook.,MEDIUM,157,155
CSE-B,ALT-01183,ASSET-024,HIGH,Unauthorized Access,2026-03-16 12:10:55,2026-03-16 13:27:53,2026-03-16 13:35:53,2026-03-16 14:22:45,2026-03-16 21:49:17,False,False Positive,True,Alert correlated with threat intel; full timeline documented.,CRITICAL,182,132
CSE-E,ALT-01184,ASSET-055,LOW,Suspicious Login,2026-02-27 14:46:41,2026-02-27 15:09:43,2026-02-27 15:31:43,2026-02-27 16:22:44,2026-02-27 17:10:59,False,True Positive,True,Analyst investigation performed; packet capture and EDR evidence attached.,HIGH,128,93
CSE-E,ALT-01185,ASSET-035,HIGH,Suspicious Login,2026-02-24 16:53:42,2026-02-24 17:08:20,2026-02-24 17:13:20,2026-02-24 19:53:20,2026-02-24 23:13:12,False,True Positive,True,Alert correlated with threat intel; full timeline documented.,MEDIUM,102,77
CSE-D,ALT-01186,ASSET-081,HIGH,Brute Force,2026-02-21 12:46:07,2026-02-21 12:48:07,2026-02-21 13:01:07,2026-02-21 15:41:22,2026-02-22 01:17:16,True,Under Investigation,True,"Reviewed source IP, asset logs and correlated with previous alerts.",MEDIUM,99,108
CSE-D,ALT-01187,ASSET-001,MEDIUM,Data Exfiltration,2026-02-22 14:08:56,2026-02-22 14:34:28,2026-02-22 14:36:28,2026-02-22 18:14:53,2026-02-23 04:01:58,True,Under Investigation,True,Investigation completed; evidence recorded and escalated per playbook.,CRITICAL,126,101
CSE-A,ALT-01188,ASSET-087,HIGH,Privilege Escalation,2026-02-13 14:11:08,2026-02-13 14:33:26,2026-02-13 14:35:26,2026-02-13 18:53:16,2026-02-13 16:12:34,False,True Positive,True,Investigation completed; evidence recorded and escalated per playbook.,HIGH,135,123
CSE-E,ALT-01189,ASSET-082,HIGH,Network Anomaly,2026-04-18 09:02:53,2026-04-18 10:03:46,2026-04-18 10:05:46,2026-04-18 11:13:31,2026-04-18 13:44:37,False,Escalated to Tier-2,True,Alert correlated with threat intel; full timeline documented.,MEDIUM,173,137
CSE-D,ALT-01190,ASSET-096,LOW,Phishing,2026-05-27 14:22:38,2026-05-27 14:40:19,2026-05-27 14:44:19,2026-05-27 19:27:18,2026-05-28 01:42:03,False,Benign True Positive,True,"Reviewed source IP, asset logs and correlated with previous alerts.",HIGH,149,153
CSE-A,ALT-01191,ASSET-029,HIGH,Unauthorized Access,2026-01-09 14:22:52,2026-01-09 14:34:52,2026-01-09 14:54:52,2026-01-09 16:56:01,2026-01-09 22:46:10,True,True Positive,True,Alert correlated with threat intel; full timeline documented.,MEDIUM,112,115
CSE-B,ALT-01192,ASSET-021,CRITICAL,Brute Force,2026-06-19 03:33:21,2026-06-19 04:56:39,2026-06-19 05:07:39,2026-06-19 06:10:55,2026-06-19 03:34:32,False,Escalated to Tier-2,True,Analyst reviewed logs and confirmed activity with evidence archived.,CRITICAL,147,135
CSE-B,ALT-01193,ASSET-084,LOW,Suspicious Login,2026-03-29 16:52:47,2026-03-29 18:02:31,2026-03-29 18:19:31,2026-03-29 20:33:04,2026-03-29 20:43:44,False,Benign True Positive,True,"Reviewed source IP, asset logs and correlated with previous alerts.",HIGH,154,124
CSE-A,ALT-01194,ASSET-035,MEDIUM,Malware,2026-04-09 12:24:44,2026-04-09 12:50:00,2026-04-09 13:02:00,2026-04-09 16:42:19,2026-04-09 23:23:38,False,Under Investigation,True,Alert correlated with threat intel; full timeline documented.,HIGH,176,176
CSE-D,ALT-01195,ASSET-008,MEDIUM,Phishing,2026-05-26 13:12:12,2026-05-26 13:35:46,2026-05-26 13:36:46,2026-05-26 17:38:55,2026-05-26 21:20:37,True,Under Investigation,True,"Reviewed source IP, asset logs and correlated with previous alerts.",HIGH,98,90
CSE-D,ALT-01196,ASSET-064,HIGH,Brute Force,2026-04-18 14:26:46,2026-04-18 14:43:29,2026-04-18 14:52:29,2026-04-18 17:57:00,2026-04-18 22:31:49,False,Under Investigation,True,Analyst investigation performed; packet capture and EDR evidence attached.,HIGH,102,88
CSE-C,ALT-01197,ASSET-042,CRITICAL,Malware,2026-04-09 14:45:33,2026-04-09 15:37:24,2026-04-09 15:54:24,2026-04-09 16:23:32,2026-04-09 18:59:28,False,Benign True Positive,True,Investigation completed; evidence recorded and escalated per playbook.,CRITICAL,122,58
CSE-A,ALT-01198,ASSET-009,LOW,Network Anomaly,2026-03-17 12:26:12,2026-03-17 12:44:38,2026-03-17 12:58:38,2026-03-17 13:22:10,2026-03-17 18:55:30,False,True Positive,True,"Reviewed source IP, asset logs and correlated with previous alerts.",HIGH,111,94
CSE-E,ALT-01199,ASSET-078,HIGH,Phishing,2026-02-09 17:29:41,2026-02-09 18:26:44,2026-02-09 18:49:44,2026-02-09 20:20:30,2026-02-10 04:05:23,False,True Positive,True,Analyst reviewed logs and confirmed activity with evidence archived.,MEDIUM,141,103
CSE-C,ALT-01200,ASSET-063,MEDIUM,Malware,2026-05-30 21:46:04,2026-05-30 22:39:42,,,2026-05-31 06:24:36,False,Escalated to Tier-2,False,Closed quickly — no notes.,CRITICAL,124,28
CSE-E,ALT-01201,ASSET-066,HIGH,Data Exfiltration,2026-04-03 13:36:33,2026-04-03 13:42:52,2026-04-03 13:44:52,2026-04-03 15:48:05,2026-04-03 20:34:40,False,False Positive,True,Investigation completed; evidence recorded and escalated per playbook.,MEDIUM,73,51
CSE-B,ALT-01202,ASSET-030,MEDIUM,Malware,2026-03-28 09:46:08,2026-03-28 11:15:35,2026-03-28 11:38:35,2026-03-28 14:20:51,2026-03-28 14:16:16,False,Under Investigation,True,Investigation completed; evidence recorded and escalated per playbook.,MEDIUM,160,150
CSE-B,ALT-01203,ASSET-056,HIGH,Phishing,2026-06-06 00:35:29,2026-06-06 01:05:23,2026-06-06 01:07:23,2026-06-06 02:10:29,2026-06-06 09:06:05,False,True Positive,True,Analyst investigation performed; packet capture and EDR evidence attached.,HIGH,163,147
CSE-C,ALT-01204,ASSET-090,CRITICAL,Unauthorized Access,2026-03-10 23:26:33,2026-03-11 00:13:43,2026-03-11 00:30:43,2026-03-11 00:49:31,2026-03-11 03:17:33,False,Escalated to Tier-2,True,"Reviewed source IP, asset logs and correlated with previous alerts.",HIGH,103,33
CSE-B,ALT-01205,ASSET-067,MEDIUM,Data Exfiltration,2026-02-13 14:39:01,2026-02-13 16:06:24,2026-02-13 16:19:24,2026-02-13 19:04:12,2026-02-13 19:25:53,False,False Positive,True,Investigation completed; evidence recorded and escalated per playbook.,CRITICAL,183,109
CSE-D,ALT-01206,ASSET-020,MEDIUM,Data Exfiltration,2026-06-18 23:15:05,2026-06-18 23:28:10,,,2026-06-19 14:05:58,True,False Positive,False,N/A,CRITICAL,98,104
CSE-C,ALT-01207,ASSET-065,HIGH,Unauthorized Access,2026-06-09 09:23:59,2026-06-09 09:51:58,2026-06-09 09:56:58,2026-06-09 10:13:44,2026-06-09 12:04:39,False,Under Investigation,True,"Reviewed source IP, asset logs and correlated with previous alerts.",MEDIUM,93,47
CSE-B,ALT-01208,ASSET-060,MEDIUM,Malware,2026-01-10 16:18:20,2026-01-10 16:58:15,,,2026-01-11 01:06:18,False,False Positive,False,N/A,MEDIUM,152,122
CSE-D,ALT-01209,ASSET-042,MEDIUM,Privilege Escalation,2026-03-22 17:57:04,2026-03-22 18:16:38,2026-03-22 18:18:38,2026-03-22 22:25:25,2026-03-23 03:10:10,True,False Positive,True,"Reviewed source IP, asset logs and correlated with previous alerts.",HIGH,87,82
CSE-C,ALT-01210,ASSET-003,HIGH,Unauthorized Access,2026-02-12 12:35:32,2026-02-12 12:53:07,,,2026-02-12 14:58:40,True,True Positive,False,Closed quickly — no notes.,MEDIUM,141,17
CSE-E,ALT-01211,ASSET-070,HIGH,Brute Force,2026-02-16 09:28:40,2026-02-16 11:22:01,,,2026-02-16 21:06:07,False,Benign True Positive,False,N/A,HIGH,169,129
CSE-E,ALT-01212,ASSET-017,LOW,Malware,2026-06-16 00:14:58,2026-06-16 01:11:22,,,2026-06-16 02:14:17,False,False Positive,False,N/A,CRITICAL,107,70
CSE-D,ALT-01213,ASSET-079,MEDIUM,Data Exfiltration,2026-02-27 17:43:42,2026-02-27 17:59:24,2026-02-27 18:14:24,2026-02-27 18:52:39,2026-02-27 19:44:50,False,False Positive,True,Investigation completed; evidence recorded and escalated per playbook.,HIGH,146,148
CSE-B,ALT-01214,ASSET-099,HIGH,Network Anomaly,2026-01-04 15:05:15,2026-01-04 15:23:04,2026-01-04 15:45:04,2026-01-04 16:45:10,2026-01-04 21:30:25,False,Benign True Positive,True,Investigation completed; evidence recorded and escalated per playbook.,HIGH,78,59
CSE-A,ALT-01215,ASSET-007,MEDIUM,Data Exfiltration,2026-05-13 13:46:16,2026-05-13 13:49:35,2026-05-13 14:06:35,2026-05-13 18:56:48,2026-05-13 15:52:54,True,Under Investigation,True,Analyst reviewed logs and confirmed activity with evidence archived.,MEDIUM,169,129
CSE-B,ALT-01216,ASSET-058,LOW,Privilege Escalation,2026-01-13 16:34:07,2026-01-13 17:20:47,2026-01-13 17:45:47,2026-01-13 20:07:25,2026-01-13 18:29:24,False,Under Investigation,True,Analyst reviewed logs and confirmed activity with evidence archived.,HIGH,83,71
CSE-B,ALT-01217,ASSET-099,MEDIUM,Phishing,2026-06-10 16:16:32,2026-06-10 16:58:48,2026-06-10 17:14:48,2026-06-10 19:47:39,2026-06-10 17:54:46,False,True Positive,True,Investigation completed; evidence recorded and escalated per playbook.,HIGH,179,161
CSE-A,ALT-01218,ASSET-091,MEDIUM,Suspicious Login,2026-06-06 12:43:48,2026-06-06 13:01:20,2026-06-06 13:05:20,2026-06-06 16:21:57,2026-06-06 20:00:48,False,True Positive,True,Alert correlated with threat intel; full timeline documented.,MEDIUM,164,144
CSE-E,ALT-01219,ASSET-030,HIGH,Data Exfiltration,2026-01-10 10:30:21,2026-01-10 11:46:44,,,2026-01-10 17:23:25,False,Under Investigation,False,N/A,CRITICAL,93,55
CSE-A,ALT-01220,ASSET-091,MEDIUM,Phishing,2026-05-18 16:23:51,2026-05-18 16:37:52,,,2026-05-18 22:30:10,False,Under Investigation,False,,CRITICAL,102,102
CSE-E,ALT-01221,ASSET-002,HIGH,Phishing,2026-06-16 17:18:17,2026-06-16 18:58:16,,,2026-06-16 21:20:43,True,True Positive,False,N/A,MEDIUM,112,58
CSE-A,ALT-01222,ASSET-033,MEDIUM,Brute Force,2026-06-15 09:47:57,2026-06-15 09:53:11,2026-06-15 10:03:11,2026-06-15 12:38:53,2026-06-15 17:13:55,False,Benign True Positive,True,Alert correlated with threat intel; full timeline documented.,MEDIUM,106,107
CSE-C,ALT-01223,ASSET-082,CRITICAL,Suspicious Login,2026-06-01 04:16:34,2026-06-01 04:42:52,,,2026-06-01 11:37:51,True,True Positive,False,,HIGH,93,38
CSE-E,ALT-01224,ASSET-096,HIGH,Suspicious Login,2026-01-30 12:13:26,2026-01-30 13:06:54,2026-01-30 13:26:54,2026-01-30 15:08:20,2026-01-30 20:56:58,True,Escalated to Tier-2,True,Alert correlated with threat intel; full timeline documented.,HIGH,131,68
CSE-B,ALT-01225,ASSET-046,LOW,Suspicious Login,2026-02-04 12:45:17,2026-02-04 14:08:54,2026-02-04 14:11:54,2026-02-04 15:10:40,2026-02-04 21:52:29,False,False Positive,True,Alert correlated with threat intel; full timeline documented.,HIGH,74,45
CSE-E,ALT-01226,ASSET-007,CRITICAL,Suspicious Login,2026-06-12 15:53:07,2026-06-12 16:33:25,,,2026-06-12 15:57:01,False,False Positive,False,Closed quickly — no notes.,CRITICAL,195,147
CSE-B,ALT-01227,ASSET-004,CRITICAL,Privilege Escalation,2026-06-14 14:42:22,2026-06-14 16:02:10,2026-06-14 16:08:10,2026-06-14 18:17:53,2026-06-14 21:02:01,True,Benign True Positive,True,Alert correlated with threat intel; full timeline documented.,CRITICAL,152,80
CSE-C,ALT-01228,ASSET-031,HIGH,Data Exfiltration,2026-03-11 23:19:16,2026-03-12 00:16:51,2026-03-12 00:21:51,2026-03-12 00:29:25,2026-03-12 02:34:27,True,Under Investigation,True,Analyst investigation performed; packet capture and EDR evidence attached.,MEDIUM,98,20
CSE-C,ALT-01229,ASSET-041,HIGH,Brute Force,2026-04-06 13:59:37,2026-04-06 14:53:49,2026-04-06 14:56:49,2026-04-06 15:02:05,2026-04-06 19:08:22,False,Under Investigation,True,Analyst investigation performed; packet capture and EDR evidence attached.,CRITICAL,107,47
CSE-C,ALT-01230,ASSET-069,CRITICAL,Privilege Escalation,2026-03-15 17:27:41,2026-03-15 17:56:08,2026-03-15 18:03:08,2026-03-15 18:06:52,2026-03-15 22:33:11,False,Under Investigation,True,Analyst investigation performed; packet capture and EDR evidence attached.,CRITICAL,129,20
CSE-C,ALT-01231,ASSET-043,CRITICAL,Brute Force,2026-03-06 17:12:34,2026-03-06 17:39:44,,,2026-03-06 17:14:09,False,Under Investigation,False,,MEDIUM,142,60
CSE-A,ALT-01232,ASSET-007,HIGH,Unauthorized Access,2026-05-29 13:10:59,2026-05-29 13:38:45,2026-05-29 13:47:45,2026-05-29 15:34:30,2026-05-29 14:36:10,True,True Positive,True,"Reviewed source IP, asset logs and correlated with previous alerts.",CRITICAL,144,129
CSE-C,ALT-01233,ASSET-010,LOW,Malware,2026-06-22 11:21:10,2026-06-22 11:40:57,2026-06-22 11:50:57,2026-06-22 12:18:06,2026-06-22 15:27:23,False,True Positive,True,Analyst reviewed logs and confirmed activity with evidence archived.,CRITICAL,184,64
CSE-A,ALT-01234,ASSET-024,CRITICAL,Unauthorized Access,2026-04-19 07:01:54,2026-04-19 07:27:27,2026-04-19 07:32:27,2026-04-19 08:56:44,2026-04-19 13:39:41,False,False Positive,True,Analyst reviewed logs and confirmed activity with evidence archived.,CRITICAL,128,97
CSE-A,ALT-01235,ASSET-015,LOW,Malware,2026-01-20 12:32:16,2026-01-20 12:51:35,2026-01-20 13:10:35,2026-01-20 14:16:47,2026-01-21 00:33:46,False,False Positive,True,"Reviewed source IP, asset logs and correlated with previous alerts.",MEDIUM,100,87
CSE-C,ALT-01236,ASSET-001,HIGH,Unauthorized Access,2026-06-23 11:09:13,2026-06-23 11:29:24,,,2026-06-23 18:25:15,False,Benign True Positive,False,Closed quickly — no notes.,CRITICAL,164,55
CSE-B,ALT-01237,ASSET-061,HIGH,Malware,2026-05-30 08:26:27,2026-05-30 09:30:07,2026-05-30 09:51:07,2026-05-30 10:58:24,2026-05-30 19:23:47,False,True Positive,True,Analyst investigation performed; packet capture and EDR evidence attached.,MEDIUM,161,110
CSE-C,ALT-01238,ASSET-008,MEDIUM,Unauthorized Access,2026-04-14 14:40:36,2026-04-14 15:35:40,2026-04-14 16:00:40,2026-04-14 16:31:04,2026-04-14 19:05:30,False,Under Investigation,True,"Reviewed source IP, asset logs and correlated with previous alerts.",HIGH,143,37
CSE-C,ALT-01239,ASSET-072,HIGH,Privilege Escalation,2026-02-26 15:19:10,2026-02-26 15:39:06,2026-02-26 15:48:06,2026-02-26 16:14:31,2026-02-26 22:07:26,False,False Positive,True,Alert correlated with threat intel; full timeline documented.,HIGH,178,74
CSE-B,ALT-01240,ASSET-083,LOW,Privilege Escalation,2026-03-05 12:27:56,2026-03-05 13:22:27,,,2026-03-05 18:56:33,False,True Positive,False,,HIGH,177,169
CSE-E,ALT-01241,ASSET-069,LOW,Privilege Escalation,2026-03-11 13:53:26,2026-03-11 15:08:47,2026-03-11 15:22:47,2026-03-11 16:31:29,2026-03-11 16:00:13,False,False Positive,True,Analyst investigation performed; packet capture and EDR evidence attached.,CRITICAL,190,128
CSE-E,ALT-01242,ASSET-027,MEDIUM,Brute Force,2026-04-17 12:49:43,2026-04-17 13:58:48,2026-04-17 14:15:48,2026-04-17 17:08:00,2026-04-17 15:53:49,False,False Positive,True,Alert correlated with threat intel; full timeline documented.,HIGH,167,76
CSE-A,ALT-01243,ASSET-037,LOW,Phishing,2026-05-18 17:13:35,2026-05-18 17:44:20,2026-05-18 17:49:20,2026-05-18 21:22:06,2026-05-19 04:16:33,True,Escalated to Tier-2,True,Investigation completed; evidence recorded and escalated per playbook.,HIGH,105,99
CSE-D,ALT-01244,ASSET-059,MEDIUM,Privilege Escalation,2026-06-14 11:27:47,2026-06-14 11:48:40,2026-06-14 12:01:40,2026-06-14 14:48:02,2026-06-14 16:19:38,False,False Positive,True,Alert correlated with threat intel; full timeline documented.,CRITICAL,199,196
CSE-C,ALT-01245,ASSET-053,CRITICAL,Unauthorized Access,2026-05-27 10:21:42,2026-05-27 10:29:53,,,2026-05-27 16:57:11,False,True Positive,False,N/A,HIGH,142,60
CSE-B,ALT-01246,ASSET-035,HIGH,Data Exfiltration,2026-06-03 10:47:24,2026-06-03 11:05:34,2026-06-03 11:30:34,2026-06-03 14:01:35,2026-06-03 18:26:23,False,False Positive,True,Analyst reviewed logs and confirmed activity with evidence archived.,MEDIUM,78,62
CSE-B,ALT-01247,ASSET-073,HIGH,Phishing,2026-03-11 16:09:53,2026-03-11 17:16:35,,,2026-03-11 22:27:09,False,True Positive,False,N/A,HIGH,137,75
CSE-A,ALT-01248,ASSET-040,LOW,Network Anomaly,2026-06-03 10:15:16,2026-06-03 10:34:21,2026-06-03 10:35:21,2026-06-03 13:14:58,2026-06-03 22:32:26,False,True Positive,True,Analyst investigation performed; packet capture and EDR evidence attached.,MEDIUM,198,154
CSE-B,ALT-01249,ASSET-099,MEDIUM,Unauthorized Access,2026-04-17 13:47:58,2026-04-17 15:02:00,2026-04-17 15:05:00,2026-04-17 17:48:38,2026-04-17 19:44:18,False,Escalated to Tier-2,True,Analyst reviewed logs and confirmed activity with evidence archived.,CRITICAL,198,179
CSE-C,ALT-01250,ASSET-076,HIGH,Suspicious Login,2026-01-16 12:22:04,2026-01-16 12:50:07,,,2026-01-16 18:53:13,False,Escalated to Tier-2,False,N/A,CRITICAL,159,39
CSE-C,ALT-01251,ASSET-060,MEDIUM,Brute Force,2026-06-29 16:54:07,2026-06-29 17:09:03,2026-06-29 17:32:03,2026-06-29 17:37:40,2026-06-30 00:42:55,True,True Positive,True,Investigation completed; evidence recorded and escalated per playbook.,MEDIUM,90,18
CSE-E,ALT-01252,ASSET-010,LOW,Brute Force,2026-03-16 11:15:53,2026-03-16 12:29:22,,,2026-03-16 18:18:30,False,Escalated to Tier-2,False,Closed quickly — no notes.,MEDIUM,124,105
CSE-E,ALT-01253,ASSET-049,HIGH,Unauthorized Access,2026-03-17 06:24:38,2026-03-17 06:38:53,2026-03-17 06:41:53,2026-03-17 06:56:51,2026-03-17 12:12:32,False,Benign True Positive,True,Alert correlated with threat intel; full timeline documented.,CRITICAL,143,79
CSE-B,ALT-01254,ASSET-045,CRITICAL,Phishing,2026-01-13 13:03:05,2026-01-13 13:50:18,2026-01-13 14:04:18,2026-01-13 16:42:00,2026-01-13 17:29:42,True,False Positive,True,Alert correlated with threat intel; full timeline documented.,HIGH,114,99
CSE-C,ALT-01255,ASSET-046,LOW,Malware,2026-02-05 13:49:31,2026-02-05 14:37:22,2026-02-05 15:00:22,2026-02-05 15:16:59,2026-02-05 20:03:07,False,Under Investigation,True,Analyst investigation performed; packet capture and EDR evidence attached.,HIGH,167,41
CSE-E,ALT-01256,ASSET-019,HIGH,Malware,2026-01-08 14:48:27,2026-01-08 15:50:49,,,2026-01-08 19:49:12,False,False Positive,False,Closed quickly — no notes.,MEDIUM,117,69
CSE-D,ALT-01257,ASSET-036,HIGH,Unauthorized Access,2026-02-04 12:20:25,2026-02-04 12:33:26,2026-02-04 12:34:26,2026-02-04 16:52:27,2026-02-04 14:57:44,False,Benign True Positive,True,Analyst reviewed logs and confirmed activity with evidence archived.,CRITICAL,108,85
CSE-E,ALT-01258,ASSET-098,MEDIUM,Unauthorized Access,2026-02-16 17:44:28,2026-02-16 19:29:19,2026-02-16 19:30:19,2026-02-16 19:35:59,2026-02-17 02:52:53,False,Benign True Positive,True,Alert correlated with threat intel; full timeline documented.,CRITICAL,104,64
CSE-D,ALT-01259,ASSET-036,MEDIUM,Data Exfiltration,2026-05-09 11:04:22,2026-05-09 11:27:32,2026-05-09 11:32:32,2026-05-09 16:29:41,2026-05-09 15:27:07,True,True Positive,True,"Reviewed source IP, asset logs and correlated with previous alerts.",HIGH,190,155
CSE-C,ALT-01260,ASSET-014,LOW,Phishing,2026-01-09 10:34:02,2026-01-09 11:21:50,,,2026-01-09 16:51:41,False,Benign True Positive,False,Closed quickly — no notes.,MEDIUM,121,25
CSE-C,ALT-01261,ASSET-010,CRITICAL,Network Anomaly,2026-02-07 11:14:59,2026-02-07 12:07:59,,,2026-02-07 11:18:30,False,Under Investigation,False,,CRITICAL,169,38
CSE-B,ALT-01262,ASSET-071,HIGH,Privilege Escalation,2026-02-02 17:25:48,2026-02-02 17:43:47,2026-02-02 17:53:47,2026-02-02 19:59:22,2026-02-03 01:59:05,False,Benign True Positive,True,Alert correlated with threat intel; full timeline documented.,CRITICAL,91,78
CSE-E,ALT-01263,ASSET-086,LOW,Data Exfiltration,2026-01-06 14:52:31,2026-01-06 16:09:12,,,2026-01-06 20:26:41,False,Under Investigation,False,,CRITICAL,126,102
CSE-D,ALT-01264,ASSET-070,HIGH,Data Exfiltration,2026-04-14 09:14:20,2026-04-14 09:26:55,2026-04-14 09:38:55,2026-04-14 14:06:45,2026-04-14 20:33:31,False,Under Investigation,True,Investigation completed; evidence recorded and escalated per playbook.,MEDIUM,103,94
CSE-D,ALT-01265,ASSET-059,MEDIUM,Unauthorized Access,2026-05-26 14:05:22,2026-05-26 14:11:55,2026-05-26 14:29:55,2026-05-26 18:23:55,2026-05-26 16:20:41,True,True Positive,True,Alert correlated with threat intel; full timeline documented.,CRITICAL,137,140
CSE-D,ALT-01266,ASSET-003,LOW,Brute Force,2026-04-13 16:34:26,2026-04-13 16:39:25,2026-04-13 17:01:25,2026-04-13 17:51:44,2026-04-14 03:04:28,True,True Positive,True,Analyst investigation performed; packet capture and EDR evidence attached.,HIGH,104,98
CSE-E,ALT-01267,ASSET-037,MEDIUM,Unauthorized Access,2026-03-17 16:50:49,2026-03-17 18:43:20,,,2026-03-18 00:39:11,False,True Positive,False,,MEDIUM,131,96
CSE-B,ALT-01268,ASSET-037,HIGH,Malware,2026-01-09 16:45:45,2026-01-09 17:07:04,2026-01-09 17:18:04,2026-01-09 18:50:19,2026-01-09 19:27:24,False,False Positive,True,Alert correlated with threat intel; full timeline documented.,MEDIUM,77,56
CSE-E,ALT-01269,ASSET-087,LOW,Malware,2026-02-11 15:17:28,2026-02-11 15:29:43,,,2026-02-11 19:41:25,False,Under Investigation,False,,HIGH,161,82
CSE-A,ALT-01270,ASSET-063,HIGH,Suspicious Login,2026-05-15 09:47:17,2026-05-15 09:50:15,2026-05-15 10:10:15,2026-05-15 14:07:40,2026-05-15 21:07:53,True,True Positive,True,"Reviewed source IP, asset logs and correlated with previous alerts.",CRITICAL,100,93
CSE-A,ALT-01271,ASSET-001,HIGH,Unauthorized Access,2026-04-29 12:01:57,2026-04-29 12:07:19,2026-04-29 12:26:19,2026-04-29 14:12:16,2026-04-29 19:23:57,True,Under Investigation,True,Alert correlated with threat intel; full timeline documented.,HIGH,96,94
CSE-B,ALT-01272,ASSET-032,CRITICAL,Data Exfiltration,2026-05-31 09:46:19,2026-05-31 11:00:08,,,2026-05-31 09:48:21,True,True Positive,False,N/A,CRITICAL,195,150
CSE-E,ALT-01273,ASSET-077,CRITICAL,Malware,2026-06-15 14:49:27,2026-06-15 15:06:51,2026-06-15 15:17:51,2026-06-15 16:59:36,2026-06-15 16:37:23,False,False Positive,True,Investigation completed; evidence recorded and escalated per playbook.,HIGH,106,56
CSE-C,ALT-01274,ASSET-057,MEDIUM,Data Exfiltration,2026-02-04 10:24:24,2026-02-04 11:07:04,,,2026-02-04 18:00:08,False,Benign True Positive,False,N/A,MEDIUM,197,36
CSE-A,ALT-01275,ASSET-083,MEDIUM,Privilege Escalation,2026-02-20 10:46:58,2026-02-20 10:51:40,2026-02-20 11:07:40,2026-02-20 15:02:06,2026-02-20 17:24:43,False,Benign True Positive,True,Alert correlated with threat intel; full timeline documented.,MEDIUM,133,97
CSE-E,ALT-01276,ASSET-062,HIGH,Brute Force,2026-06-29 17:08:35,2026-06-29 17:21:01,2026-06-29 17:45:01,2026-06-29 20:29:04,2026-06-29 20:01:16,True,True Positive,True,"Reviewed source IP, asset logs and correlated with previous alerts.",HIGH,183,89
CSE-D,ALT-01277,ASSET-083,MEDIUM,Data Exfiltration,2026-03-27 11:34:12,2026-03-27 11:57:43,2026-03-27 12:09:43,2026-03-27 13:43:47,2026-03-27 19:25:35,False,Benign True Positive,True,"Reviewed source IP, asset logs and correlated with previous alerts.",HIGH,133,115
CSE-A,ALT-01278,ASSET-027,CRITICAL,Suspicious Login,2026-06-05 09:22:02,2026-06-05 09:24:49,2026-06-05 09:35:49,2026-06-05 11:56:25,2026-06-05 12:42:44,True,Benign True Positive,True,Analyst investigation performed; packet capture and EDR evidence attached.,CRITICAL,156,155
CSE-D,ALT-01279,ASSET-044,MEDIUM,Data Exfiltration,2026-02-02 18:16:45,2026-02-02 18:26:51,2026-02-02 18:44:51,2026-02-02 20:43:42,2026-02-03 02:29:12,False,Under Investigation,True,Alert correlated with threat intel; full timeline documented.,MEDIUM,197,181
CSE-A,ALT-01280,ASSET-019,CRITICAL,Phishing,2026-06-20 13:14:51,2026-06-20 13:28:01,2026-06-20 13:41:01,2026-06-20 16:25:12,2026-06-20 17:58:56,False,True Positive,True,Alert correlated with threat intel; full timeline documented.,HIGH,120,127
CSE-B,ALT-01281,ASSET-074,MEDIUM,Privilege Escalation,2026-06-22 15:35:39,2026-06-22 16:41:05,2026-06-22 16:56:05,2026-06-22 19:11:23,2026-06-23 00:27:15,False,Under Investigation,True,Analyst investigation performed; packet capture and EDR evidence attached.,CRITICAL,164,139
CSE-C,ALT-01282,ASSET-054,HIGH,Suspicious Login,2026-03-22 16:03:37,2026-03-22 16:13:13,2026-03-22 16:26:13,2026-03-22 16:46:12,2026-03-22 23:52:20,False,Under Investigation,True,Investigation completed; evidence recorded and escalated per playbook.,MEDIUM,186,57
CSE-D,ALT-01283,ASSET-085,HIGH,Data Exfiltration,2026-03-23 16:31:37,2026-03-23 16:39:53,2026-03-23 16:48:53,2026-03-23 18:13:57,2026-03-24 03:29:00,False,Under Investigation,True,"Reviewed source IP, asset logs and correlated with previous alerts.",HIGH,80,65
CSE-C,ALT-01284,ASSET-093,LOW,Network Anomaly,2026-05-21 23:32:59,2026-05-22 00:28:43,,,2026-05-22 00:52:01,False,Escalated to Tier-2,False,N/A,HIGH,199,98
CSE-A,ALT-01285,ASSET-019,LOW,Phishing,2026-06-28 16:49:01,2026-06-28 16:57:15,2026-06-28 17:14:15,2026-06-28 18:37:20,2026-06-29 01:25:50,False,Escalated to Tier-2,True,Investigation completed; evidence recorded and escalated per playbook.,MEDIUM,104,91
CSE-A,ALT-01286,ASSET-067,LOW,Phishing,2026-03-23 15:44:31,2026-03-23 15:59:20,2026-03-23 16:00:20,2026-03-23 19:37:32,2026-03-24 03:29:34,False,Under Investigation,True,Alert correlated with threat intel; full timeline documented.,HIGH,80,60
CSE-B,ALT-01287,ASSET-049,CRITICAL,Malware,2026-06-23 17:35:58,2026-06-23 18:15:06,2026-06-23 18:24:06,2026-06-23 20:48:19,2026-06-23 22:22:33,False,Benign True Positive,True,"Reviewed source IP, asset logs and correlated with previous alerts.",CRITICAL,112,106
CSE-E,ALT-01288,ASSET-054,HIGH,Brute Force,2026-06-28 09:08:54,2026-06-28 09:56:34,2026-06-28 10:16:34,2026-06-28 11:35:31,2026-06-28 12:37:35,False,False Positive,True,Alert correlated with threat intel; full timeline documented.,CRITICAL,83,39
CSE-B,ALT-01289,ASSET-068,HIGH,Privilege Escalation,2026-01-24 07:20:23,2026-01-24 07:32:15,2026-01-24 07:33:15,2026-01-24 07:57:21,2026-01-24 13:00:40,True,False Positive,True,Investigation completed; evidence recorded and escalated per playbook.,MEDIUM,85,60
CSE-B,ALT-01290,ASSET-043,LOW,Malware,2026-03-15 10:09:03,2026-03-15 10:50:06,2026-03-15 10:53:06,2026-03-15 12:27:31,2026-03-15 20:01:27,True,True Positive,True,Alert correlated with threat intel; full timeline documented.,CRITICAL,96,68
CSE-B,ALT-01291,ASSET-058,MEDIUM,Network Anomaly,2026-03-23 09:51:12,2026-03-23 10:01:51,2026-03-23 10:05:51,2026-03-23 11:54:24,2026-03-23 17:02:09,False,False Positive,True,Investigation completed; evidence recorded and escalated per playbook.,HIGH,79,50
CSE-A,ALT-01292,ASSET-067,HIGH,Network Anomaly,2026-06-18 17:59:44,2026-06-18 18:19:25,2026-06-18 18:35:25,2026-06-18 19:42:52,2026-06-18 20:53:48,False,False Positive,True,Analyst reviewed logs and confirmed activity with evidence archived.,MEDIUM,94,77
CSE-D,ALT-01293,ASSET-069,LOW,Unauthorized Access,2026-04-23 17:53:12,2026-04-23 18:16:24,2026-04-23 18:19:24,2026-04-23 22:38:19,2026-04-24 07:32:44,False,True Positive,True,Analyst reviewed logs and confirmed activity with evidence archived.,CRITICAL,104,94
CSE-E,ALT-01294,ASSET-085,CRITICAL,Privilege Escalation,2026-04-19 11:33:34,2026-04-19 12:25:49,2026-04-19 12:33:49,2026-04-19 13:42:26,2026-04-19 21:31:59,False,False Positive,True,Analyst investigation performed; packet capture and EDR evidence attached.,CRITICAL,193,107
CSE-A,ALT-01295,ASSET-060,MEDIUM,Phishing,2026-04-19 17:16:38,2026-04-19 17:45:51,2026-04-19 18:10:51,2026-04-19 20:08:51,2026-04-20 03:18:12,True,Escalated to Tier-2,True,"Reviewed source IP, asset logs and correlated with previous alerts.",CRITICAL,176,159
CSE-E,ALT-01296,ASSET-001,LOW,Data Exfiltration,2026-03-07 15:19:51,2026-03-07 16:59:36,2026-03-07 17:10:36,2026-03-07 17:48:31,2026-03-07 23:43:55,False,Escalated to Tier-2,True,Analyst investigation performed; packet capture and EDR evidence attached.,MEDIUM,189,141
CSE-E,ALT-01297,ASSET-096,LOW,Network Anomaly,2026-02-02 00:16:40,2026-02-02 01:20:28,,,2026-02-02 04:35:58,False,False Positive,False,N/A,MEDIUM,99,52
CSE-C,ALT-01298,ASSET-036,CRITICAL,Suspicious Login,2026-06-27 17:36:58,2026-06-27 18:02:10,2026-06-27 18:22:10,2026-06-27 18:25:10,2026-06-27 19:36:14,False,True Positive,True,Alert correlated with threat intel; full timeline documented.,CRITICAL,127,45
CSE-A,ALT-01299,ASSET-047,HIGH,Network Anomaly,2026-06-27 17:00:06,2026-06-27 17:26:45,2026-06-27 17:49:45,2026-06-27 21:43:44,2026-06-28 04:05:22,False,True Positive,True,Analyst reviewed logs and confirmed activity with evidence archived.,MEDIUM,135,118
CSE-D,ALT-01300,ASSET-037,LOW,Unauthorized Access,2026-03-17 15:26:33,2026-03-17 15:35:45,2026-03-17 15:44:45,2026-03-17 16:07:46,2026-03-18 04:46:08,True,Escalated to Tier-2,True,Analyst investigation performed; packet capture and EDR evidence attached.,MEDIUM,166,149
CSE-B,ALT-01301,ASSET-054,LOW,Data Exfiltration,2026-06-27 10:30:37,2026-06-27 10:45:25,2026-06-27 11:05:25,2026-06-27 11:13:54,2026-06-27 17:26:09,False,Benign True Positive,True,Analyst reviewed logs and confirmed activity with evidence archived.,CRITICAL,99,72
CSE-E,ALT-01302,ASSET-072,CRITICAL,Privilege Escalation,2026-01-10 10:38:02,2026-01-10 10:51:27,,,2026-01-10 11:47:59,True,False Positive,False,,CRITICAL,136,107
CSE-E,ALT-01303,ASSET-033,MEDIUM,Data Exfiltration,2026-02-26 17:39:32,2026-02-26 19:15:45,2026-02-26 19:18:45,2026-02-26 21:56:56,2026-02-27 00:31:21,False,Benign True Positive,True,Analyst reviewed logs and confirmed activity with evidence archived.,HIGH,199,168
CSE-D,ALT-01304,ASSET-069,LOW,Data Exfiltration,2026-02-09 12:32:05,2026-02-09 12:49:49,2026-02-09 13:11:49,2026-02-09 16:55:16,2026-02-09 16:19:38,False,True Positive,True,Investigation completed; evidence recorded and escalated per playbook.,HIGH,189,198
CSE-D,ALT-01305,ASSET-003,MEDIUM,Phishing,2026-01-01 09:35:44,2026-01-01 10:01:27,2026-01-01 10:02:27,2026-01-01 14:56:52,2026-01-01 12:29:46,False,False Positive,True,Analyst reviewed logs and confirmed activity with evidence archived.,HIGH,155,122
CSE-C,ALT-01306,ASSET-028,CRITICAL,Suspicious Login,2026-05-07 13:40:41,2026-05-07 13:54:27,2026-05-07 14:15:27,2026-05-07 14:40:13,2026-05-07 16:58:24,False,Under Investigation,True,"Reviewed source IP, asset logs and correlated with previous alerts.",HIGH,196,93
CSE-A,ALT-01307,ASSET-069,LOW,Malware,2026-01-10 17:58:52,2026-01-10 18:20:29,2026-01-10 18:38:29,2026-01-10 22:41:02,2026-01-10 19:09:20,False,Under Investigation,True,Analyst reviewed logs and confirmed activity with evidence archived.,MEDIUM,102,93
CSE-C,ALT-01308,ASSET-057,MEDIUM,Phishing,2026-01-17 12:04:39,2026-01-17 12:48:42,,,2026-01-17 13:34:41,False,False Positive,False,,HIGH,101,22
CSE-D,ALT-01309,ASSET-033,HIGH,Malware,2026-05-12 02:48:08,2026-05-12 02:54:51,2026-05-12 03:11:51,2026-05-12 04:01:13,2026-05-12 09:05:40,False,Benign True Positive,True,Analyst investigation performed; packet capture and EDR evidence attached.,MEDIUM,188,146
CSE-B,ALT-01310,ASSET-018,CRITICAL,Brute Force,2026-01-10 23:14:35,2026-01-10 23:47:18,2026-01-10 23:55:18,2026-01-11 00:03:13,2026-01-11 03:44:56,False,False Positive,True,Analyst investigation performed; packet capture and EDR evidence attached.,CRITICAL,101,82
CSE-D,ALT-01311,ASSET-051,MEDIUM,Network Anomaly,2026-04-15 15:04:41,2026-04-15 15:07:29,2026-04-15 15:20:29,2026-04-15 19:43:56,2026-04-16 03:54:24,True,False Positive,True,Alert correlated with threat intel; full timeline documented.,MEDIUM,96,98
CSE-B,ALT-01312,ASSET-056,HIGH,Data Exfiltration,2026-04-21 15:06:01,2026-04-21 15:22:47,2026-04-21 15:47:47,2026-04-21 18:35:57,2026-04-21 22:43:58,False,True Positive,True,Alert correlated with threat intel; full timeline documented.,HIGH,72,54
CSE-D,ALT-01313,ASSET-041,MEDIUM,Brute Force,2026-04-12 11:05:10,2026-04-12 11:12:45,2026-04-12 11:32:45,2026-04-12 16:23:23,2026-04-12 20:07:03,False,True Positive,True,Analyst reviewed logs and confirmed activity with evidence archived.,HIGH,93,76
CSE-E,ALT-01314,ASSET-091,MEDIUM,Network Anomaly,2026-02-08 17:27:24,2026-02-08 18:09:25,2026-02-08 18:16:25,2026-02-08 20:43:48,2026-02-08 18:59:45,True,True Positive,True,Analyst investigation performed; packet capture and EDR evidence attached.,MEDIUM,144,73
CSE-A,ALT-01315,ASSET-040,LOW,Unauthorized Access,2026-03-26 12:12:36,2026-03-26 12:17:28,2026-03-26 12:29:28,2026-03-26 16:06:50,2026-03-26 22:10:02,False,Benign True Positive,True,Analyst reviewed logs and confirmed activity with evidence archived.,HIGH,85,70
CSE-C,ALT-01316,ASSET-030,MEDIUM,Malware,2026-06-04 13:36:38,2026-06-04 14:23:18,2026-06-04 14:38:18,2026-06-04 14:58:11,2026-06-04 17:41:58,False,True Positive,True,Alert correlated with threat intel; full timeline documented.,HIGH,189,28
CSE-A,ALT-01317,ASSET-083,HIGH,Suspicious Login,2026-03-29 10:05:41,2026-03-29 10:24:06,2026-03-29 10:26:06,2026-03-29 14:53:23,2026-03-29 20:54:54,False,False Positive,True,"Reviewed source IP, asset logs and correlated with previous alerts.",HIGH,99,105
CSE-B,ALT-01318,ASSET-023,LOW,Unauthorized Access,2026-06-04 11:01:40,2026-06-04 12:17:41,2026-06-04 12:19:41,2026-06-04 12:28:31,2026-06-04 16:07:42,False,Under Investigation,True,Alert correlated with threat intel; full timeline documented.,MEDIUM,178,111
CSE-D,ALT-01319,ASSET-048,MEDIUM,Network Anomaly,2026-06-12 09:25:44,2026-06-12 09:38:15,2026-06-12 10:01:15,2026-06-12 11:04:06,2026-06-12 15:50:40,False,Escalated to Tier-2,True,Investigation completed; evidence recorded and escalated per playbook.,MEDIUM,166,172
CSE-C,ALT-01320,ASSET-069,CRITICAL,Unauthorized Access,2026-05-19 07:06:23,2026-05-19 07:48:42,2026-05-19 08:00:42,2026-05-19 08:09:58,2026-05-19 10:32:06,False,Escalated to Tier-2,True,Investigation completed; evidence recorded and escalated per playbook.,CRITICAL,155,28
CSE-E,ALT-01321,ASSET-039,HIGH,Phishing,2026-05-24 12:54:42,2026-05-24 13:45:23,2026-05-24 13:59:23,2026-05-24 16:45:33,2026-05-24 22:36:36,False,False Positive,True,Alert correlated with threat intel; full timeline documented.,HIGH,131,72
CSE-D,ALT-01322,ASSET-039,MEDIUM,Network Anomaly,2026-01-02 20:47:18,2026-01-02 20:56:28,2026-01-02 21:17:28,2026-01-03 01:02:17,2026-01-03 07:30:41,False,Benign True Positive,True,Analyst investigation performed; packet capture and EDR evidence attached.,CRITICAL,173,162
CSE-C,ALT-01323,ASSET-002,LOW,Malware,2026-04-02 14:12:20,2026-04-02 15:04:23,2026-04-02 15:28:23,2026-04-02 15:32:01,2026-04-02 19:56:40,False,True Positive,True,"Reviewed source IP, asset logs and correlated with previous alerts.",CRITICAL,115,30
CSE-B,ALT-01324,ASSET-081,MEDIUM,Network Anomaly,2026-04-25 17:21:58,2026-04-25 17:45:52,,,2026-04-25 22:52:32,False,False Positive,False,Closed quickly — no notes.,MEDIUM,71,40
CSE-A,ALT-01325,ASSET-040,MEDIUM,Privilege Escalation,2026-05-24 03:45:22,2026-05-24 03:49:05,2026-05-24 04:12:05,2026-05-24 04:29:24,2026-05-24 04:57:47,True,False Positive,True,Investigation completed; evidence recorded and escalated per playbook.,CRITICAL,109,112
CSE-D,ALT-01326,ASSET-022,MEDIUM,Data Exfiltration,2026-02-27 21:10:54,2026-02-27 21:23:06,2026-02-27 21:47:06,2026-02-27 22:53:13,2026-02-28 02:27:48,False,True Positive,True,"Reviewed source IP, asset logs and correlated with previous alerts.",HIGH,103,108
CSE-B,ALT-01327,ASSET-034,MEDIUM,Unauthorized Access,2026-02-16 11:44:07,2026-02-16 11:55:40,2026-02-16 12:03:40,2026-02-16 14:23:52,2026-02-16 18:24:02,False,Escalated to Tier-2,True,Analyst investigation performed; packet capture and EDR evidence attached.,HIGH,180,173
CSE-A,ALT-01328,ASSET-024,MEDIUM,Privilege Escalation,2026-01-25 14:11:22,2026-01-25 14:39:44,2026-01-25 15:01:44,2026-01-25 17:09:28,2026-01-25 15:57:43,False,True Positive,True,Alert correlated with threat intel; full timeline documented.,HIGH,93,81
CSE-B,ALT-01329,ASSET-055,MEDIUM,Unauthorized Access,2026-01-25 04:47:54,2026-01-25 05:04:36,2026-01-25 05:20:36,2026-01-25 07:01:03,2026-01-25 12:49:52,False,True Positive,True,"Reviewed source IP, asset logs and correlated with previous alerts.",CRITICAL,135,105
CSE-D,ALT-01330,ASSET-096,MEDIUM,Malware,2026-05-31 10:00:27,2026-05-31 10:20:41,2026-05-31 10:34:41,2026-05-31 12:52:42,2026-05-31 21:54:19,False,True Positive,True,"Reviewed source IP, asset logs and correlated with previous alerts.",HIGH,87,71
CSE-C,ALT-01331,ASSET-100,MEDIUM,Suspicious Login,2026-02-02 14:17:28,2026-02-02 14:33:11,,,2026-02-02 21:22:24,False,False Positive,False,,HIGH,161,49
CSE-C,ALT-01332,ASSET-019,HIGH,Brute Force,2026-06-18 11:35:03,2026-06-18 11:45:26,,,2026-06-18 15:30:45,False,Escalated to Tier-2,False,,HIGH,190,76
CSE-B,ALT-01333,ASSET-034,HIGH,Network Anomaly,2026-04-03 15:04:24,2026-04-03 16:08:35,2026-04-03 16:11:35,2026-04-03 16:45:20,2026-04-03 21:38:12,True,True Positive,True,Investigation completed; evidence recorded and escalated per playbook.,CRITICAL,91,67
CSE-C,ALT-01334,ASSET-014,CRITICAL,Privilege Escalation,2026-02-27 02:53:56,2026-02-27 02:57:39,,,2026-02-27 08:17:09,False,Under Investigation,False,,CRITICAL,177,69
CSE-D,ALT-01335,ASSET-030,MEDIUM,Unauthorized Access,2026-03-28 15:25:13,2026-03-28 15:32:45,2026-03-28 15:46:45,2026-03-28 17:14:28,2026-03-28 17:58:32,True,False Positive,True,Analyst investigation performed; packet capture and EDR evidence attached.,MEDIUM,99,86
CSE-E,ALT-01336,ASSET-083,HIGH,Brute Force,2026-03-24 16:51:27,2026-03-24 18:35:57,2026-03-24 18:36:57,2026-03-24 20:13:05,2026-03-25 03:47:40,False,True Positive,True,Analyst investigation performed; packet capture and EDR evidence attached.,CRITICAL,90,51
CSE-A,ALT-01337,ASSET-096,HIGH,Privilege Escalation,2026-01-14 12:01:00,2026-01-14 12:07:49,2026-01-14 12:31:49,2026-01-14 17:13:04,2026-01-14 21:19:24,False,Under Investigation,True,Analyst investigation performed; packet capture and EDR evidence attached.,MEDIUM,161,135
CSE-B,ALT-01338,ASSET-045,MEDIUM,Unauthorized Access,2026-04-26 01:36:15,2026-04-26 03:05:04,2026-04-26 03:06:04,2026-04-26 05:45:53,2026-04-26 08:14:30,False,False Positive,True,"Reviewed source IP, asset logs and correlated with previous alerts.",CRITICAL,87,63
CSE-B,ALT-01339,ASSET-013,LOW,Brute Force,2026-01-12 13:09:53,2026-01-12 14:25:35,2026-01-12 14:31:35,2026-01-12 14:54:38,2026-01-12 16:37:50,False,False Positive,True,Investigation completed; evidence recorded and escalated per playbook.,HIGH,110,63
CSE-B,ALT-01340,ASSET-029,MEDIUM,Suspicious Login,2026-04-03 05:55:02,2026-04-03 07:10:49,2026-04-03 07:34:49,2026-04-03 07:59:45,2026-04-03 16:35:56,False,Benign True Positive,True,Alert correlated with threat intel; full timeline documented.,HIGH,72,50
CSE-A,ALT-01341,ASSET-011,MEDIUM,Network Anomaly,2026-03-04 09:12:29,2026-03-04 09:38:01,2026-03-04 09:48:01,2026-03-04 14:11:28,2026-03-04 13:31:03,True,False Positive,True,Alert correlated with threat intel; full timeline documented.,CRITICAL,171,129
CSE-D,ALT-01342,ASSET-068,LOW,Network Anomaly,2026-01-30 13:35:35,2026-01-30 13:49:30,2026-01-30 14:10:30,2026-01-30 18:58:23,2026-01-30 20:17:36,True,False Positive,True,Analyst investigation performed; packet capture and EDR evidence attached.,HIGH,177,148
CSE-A,ALT-01343,ASSET-011,MEDIUM,Phishing,2026-04-03 15:12:26,2026-04-03 15:33:56,2026-04-03 15:46:56,2026-04-03 18:58:17,2026-04-03 18:16:34,True,False Positive,True,Alert correlated with threat intel; full timeline documented.,CRITICAL,137,133
CSE-E,ALT-01344,ASSET-047,MEDIUM,Suspicious Login,2026-04-19 15:02:25,2026-04-19 15:20:33,,,2026-04-19 23:17:07,False,True Positive,False,Closed quickly — no notes.,HIGH,187,94
CSE-E,ALT-01345,ASSET-049,MEDIUM,Phishing,2026-01-12 11:23:13,2026-01-12 12:55:54,,,2026-01-12 19:49:58,False,Under Investigation,False,Closed quickly — no notes.,CRITICAL,178,92
CSE-A,ALT-01346,ASSET-069,HIGH,Brute Force,2026-01-19 14:12:49,2026-01-19 14:18:32,2026-01-19 14:39:32,2026-01-19 15:46:55,2026-01-19 20:06:04,False,Benign True Positive,True,"Reviewed source IP, asset logs and correlated with previous alerts.",MEDIUM,106,113
CSE-C,ALT-01347,ASSET-030,HIGH,Phishing,2026-04-10 15:36:37,2026-04-10 16:10:34,,,2026-04-10 18:20:58,False,Under Investigation,False,,CRITICAL,125,44
CSE-E,ALT-01348,ASSET-077,LOW,Data Exfiltration,2026-04-13 10:20:48,2026-04-13 11:10:24,,,2026-04-13 14:04:13,False,Escalated to Tier-2,False,N/A,CRITICAL,112,67
CSE-D,ALT-01349,ASSET-062,HIGH,Data Exfiltration,2026-03-13 13:30:03,2026-03-13 13:44:50,2026-03-13 13:49:50,2026-03-13 14:52:55,2026-03-13 22:27:00,True,True Positive,True,Analyst investigation performed; packet capture and EDR evidence attached.,CRITICAL,104,84
CSE-A,ALT-01350,ASSET-058,MEDIUM,Unauthorized Access,2026-06-16 17:11:21,2026-06-16 17:34:49,2026-06-16 17:58:49,2026-06-16 22:40:30,2026-06-17 04:10:19,False,False Positive,True,Investigation completed; evidence recorded and escalated per playbook.,HIGH,87,71
CSE-A,ALT-01351,ASSET-002,MEDIUM,Brute Force,2026-03-13 15:59:50,2026-03-13 16:12:16,2026-03-13 16:36:16,2026-03-13 17:39:51,2026-03-14 02:04:58,True,Escalated to Tier-2,True,Analyst investigation performed; packet capture and EDR evidence attached.,HIGH,143,122
CSE-C,ALT-01352,ASSET-097,HIGH,Data Exfiltration,2026-01-25 06:49:53,2026-01-25 06:57:03,,,2026-01-25 14:23:25,False,True Positive,False,Closed quickly — no notes.,HIGH,143,56
CSE-D,ALT-01353,ASSET-083,HIGH,Brute Force,2026-01-23 12:36:33,2026-01-23 13:01:18,2026-01-23 13:20:18,2026-01-23 14:02:43,2026-01-23 16:52:02,True,Under Investigation,True,Analyst investigation performed; packet capture and EDR evidence attached.,MEDIUM,143,117
CSE-C,ALT-01354,ASSET-077,CRITICAL,Suspicious Login,2026-01-30 12:19:26,2026-01-30 13:18:33,,,2026-01-30 12:22:43,False,Under Investigation,False,,CRITICAL,156,73
CSE-B,ALT-01355,ASSET-044,HIGH,Unauthorized Access,2026-03-02 11:06:09,2026-03-02 12:13:03,2026-03-02 12:37:03,2026-03-02 13:37:41,2026-03-02 15:12:01,False,Escalated to Tier-2,True,"Reviewed source IP, asset logs and correlated with previous alerts.",CRITICAL,139,84
CSE-B,ALT-01356,ASSET-070,HIGH,Brute Force,2026-06-11 13:20:53,2026-06-11 14:29:48,2026-06-11 14:35:48,2026-06-11 15:08:40,2026-06-11 18:12:13,False,True Positive,True,"Reviewed source IP, asset logs and correlated with previous alerts.",HIGH,136,90
CSE-B,ALT-01357,ASSET-080,MEDIUM,Phishing,2026-03-23 14:21:24,2026-03-23 14:54:13,2026-03-23 15:02:13,2026-03-23 15:10:10,2026-03-23 22:13:46,False,False Positive,True,Alert correlated with threat intel; full timeline documented.,CRITICAL,179,147
CSE-C,ALT-01358,ASSET-025,LOW,Network Anomaly,2026-02-04 09:32:35,2026-02-04 10:21:14,,,2026-02-04 16:40:20,False,Under Investigation,False,,HIGH,187,97
CSE-D,ALT-01359,ASSET-091,MEDIUM,Brute Force,2026-02-22 17:01:12,2026-02-22 17:16:40,2026-02-22 17:39:40,2026-02-22 19:03:47,2026-02-23 05:28:54,False,Escalated to Tier-2,True,Alert correlated with threat intel; full timeline documented.,MEDIUM,119,94
CSE-B,ALT-01360,ASSET-040,MEDIUM,Phishing,2026-01-25 17:57:56,2026-01-25 18:32:47,,,2026-01-25 23:13:58,False,False Positive,False,Closed quickly — no notes.,MEDIUM,94,81
CSE-C,ALT-01361,ASSET-090,HIGH,Suspicious Login,2026-03-17 18:52:55,2026-03-17 19:48:12,2026-03-17 20:10:12,2026-03-17 20:12:22,2026-03-17 22:14:03,False,Benign True Positive,True,Investigation completed; evidence recorded and escalated per playbook.,HIGH,146,37
CSE-A,ALT-01362,ASSET-091,MEDIUM,Unauthorized Access,2026-06-18 14:44:26,2026-06-18 14:54:26,2026-06-18 15:13:26,2026-06-18 17:53:32,2026-06-19 00:05:48,True,False Positive,True,Investigation completed; evidence recorded and escalated per playbook.,CRITICAL,104,95
CSE-C,ALT-01363,ASSET-083,MEDIUM,Suspicious Login,2026-03-18 03:11:43,2026-03-18 03:53:22,2026-03-18 03:59:22,2026-03-18 04:14:17,2026-03-18 09:55:19,False,True Positive,True,Analyst reviewed logs and confirmed activity with evidence archived.,CRITICAL,139,32
CSE-B,ALT-01364,ASSET-030,LOW,Suspicious Login,2026-01-10 11:58:15,2026-01-10 13:04:39,2026-01-10 13:18:39,2026-01-10 15:53:21,2026-01-10 16:32:28,False,False Positive,True,Alert correlated with threat intel; full timeline documented.,HIGH,93,68
CSE-A,ALT-01365,ASSET-025,MEDIUM,Data Exfiltration,2026-06-05 12:56:50,2026-06-05 13:24:09,2026-06-05 13:45:09,2026-06-05 15:16:27,2026-06-05 20:36:36,False,False Positive,True,Analyst reviewed logs and confirmed activity with evidence archived.,CRITICAL,104,84
CSE-E,ALT-01366,ASSET-037,MEDIUM,Data Exfiltration,2026-03-02 17:03:23,2026-03-02 17:22:10,2026-03-02 17:36:10,2026-03-02 20:17:26,2026-03-03 02:26:37,False,False Positive,True,Analyst reviewed logs and confirmed activity with evidence archived.,CRITICAL,133,95
CSE-D,ALT-01367,ASSET-048,LOW,Suspicious Login,2026-05-22 09:21:28,2026-05-22 09:31:41,2026-05-22 09:32:41,2026-05-22 12:44:51,2026-05-22 21:20:38,False,Under Investigation,True,Analyst investigation performed; packet capture and EDR evidence attached.,HIGH,192,212
CSE-A,ALT-01368,ASSET-067,HIGH,Unauthorized Access,2026-06-04 14:24:18,2026-06-04 14:36:31,2026-06-04 14:40:31,2026-06-04 18:55:56,2026-06-04 16:06:47,False,Under Investigation,True,Investigation completed; evidence recorded and escalated per playbook.,CRITICAL,84,89
CSE-C,ALT-01369,ASSET-059,CRITICAL,Network Anomaly,2026-02-24 09:43:47,2026-02-24 10:31:26,,,2026-02-24 09:48:14,True,Under Investigation,False,N/A,MEDIUM,92,46
CSE-E,ALT-01370,ASSET-044,CRITICAL,Phishing,2026-06-09 10:24:05,2026-06-09 10:32:53,2026-06-09 10:49:53,2026-06-09 12:01:43,2026-06-09 10:28:35,False,True Positive,True,Alert correlated with threat intel; full timeline documented.,CRITICAL,178,152
CSE-A,ALT-01371,ASSET-036,MEDIUM,Phishing,2026-03-08 12:05:13,2026-03-08 12:16:57,2026-03-08 12:28:57,2026-03-08 16:26:33,2026-03-08 18:36:58,False,Escalated to Tier-2,True,Analyst investigation performed; packet capture and EDR evidence attached.,HIGH,196,148
CSE-D,ALT-01372,ASSET-058,MEDIUM,Data Exfiltration,2026-05-05 09:46:08,2026-05-05 10:10:55,2026-05-05 10:16:55,2026-05-05 14:13:59,2026-05-05 23:10:29,False,Under Investigation,True,Alert correlated with threat intel; full timeline documented.,CRITICAL,84,88
CSE-A,ALT-01373,ASSET-083,LOW,Data Exfiltration,2026-05-18 17:22:27,2026-05-18 17:47:38,2026-05-18 17:57:38,2026-05-18 22:36:28,2026-05-19 05:17:04,False,True Positive,True,Analyst reviewed logs and confirmed activity with evidence archived.,CRITICAL,111,113
CSE-E,ALT-01374,ASSET-074,LOW,Unauthorized Access,2026-02-20 14:59:14,2026-02-20 15:07:00,,,2026-02-20 16:53:54,False,False Positive,False,,HIGH,155,78
CSE-B,ALT-01375,ASSET-055,CRITICAL,Phishing,2026-06-14 12:35:09,2026-06-14 13:42:38,2026-06-14 13:55:38,2026-06-14 16:01:41,2026-06-14 21:16:47,True,True Positive,True,"Reviewed source IP, asset logs and correlated with previous alerts.",CRITICAL,142,94
CSE-C,ALT-01376,ASSET-058,HIGH,Unauthorized Access,2026-03-04 10:13:43,2026-03-04 10:23:55,2026-03-04 10:38:55,2026-03-04 11:02:21,2026-03-04 14:48:40,False,Escalated to Tier-2,True,Analyst reviewed logs and confirmed activity with evidence archived.,MEDIUM,197,32
CSE-C,ALT-01377,ASSET-064,CRITICAL,Privilege Escalation,2026-04-29 16:18:11,2026-04-29 17:02:37,,,2026-04-29 16:22:39,False,False Positive,False,N/A,CRITICAL,188,95
CSE-C,ALT-01378,ASSET-004,MEDIUM,Data Exfiltration,2026-03-15 11:24:08,2026-03-15 12:02:30,,,2026-03-15 18:45:59,False,Escalated to Tier-2,False,Closed quickly — no notes.,MEDIUM,190,40
CSE-D,ALT-01379,ASSET-097,MEDIUM,Network Anomaly,2026-03-14 11:33:01,2026-03-14 11:50:27,2026-03-14 11:53:27,2026-03-14 14:46:05,2026-03-14 18:49:39,False,True Positive,True,Alert correlated with threat intel; full timeline documented.,HIGH,106,102
CSE-A,ALT-01380,ASSET-034,MEDIUM,Malware,2026-01-09 09:47:36,2026-01-09 10:16:53,2026-01-09 10:30:53,2026-01-09 13:56:18,2026-01-09 19:40:02,False,True Positive,True,Investigation completed; evidence recorded and escalated per playbook.,HIGH,147,160
CSE-D,ALT-01381,ASSET-005,MEDIUM,Privilege Escalation,2026-02-16 23:06:08,2026-02-16 23:21:35,,,2026-02-17 12:01:33,False,Under Investigation,False,N/A,CRITICAL,83,91
CSE-A,ALT-01382,ASSET-041,CRITICAL,Data Exfiltration,2026-03-20 15:10:52,2026-03-20 15:25:56,2026-03-20 15:48:56,2026-03-20 20:20:32,2026-03-20 21:32:01,True,True Positive,True,Analyst investigation performed; packet capture and EDR evidence attached.,HIGH,137,139
CSE-D,ALT-01383,ASSET-075,MEDIUM,Phishing,2026-03-20 16:15:59,2026-03-20 16:20:31,2026-03-20 16:41:31,2026-03-20 20:26:03,2026-03-21 04:44:31,False,False Positive,True,Alert correlated with threat intel; full timeline documented.,HIGH,165,164
CSE-E,ALT-01384,ASSET-089,LOW,Malware,2026-04-06 15:17:25,2026-04-06 16:06:03,2026-04-06 16:07:03,2026-04-06 18:26:44,2026-04-06 17:40:20,False,Under Investigation,True,Analyst investigation performed; packet capture and EDR evidence attached.,CRITICAL,116,75
CSE-D,ALT-01385,ASSET-069,MEDIUM,Phishing,2026-01-05 17:12:43,2026-01-05 17:22:22,2026-01-05 17:28:22,2026-01-05 19:02:26,2026-01-05 19:18:44,True,Under Investigation,True,Investigation completed; evidence recorded and escalated per playbook.,HIGH,84,72
CSE-D,ALT-01386,ASSET-025,LOW,Data Exfiltration,2026-05-22 10:32:16,2026-05-22 10:49:02,2026-05-22 11:00:02,2026-05-22 12:40:18,2026-05-22 16:55:57,False,True Positive,True,Alert correlated with threat intel; full timeline documented.,HIGH,113,93
CSE-B,ALT-01387,ASSET-062,LOW,Data Exfiltration,2026-05-10 12:51:53,2026-05-10 13:41:58,2026-05-10 14:05:58,2026-05-10 17:05:42,2026-05-10 21:15:17,False,Under Investigation,True,Alert correlated with threat intel; full timeline documented.,HIGH,122,69
CSE-C,ALT-01388,ASSET-080,CRITICAL,Data Exfiltration,2026-01-03 17:46:23,2026-01-03 17:59:40,,,2026-01-03 22:53:32,False,False Positive,False,Closed quickly — no notes.,MEDIUM,136,48
CSE-D,ALT-01389,ASSET-015,MEDIUM,Privilege Escalation,2026-03-29 21:09:03,2026-03-29 21:29:36,2026-03-29 21:51:36,2026-03-29 22:45:34,2026-03-30 07:57:00,False,Under Investigation,True,"Reviewed source IP, asset logs and correlated with previous alerts.",HIGH,124,123
CSE-B,ALT-01390,ASSET-023,MEDIUM,Brute Force,2026-05-31 10:33:35,2026-05-31 10:44:21,2026-05-31 10:51:21,2026-05-31 13:12:25,2026-05-31 17:48:33,False,Benign True Positive,True,Investigation completed; evidence recorded and escalated per playbook.,HIGH,110,69
CSE-C,ALT-01391,ASSET-026,HIGH,Data Exfiltration,2026-01-14 03:28:11,2026-01-14 03:33:43,2026-01-14 03:49:43,2026-01-14 04:19:55,2026-01-14 04:39:48,False,Benign True Positive,True,Investigation completed; evidence recorded and escalated per playbook.,CRITICAL,132,65
CSE-C,ALT-01392,ASSET-059,CRITICAL,Malware,2026-01-17 09:39:12,2026-01-17 09:44:03,,,2026-01-17 09:41:09,False,False Positive,False,N/A,HIGH,145,28
CSE-C,ALT-01393,ASSET-088,LOW,Phishing,2026-01-31 06:16:38,2026-01-31 06:54:44,2026-01-31 07:14:44,2026-01-31 07:44:41,2026-01-31 09:31:05,False,Benign True Positive,True,Analyst investigation performed; packet capture and EDR evidence attached.,CRITICAL,169,82
CSE-A,ALT-01394,ASSET-016,MEDIUM,Brute Force,2026-06-27 15:29:44,2026-06-27 15:50:49,2026-06-27 16:15:49,2026-06-27 21:00:29,2026-06-27 19:19:31,False,Under Investigation,True,"Reviewed source IP, asset logs and correlated with previous alerts.",HIGH,98,90
CSE-B,ALT-01395,ASSET-064,HIGH,Brute Force,2026-06-12 12:08:59,2026-06-12 13:35:24,2026-06-12 13:48:24,2026-06-12 16:32:00,2026-06-12 16:34:25,False,Benign True Positive,True,Alert correlated with threat intel; full timeline documented.,HIGH,92,73
CSE-C,ALT-01396,ASSET-019,HIGH,Suspicious Login,2026-06-19 21:37:59,2026-06-19 22:38:39,2026-06-19 22:43:39,2026-06-19 23:09:47,2026-06-20 04:20:08,False,False Positive,True,Analyst investigation performed; packet capture and EDR evidence attached.,CRITICAL,172,67
CSE-E,ALT-01397,ASSET-087,HIGH,Network Anomaly,2026-02-02 12:15:35,2026-02-02 13:19:42,2026-02-02 13:31:42,2026-02-02 13:59:00,2026-02-02 16:55:39,False,True Positive,True,Investigation completed; evidence recorded and escalated per playbook.,MEDIUM,75,51
CSE-E,ALT-01398,ASSET-062,HIGH,Unauthorized Access,2026-01-12 09:29:11,2026-01-12 11:16:10,,,2026-01-12 11:54:36,False,Under Investigation,False,Closed quickly — no notes.,CRITICAL,172,129
CSE-C,ALT-01399,ASSET-068,CRITICAL,Malware,2026-03-07 21:39:32,2026-03-07 22:27:09,,,2026-03-07 21:42:45,False,False Positive,False,Closed quickly — no notes.,CRITICAL,183,90
CSE-D,ALT-01400,ASSET-049,LOW,Data Exfiltration,2026-01-19 09:53:26,2026-01-19 10:15:34,2026-01-19 10:20:34,2026-01-19 10:47:30,2026-01-19 12:56:25,False,True Positive,True,Analyst reviewed logs and confirmed activity with evidence archived.,CRITICAL,115,111
CSE-C,ALT-01401,ASSET-042,MEDIUM,Network Anomaly,2026-01-21 21:00:00,2026-01-21 21:14:32,2026-01-21 21:25:32,2026-01-21 21:31:20,2026-01-22 04:53:05,False,Escalated to Tier-2,True,Investigation completed; evidence recorded and escalated per playbook.,MEDIUM,161,32
CSE-C,ALT-01402,ASSET-028,HIGH,Brute Force,2026-03-08 09:48:23,2026-03-08 10:03:42,2026-03-08 10:21:42,2026-03-08 10:31:19,2026-03-08 17:54:47,False,Benign True Positive,True,Investigation completed; evidence recorded and escalated per playbook.,HIGH,194,66
CSE-B,ALT-01403,ASSET-022,MEDIUM,Unauthorized Access,2026-05-07 13:21:55,2026-05-07 14:32:43,2026-05-07 14:53:43,2026-05-07 17:14:30,2026-05-07 20:42:07,False,True Positive,True,Alert correlated with threat intel; full timeline documented.,HIGH,117,102
CSE-E,ALT-01404,ASSET-055,LOW,Malware,2026-01-29 11:37:15,2026-01-29 12:29:28,2026-01-29 12:46:28,2026-01-29 15:02:49,2026-01-29 22:03:14,False,Escalated to Tier-2,True,Alert correlated with threat intel; full timeline documented.,HIGH,174,125
CSE-A,ALT-01405,ASSET-062,MEDIUM,Unauthorized Access,2026-03-13 12:44:30,2026-03-13 12:55:16,2026-03-13 13:06:16,2026-03-13 17:24:37,2026-03-13 15:01:30,False,True Positive,True,"Reviewed source IP, asset logs and correlated with previous alerts.",HIGH,124,122
CSE-E,ALT-01406,ASSET-096,MEDIUM,Network Anomaly,2026-03-12 16:48:17,2026-03-12 17:05:00,2026-03-12 17:26:00,2026-03-12 18:45:33,2026-03-12 20:10:27,False,Under Investigation,True,Alert correlated with threat intel; full timeline documented.,MEDIUM,196,121
CSE-B,ALT-01407,ASSET-093,HIGH,Unauthorized Access,2026-04-02 02:27:49,2026-04-02 03:18:38,2026-04-02 03:28:38,2026-04-02 04:02:17,2026-04-02 11:20:11,False,True Positive,True,Alert correlated with threat intel; full timeline documented.,CRITICAL,82,61
CSE-C,ALT-01408,ASSET-036,MEDIUM,Suspicious Login,2026-01-16 13:31:50,2026-01-16 13:45:43,2026-01-16 14:10:43,2026-01-16 14:36:03,2026-01-16 18:09:24,False,True Positive,True,Analyst investigation performed; packet capture and EDR evidence attached.,CRITICAL,157,38
CSE-B,ALT-01409,ASSET-005,HIGH,Suspicious Login,2026-05-03 09:49:36,2026-05-03 11:15:09,2026-05-03 11:29:09,2026-05-03 14:21:53,2026-05-03 13:10:00,False,False Positive,True,Analyst reviewed logs and confirmed activity with evidence archived.,CRITICAL,122,75
CSE-E,ALT-01410,ASSET-075,CRITICAL,Privilege Escalation,2026-02-26 13:07:23,2026-02-26 14:54:19,2026-02-26 15:07:19,2026-02-26 17:16:25,2026-02-26 19:58:45,False,False Positive,True,Investigation completed; evidence recorded and escalated per playbook.,CRITICAL,181,115
CSE-D,ALT-01411,ASSET-045,MEDIUM,Suspicious Login,2026-05-07 14:40:47,2026-05-07 14:49:12,2026-05-07 14:59:12,2026-05-07 15:46:18,2026-05-08 03:36:21,False,Under Investigation,True,Analyst investigation performed; packet capture and EDR evidence attached.,HIGH,174,175
CSE-B,ALT-01412,ASSET-044,LOW,Privilege Escalation,2026-01-11 10:27:56,2026-01-11 11:18:16,2026-01-11 11:39:16,2026-01-11 14:32:29,2026-01-11 16:00:11,True,False Positive,True,Analyst investigation performed; packet capture and EDR evidence attached.,MEDIUM,105,58
CSE-D,ALT-01413,ASSET-062,HIGH,Phishing,2026-02-25 12:39:25,2026-02-25 12:57:06,2026-02-25 13:07:06,2026-02-25 16:44:06,2026-02-25 23:31:45,False,True Positive,True,Alert correlated with threat intel; full timeline documented.,MEDIUM,90,93
CSE-E,ALT-01414,ASSET-036,LOW,Brute Force,2026-04-27 15:19:04,2026-04-27 15:43:40,2026-04-27 15:52:40,2026-04-27 17:13:46,2026-04-27 18:58:01,False,True Positive,True,Investigation completed; evidence recorded and escalated per playbook.,HIGH,115,80
CSE-B,ALT-01415,ASSET-079,MEDIUM,Privilege Escalation,2026-06-19 13:38:28,2026-06-19 14:39:55,2026-06-19 15:04:55,2026-06-19 16:31:32,2026-06-19 23:21:56,False,False Positive,True,Analyst reviewed logs and confirmed activity with evidence archived.,CRITICAL,123,98
CSE-B,ALT-01416,ASSET-063,LOW,Unauthorized Access,2026-05-18 17:24:06,2026-05-18 18:13:01,2026-05-18 18:32:01,2026-05-18 19:21:10,2026-05-18 23:15:50,False,Under Investigation,True,Analyst reviewed logs and confirmed activity with evidence archived.,HIGH,131,83
CSE-C,ALT-01417,ASSET-018,CRITICAL,Network Anomaly,2026-04-30 09:52:42,2026-04-30 09:56:49,,,2026-04-30 09:55:31,False,False Positive,False,Closed quickly — no notes.,CRITICAL,149,79
CSE-D,ALT-01418,ASSET-019,HIGH,Data Exfiltration,2026-03-29 17:19:19,2026-03-29 17:24:44,2026-03-29 17:45:44,2026-03-29 21:12:13,2026-03-30 04:59:26,False,True Positive,True,"Reviewed source IP, asset logs and correlated with previous alerts.",HIGH,127,108
CSE-E,ALT-01419,ASSET-068,LOW,Privilege Escalation,2026-05-05 14:08:53,2026-05-05 15:16:16,,,2026-05-05 22:39:41,True,Under Investigation,False,,MEDIUM,137,92
CSE-B,ALT-01420,ASSET-064,HIGH,Data Exfiltration,2026-02-24 14:09:28,2026-02-24 14:14:47,2026-02-24 14:18:47,2026-02-24 15:28:12,2026-02-24 22:20:27,False,True Positive,True,Analyst investigation performed; packet capture and EDR evidence attached.,MEDIUM,195,161
CSE-C,ALT-01421,ASSET-079,CRITICAL,Privilege Escalation,2026-03-23 09:42:33,2026-03-23 10:28:46,,,2026-03-23 09:46:35,False,False Positive,False,,MEDIUM,95,43
CSE-A,ALT-01422,ASSET-020,LOW,Network Anomaly,2026-05-27 09:12:36,2026-05-27 09:16:07,2026-05-27 09:39:07,2026-05-27 11:25:40,2026-05-27 15:22:50,True,Escalated to Tier-2,True,Investigation completed; evidence recorded and escalated per playbook.,CRITICAL,182,157
CSE-E,ALT-01423,ASSET-059,LOW,Unauthorized Access,2026-04-24 13:15:22,2026-04-24 13:46:12,2026-04-24 13:54:12,2026-04-24 15:34:08,2026-04-24 23:10:50,False,False Positive,True,Investigation completed; evidence recorded and escalated per playbook.,CRITICAL,124,65
CSE-B,ALT-01424,ASSET-030,HIGH,Privilege Escalation,2026-01-28 20:53:00,2026-01-28 21:07:17,2026-01-28 21:27:17,2026-01-28 23:32:15,2026-01-29 00:25:48,False,Escalated to Tier-2,True,Investigation completed; evidence recorded and escalated per playbook.,HIGH,127,89
CSE-D,ALT-01425,ASSET-100,MEDIUM,Brute Force,2026-06-27 09:22:12,2026-06-27 09:47:01,2026-06-27 10:09:01,2026-06-27 10:29:43,2026-06-27 18:34:44,False,Under Investigation,True,Analyst reviewed logs and confirmed activity with evidence archived.,HIGH,187,164
CSE-D,ALT-01426,ASSET-014,LOW,Suspicious Login,2026-03-29 16:05:15,2026-03-29 16:30:45,2026-03-29 16:39:45,2026-03-29 17:28:54,2026-03-30 06:32:18,False,Escalated to Tier-2,True,Analyst investigation performed; packet capture and EDR evidence attached.,CRITICAL,96,93
CSE-B,ALT-01427,ASSET-058,CRITICAL,Suspicious Login,2026-03-24 12:53:05,2026-03-24 13:11:42,2026-03-24 13:32:42,2026-03-24 15:57:18,2026-03-24 18:55:07,False,Under Investigation,True,"Reviewed source IP, asset logs and correlated with previous alerts.",MEDIUM,139,97
CSE-B,ALT-01428,ASSET-044,HIGH,Privilege Escalation,2026-03-13 10:18:07,2026-03-13 11:29:13,,,2026-03-13 21:04:55,False,Escalated to Tier-2,False,N/A,CRITICAL,167,151
CSE-E,ALT-01429,ASSET-064,LOW,Privilege Escalation,2026-02-06 10:42:44,2026-02-06 12:02:57,2026-02-06 12:26:57,2026-02-06 14:21:29,2026-02-06 14:10:31,False,False Positive,True,Investigation completed; evidence recorded and escalated per playbook.,MEDIUM,136,78
CSE-B,ALT-01430,ASSET-001,CRITICAL,Brute Force,2026-03-08 13:09:12,2026-03-08 13:45:32,2026-03-08 13:47:32,2026-03-08 14:16:39,2026-03-08 23:29:45,False,True Positive,True,"Reviewed source IP, asset logs and correlated with previous alerts.",HIGH,171,158
CSE-D,ALT-01431,ASSET-009,CRITICAL,Malware,2026-04-18 17:14:27,2026-04-18 17:20:01,2026-04-18 17:35:01,2026-04-18 21:03:10,2026-04-19 02:34:27,False,Benign True Positive,True,Analyst investigation performed; packet capture and EDR evidence attached.,CRITICAL,92,81
CSE-C,ALT-01432,ASSET-050,HIGH,Unauthorized Access,2026-05-24 14:06:06,2026-05-24 14:39:30,,,2026-05-24 15:21:44,False,Under Investigation,False,,MEDIUM,173,43
CSE-C,ALT-01433,ASSET-033,MEDIUM,Network Anomaly,2026-03-18 10:25:25,2026-03-18 10:28:45,,,2026-03-18 17:13:59,False,True Positive,False,N/A,MEDIUM,162,22
CSE-D,ALT-01434,ASSET-070,MEDIUM,Data Exfiltration,2026-03-18 10:57:45,2026-03-18 11:19:13,2026-03-18 11:23:13,2026-03-18 16:20:17,2026-03-18 21:51:49,True,False Positive,True,Investigation completed; evidence recorded and escalated per playbook.,CRITICAL,130,115
CSE-D,ALT-01435,ASSET-015,HIGH,Brute Force,2026-03-27 02:17:38,2026-03-27 02:27:18,2026-03-27 02:51:18,2026-03-27 04:17:07,2026-03-27 06:22:43,False,True Positive,True,Investigation completed; evidence recorded and escalated per playbook.,HIGH,174,182
CSE-E,ALT-01436,ASSET-030,MEDIUM,Network Anomaly,2026-04-04 17:33:00,2026-04-04 17:56:55,,,2026-04-04 22:19:07,False,False Positive,False,N/A,MEDIUM,146,80
CSE-A,ALT-01437,ASSET-011,CRITICAL,Privilege Escalation,2026-04-25 14:34:54,2026-04-25 14:39:24,2026-04-25 14:48:24,2026-04-25 18:17:00,2026-04-25 21:17:31,True,True Positive,True,"Reviewed source IP, asset logs and correlated with previous alerts.",HIGH,177,141
CSE-B,ALT-01438,ASSET-063,HIGH,Privilege Escalation,2026-04-05 17:13:36,2026-04-05 18:32:36,,,2026-04-06 02:46:42,False,False Positive,False,Closed quickly — no notes.,MEDIUM,119,68
CSE-E,ALT-01439,ASSET-042,MEDIUM,Malware,2026-05-27 11:12:16,2026-05-27 12:46:40,2026-05-27 12:49:40,2026-05-27 14:34:56,2026-05-27 17:09:28,False,Benign True Positive,True,Analyst investigation performed; packet capture and EDR evidence attached.,CRITICAL,184,110
CSE-A,ALT-01440,ASSET-011,LOW,Network Anomaly,2026-04-14 16:26:54,2026-04-14 16:29:54,2026-04-14 16:37:54,2026-04-14 19:31:14,2026-04-15 01:00:37,False,Under Investigation,True,Analyst investigation performed; packet capture and EDR evidence attached.,HIGH,140,137
CSE-B,ALT-01441,ASSET-069,HIGH,Phishing,2026-05-29 15:24:21,2026-05-29 16:33:18,,,2026-05-29 19:03:07,True,False Positive,False,Closed quickly — no notes.,MEDIUM,147,124
CSE-B,ALT-01442,ASSET-062,LOW,Brute Force,2026-03-30 14:49:54,2026-03-30 15:32:04,2026-03-30 15:47:04,2026-03-30 18:24:53,2026-03-30 22:10:56,False,Under Investigation,True,Analyst investigation performed; packet capture and EDR evidence attached.,HIGH,100,54
CSE-D,ALT-01443,ASSET-050,LOW,Network Anomaly,2026-04-11 16:40:23,2026-04-11 16:52:06,2026-04-11 17:06:06,2026-04-11 20:15:35,2026-04-12 02:36:42,False,True Positive,True,"Reviewed source IP, asset logs and correlated with previous alerts.",MEDIUM,106,92
CSE-C,ALT-01444,ASSET-093,LOW,Malware,2026-02-22 17:39:16,2026-02-22 18:23:40,,,2026-02-23 01:03:06,True,Benign True Positive,False,Closed quickly — no notes.,HIGH,166,35
CSE-D,ALT-01445,ASSET-053,CRITICAL,Suspicious Login,2026-04-15 16:15:02,2026-04-15 16:36:51,2026-04-15 16:51:51,2026-04-15 21:00:19,2026-04-15 18:18:39,False,False Positive,True,Analyst investigation performed; packet capture and EDR evidence attached.,CRITICAL,139,136
CSE-A,ALT-01446,ASSET-022,MEDIUM,Brute Force,2026-01-15 08:08:22,2026-01-15 08:13:30,2026-01-15 08:27:30,2026-01-15 10:10:41,2026-01-15 15:55:04,False,Benign True Positive,True,Analyst reviewed logs and confirmed activity with evidence archived.,CRITICAL,100,88
CSE-B,ALT-01447,ASSET-052,CRITICAL,Suspicious Login,2026-02-25 12:55:16,2026-02-25 13:35:40,2026-02-25 13:48:40,2026-02-25 14:01:33,2026-02-25 18:30:25,True,Escalated to Tier-2,True,Alert correlated with threat intel; full timeline documented.,HIGH,118,83
CSE-D,ALT-01448,ASSET-044,HIGH,Suspicious Login,2026-06-03 11:19:32,2026-06-03 11:31:47,2026-06-03 11:33:47,2026-06-03 12:05:37,2026-06-03 17:03:03,False,Under Investigation,True,Alert correlated with threat intel; full timeline documented.,CRITICAL,141,145
CSE-B,ALT-01449,ASSET-017,CRITICAL,Malware,2026-03-07 14:58:19,2026-03-07 15:21:52,,,2026-03-07 23:26:18,False,False Positive,False,Closed quickly — no notes.,HIGH,192,149
CSE-E,ALT-01450,ASSET-012,MEDIUM,Network Anomaly,2026-05-20 12:04:02,2026-05-20 12:38:48,2026-05-20 12:43:48,2026-05-20 13:31:55,2026-05-20 14:20:46,False,Escalated to Tier-2,True,"Reviewed source IP, asset logs and correlated with previous alerts.",HIGH,153,104
CSE-B,ALT-01451,ASSET-033,LOW,Suspicious Login,2026-05-19 19:18:33,2026-05-19 20:24:43,,,2026-05-20 05:22:55,False,Benign True Positive,False,N/A,MEDIUM,149,116
CSE-B,ALT-01452,ASSET-003,MEDIUM,Brute Force,2026-05-02 19:42:25,2026-05-02 20:26:44,2026-05-02 20:27:44,2026-05-02 21:32:56,2026-05-03 06:11:19,False,False Positive,True,"Reviewed source IP, asset logs and correlated with previous alerts.",HIGH,80,51
CSE-C,ALT-01453,ASSET-047,HIGH,Brute Force,2026-02-08 05:01:43,2026-02-08 05:13:29,,,2026-02-08 06:16:15,False,Benign True Positive,False,,MEDIUM,98,30
CSE-D,ALT-01454,ASSET-058,MEDIUM,Brute Force,2026-01-15 09:11:25,2026-01-15 09:26:33,2026-01-15 09:37:33,2026-01-15 10:02:22,2026-01-15 16:30:43,False,Benign True Positive,True,Analyst reviewed logs and confirmed activity with evidence archived.,CRITICAL,101,103
CSE-D,ALT-01455,ASSET-051,CRITICAL,Privilege Escalation,2026-03-16 12:13:12,2026-03-16 12:15:48,,,2026-03-16 15:41:45,True,False Positive,False,N/A,HIGH,134,102
CSE-C,ALT-01456,ASSET-001,HIGH,Suspicious Login,2026-02-28 17:17:04,2026-02-28 17:35:51,,,2026-02-28 22:12:36,False,Under Investigation,False,Closed quickly — no notes.,CRITICAL,95,44
CSE-D,ALT-01457,ASSET-073,MEDIUM,Network Anomaly,2026-06-21 11:12:22,2026-06-21 11:16:58,2026-06-21 11:20:58,2026-06-21 12:55:33,2026-06-21 14:26:13,True,True Positive,True,Investigation completed; evidence recorded and escalated per playbook.,HIGH,80,87
CSE-B,ALT-01458,ASSET-078,LOW,Privilege Escalation,2026-05-10 10:45:21,2026-05-10 11:59:01,,,2026-05-10 14:36:05,False,True Positive,False,Closed quickly — no notes.,HIGH,91,57
CSE-A,ALT-01459,ASSET-050,LOW,Network Anomaly,2026-03-27 15:41:19,2026-03-27 16:06:13,2026-03-27 16:16:13,2026-03-27 18:04:32,2026-03-28 00:50:05,False,False Positive,True,Analyst investigation performed; packet capture and EDR evidence attached.,CRITICAL,156,124
CSE-B,ALT-01460,ASSET-025,MEDIUM,Suspicious Login,2026-03-18 17:01:46,2026-03-18 18:04:01,2026-03-18 18:25:01,2026-03-18 20:21:46,2026-03-19 02:45:11,False,True Positive,True,Alert correlated with threat intel; full timeline documented.,HIGH,120,96
CSE-C,ALT-01461,ASSET-006,MEDIUM,Network Anomaly,2026-05-13 15:25:23,2026-05-13 15:56:30,2026-05-13 16:09:30,2026-05-13 16:36:15,2026-05-13 18:11:27,False,Under Investigation,True,Investigation completed; evidence recorded and escalated per playbook.,MEDIUM,168,81
CSE-B,ALT-01462,ASSET-046,HIGH,Malware,2026-06-14 14:00:30,2026-06-14 15:20:25,2026-06-14 15:22:25,2026-06-14 18:07:26,2026-06-14 20:43:25,False,False Positive,True,Analyst reviewed logs and confirmed activity with evidence archived.,HIGH,192,136
CSE-B,ALT-01463,ASSET-081,HIGH,Suspicious Login,2026-02-02 11:37:59,2026-02-02 11:47:13,2026-02-02 12:07:13,2026-02-02 13:11:16,2026-02-02 13:43:58,False,Escalated to Tier-2,True,Analyst investigation performed; packet capture and EDR evidence attached.,MEDIUM,95,75
CSE-D,ALT-01464,ASSET-067,HIGH,Brute Force,2026-04-28 12:06:25,2026-04-28 12:18:23,2026-04-28 12:34:23,2026-04-28 15:37:49,2026-04-29 02:44:23,False,Benign True Positive,True,Analyst investigation performed; packet capture and EDR evidence attached.,CRITICAL,197,190
CSE-B,ALT-01465,ASSET-062,LOW,Phishing,2026-04-25 05:35:10,2026-04-25 06:53:44,2026-04-25 07:18:44,2026-04-25 10:09:32,2026-04-25 14:31:27,False,Benign True Positive,True,Investigation completed; evidence recorded and escalated per playbook.,MEDIUM,91,83
CSE-E,ALT-01466,ASSET-073,CRITICAL,Suspicious Login,2026-02-12 11:47:47,2026-02-12 12:31:16,,,2026-02-12 13:06:18,False,True Positive,False,,CRITICAL,84,54
CSE-D,ALT-01467,ASSET-080,CRITICAL,Phishing,2026-03-19 17:35:31,2026-03-19 17:45:24,2026-03-19 17:56:24,2026-03-19 20:53:40,2026-03-19 23:35:35,False,True Positive,True,Analyst reviewed logs and confirmed activity with evidence archived.,CRITICAL,170,174
CSE-D,ALT-01468,ASSET-024,LOW,Phishing,2026-05-27 12:21:19,2026-05-27 12:31:02,2026-05-27 12:50:02,2026-05-27 13:14:19,2026-05-27 17:08:49,False,False Positive,True,Investigation completed; evidence recorded and escalated per playbook.,MEDIUM,168,152
CSE-D,ALT-01469,ASSET-087,MEDIUM,Data Exfiltration,2026-03-27 13:14:52,2026-03-27 13:32:58,2026-03-27 13:40:58,2026-03-27 14:06:57,2026-03-27 18:31:15,False,Benign True Positive,True,Alert correlated with threat intel; full timeline documented.,CRITICAL,103,113
CSE-C,ALT-01470,ASSET-017,CRITICAL,Suspicious Login,2026-02-09 17:07:59,2026-02-09 17:25:00,,,2026-02-09 17:12:09,False,Under Investigation,False,,HIGH,152,63
CSE-C,ALT-01471,ASSET-080,HIGH,Network Anomaly,2026-01-14 09:06:40,2026-01-14 09:51:43,2026-01-14 09:56:43,2026-01-14 10:27:24,2026-01-14 13:06:08,False,True Positive,True,Investigation completed; evidence recorded and escalated per playbook.,CRITICAL,194,47
CSE-B,ALT-01472,ASSET-040,HIGH,Malware,2026-05-05 02:34:37,2026-05-05 02:51:31,2026-05-05 03:15:31,2026-05-05 04:49:28,2026-05-05 09:19:16,False,Benign True Positive,True,Analyst reviewed logs and confirmed activity with evidence archived.,HIGH,135,120
CSE-E,ALT-01473,ASSET-036,MEDIUM,Network Anomaly,2026-01-29 17:29:54,2026-01-29 19:11:14,2026-01-29 19:15:14,2026-01-29 21:00:41,2026-01-29 22:33:46,False,True Positive,True,"Reviewed source IP, asset logs and correlated with previous alerts.",HIGH,74,59
CSE-A,ALT-01474,ASSET-038,LOW,Suspicious Login,2026-01-20 15:13:57,2026-01-20 15:38:24,2026-01-20 15:43:24,2026-01-20 16:03:19,2026-01-21 00:12:51,False,True Positive,True,Analyst reviewed logs and confirmed activity with evidence archived.,CRITICAL,120,120
CSE-D,ALT-01475,ASSET-006,MEDIUM,Privilege Escalation,2026-06-20 16:36:29,2026-06-20 16:40:48,2026-06-20 16:47:48,2026-06-20 20:38:49,2026-06-20 18:24:35,False,True Positive,True,Analyst investigation performed; packet capture and EDR evidence attached.,CRITICAL,116,119
CSE-A,ALT-01476,ASSET-072,LOW,Data Exfiltration,2026-06-03 17:45:33,2026-06-03 18:04:08,2026-06-03 18:24:08,2026-06-03 20:25:10,2026-06-04 01:29:50,True,Escalated to Tier-2,True,Investigation completed; evidence recorded and escalated per playbook.,HIGH,132,145
CSE-E,ALT-01477,ASSET-069,LOW,Brute Force,2026-05-16 12:03:59,2026-05-16 13:02:58,2026-05-16 13:14:58,2026-05-16 16:00:00,2026-05-16 19:58:19,False,Under Investigation,True,Analyst investigation performed; packet capture and EDR evidence attached.,MEDIUM,167,110
CSE-A,ALT-01478,ASSET-060,CRITICAL,Suspicious Login,2026-05-05 09:01:46,2026-05-05 09:24:21,2026-05-05 09:46:21,2026-05-05 12:29:49,2026-05-05 17:58:34,True,True Positive,True,"Reviewed source IP, asset logs and correlated with previous alerts.",HIGH,171,177
CSE-B,ALT-01479,ASSET-011,CRITICAL,Unauthorized Access,2026-06-04 17:52:48,2026-06-04 19:14:25,2026-06-04 19:33:25,2026-06-04 21:13:31,2026-06-05 00:35:03,False,False Positive,True,Investigation completed; evidence recorded and escalated per playbook.,CRITICAL,79,74
CSE-E,ALT-01480,ASSET-052,MEDIUM,Unauthorized Access,2026-04-26 14:45:48,2026-04-26 15:53:45,2026-04-26 16:07:45,2026-04-26 17:30:07,2026-04-26 17:05:07,False,Under Investigation,True,Alert correlated with threat intel; full timeline documented.,CRITICAL,147,76
CSE-E,ALT-01481,ASSET-062,CRITICAL,Network Anomaly,2026-02-23 11:30:01,2026-02-23 13:07:03,2026-02-23 13:24:03,2026-02-23 14:57:30,2026-02-23 17:11:18,False,Under Investigation,True,Investigation completed; evidence recorded and escalated per playbook.,CRITICAL,121,61
CSE-E,ALT-01482,ASSET-042,MEDIUM,Suspicious Login,2026-04-17 13:49:35,2026-04-17 14:56:18,2026-04-17 15:00:18,2026-04-17 15:41:34,2026-04-17 17:42:41,False,False Positive,True,Analyst reviewed logs and confirmed activity with evidence archived.,CRITICAL,84,70
CSE-E,ALT-01483,ASSET-028,LOW,Malware,2026-06-20 12:33:36,2026-06-20 14:27:07,2026-06-20 14:42:07,2026-06-20 15:47:40,2026-06-20 23:01:15,False,True Positive,True,Analyst investigation performed; packet capture and EDR evidence attached.,CRITICAL,142,76
CSE-A,ALT-01484,ASSET-083,CRITICAL,Brute Force,2026-03-16 11:41:39,2026-03-16 11:53:18,,,2026-03-16 17:22:24,False,False Positive,False,,HIGH,132,130
CSE-E,ALT-01485,ASSET-017,MEDIUM,Data Exfiltration,2026-04-02 15:26:10,2026-04-02 15:49:31,2026-04-02 16:14:31,2026-04-02 17:43:11,2026-04-02 17:11:31,False,True Positive,True,Alert correlated with threat intel; full timeline documented.,CRITICAL,143,67
CSE-D,ALT-01486,ASSET-002,MEDIUM,Brute Force,2026-02-17 15:17:33,2026-02-17 15:38:20,2026-02-17 15:47:20,2026-02-17 16:55:19,2026-02-18 03:22:30,False,False Positive,True,Analyst investigation performed; packet capture and EDR evidence attached.,HIGH,132,114
CSE-E,ALT-01487,ASSET-054,LOW,Suspicious Login,2026-02-25 17:19:33,2026-02-25 18:34:51,,,2026-02-25 19:34:28,False,Under Investigation,False,Closed quickly — no notes.,CRITICAL,105,71
CSE-C,ALT-01488,ASSET-051,MEDIUM,Phishing,2026-03-19 09:15:09,2026-03-19 09:27:00,,,2026-03-19 14:31:09,False,Under Investigation,False,N/A,CRITICAL,99,22
CSE-B,ALT-01489,ASSET-098,MEDIUM,Phishing,2026-04-04 10:15:53,2026-04-04 10:35:51,2026-04-04 10:58:51,2026-04-04 11:43:15,2026-04-04 13:10:49,False,True Positive,True,Alert correlated with threat intel; full timeline documented.,CRITICAL,174,92
CSE-A,ALT-01490,ASSET-039,HIGH,Brute Force,2026-05-09 11:07:53,2026-05-09 11:13:45,2026-05-09 11:33:45,2026-05-09 12:53:31,2026-05-09 18:26:27,False,True Positive,True,Investigation completed; evidence recorded and escalated per playbook.,MEDIUM,132,129
CSE-B,ALT-01491,ASSET-011,HIGH,Malware,2026-02-26 13:47:05,2026-02-26 14:17:53,2026-02-26 14:21:53,2026-02-26 14:55:47,2026-02-26 16:34:12,True,Escalated to Tier-2,True,Analyst investigation performed; packet capture and EDR evidence attached.,MEDIUM,129,84
CSE-A,ALT-01492,ASSET-065,MEDIUM,Malware,2026-03-21 09:39:32,2026-03-21 09:52:58,2026-03-21 10:16:58,2026-03-21 12:52:48,2026-03-21 17:13:27,True,Benign True Positive,True,Analyst reviewed logs and confirmed activity with evidence archived.,HIGH,107,80
CSE-A,ALT-01493,ASSET-028,HIGH,Privilege Escalation,2026-04-10 17:05:08,2026-04-10 17:31:17,2026-04-10 17:53:17,2026-04-10 22:09:55,2026-04-10 19:11:46,False,True Positive,True,Investigation completed; evidence recorded and escalated per playbook.,MEDIUM,199,179
CSE-E,ALT-01494,ASSET-039,MEDIUM,Network Anomaly,2026-01-01 12:55:15,2026-01-01 14:17:21,,,2026-01-01 19:37:26,False,Benign True Positive,False,Closed quickly — no notes.,CRITICAL,168,73
CSE-D,ALT-01495,ASSET-069,LOW,Network Anomaly,2026-03-31 10:06:44,2026-03-31 10:29:19,2026-03-31 10:45:19,2026-03-31 14:23:34,2026-03-31 23:11:12,True,True Positive,True,Analyst reviewed logs and confirmed activity with evidence archived.,HIGH,162,144
CSE-A,ALT-01496,ASSET-082,HIGH,Data Exfiltration,2026-04-12 13:55:01,2026-04-12 13:58:18,2026-04-12 14:15:18,2026-04-12 17:54:47,2026-04-12 19:51:14,False,Under Investigation,True,Analyst investigation performed; packet capture and EDR evidence attached.,HIGH,146,142
CSE-C,ALT-01497,ASSET-098,HIGH,Network Anomaly,2026-01-04 08:24:25,2026-01-04 09:16:31,2026-01-04 09:18:31,2026-01-04 09:49:00,2026-01-04 09:39:19,False,Under Investigation,True,Alert correlated with threat intel; full timeline documented.,MEDIUM,173,58
CSE-C,ALT-01498,ASSET-004,HIGH,Data Exfiltration,2026-01-10 10:45:07,2026-01-10 11:46:03,2026-01-10 11:50:03,2026-01-10 12:10:48,2026-01-10 19:12:06,False,False Positive,True,Alert correlated with threat intel; full timeline documented.,CRITICAL,101,21
CSE-A,ALT-01499,ASSET-021,LOW,Privilege Escalation,2026-03-27 14:26:28,2026-03-27 14:36:42,2026-03-27 14:58:42,2026-03-27 19:39:01,2026-03-27 22:18:26,False,False Positive,True,Analyst investigation performed; packet capture and EDR evidence attached.,CRITICAL,93,90
CSE-A,ALT-01500,ASSET-095,LOW,Data Exfiltration,2026-04-03 09:01:56,2026-04-03 09:27:59,2026-04-03 09:50:59,2026-04-03 11:38:23,2026-04-03 16:09:12,False,Benign True Positive,True,Alert correlated with threat intel; full timeline documented.,HIGH,162,166
CSE-A,ALT-01501,ASSET-043,LOW,Data Exfiltration,2026-05-26 14:35:44,2026-05-26 14:42:01,2026-05-26 15:05:01,2026-05-26 16:38:00,2026-05-27 01:00:53,False,False Positive,True,"Reviewed source IP, asset logs and correlated with previous alerts.",MEDIUM,111,112
CSE-D,ALT-01502,ASSET-098,MEDIUM,Unauthorized Access,2026-05-22 10:34:16,2026-05-22 10:58:21,,,2026-05-22 16:38:57,True,True Positive,False,,HIGH,157,137
CSE-D,ALT-01503,ASSET-072,CRITICAL,Privilege Escalation,2026-05-24 17:09:55,2026-05-24 17:19:47,2026-05-24 17:39:47,2026-05-24 18:58:54,2026-05-25 00:06:48,False,Under Investigation,True,Analyst reviewed logs and confirmed activity with evidence archived.,HIGH,127,130
CSE-C,ALT-01504,ASSET-061,HIGH,Network Anomaly,2026-01-04 14:03:42,2026-01-04 14:45:23,2026-01-04 15:01:23,2026-01-04 15:04:17,2026-01-04 20:12:08,False,Under Investigation,True,"Reviewed source IP, asset logs and correlated with previous alerts.",MEDIUM,102,44
CSE-D,ALT-01505,ASSET-015,LOW,Suspicious Login,2026-04-03 09:56:21,2026-04-03 09:59:00,2026-04-03 10:12:00,2026-04-03 10:54:00,2026-04-03 22:21:05,False,Under Investigation,True,Analyst reviewed logs and confirmed activity with evidence archived.,MEDIUM,175,139
CSE-D,ALT-01506,ASSET-066,CRITICAL,Brute Force,2026-05-30 13:24:50,2026-05-30 13:35:39,2026-05-30 13:56:39,2026-05-30 18:34:44,2026-05-30 18:31:39,True,Benign True Positive,True,"Reviewed source IP, asset logs and correlated with previous alerts.",CRITICAL,147,159
CSE-D,ALT-01507,ASSET-060,LOW,Malware,2026-06-24 15:54:30,2026-06-24 16:00:42,2026-06-24 16:07:42,2026-06-24 16:59:45,2026-06-25 04:21:58,False,False Positive,True,Investigation completed; evidence recorded and escalated per playbook.,MEDIUM,111,109
CSE-C,ALT-01508,ASSET-094,LOW,Unauthorized Access,2026-01-18 11:09:04,2026-01-18 11:59:37,,,2026-01-18 12:30:03,False,True Positive,False,,MEDIUM,195,46
CSE-D,ALT-01509,ASSET-060,CRITICAL,Data Exfiltration,2026-01-08 16:03:16,2026-01-08 16:09:00,2026-01-08 16:29:00,2026-01-08 18:46:27,2026-01-09 03:49:39,False,False Positive,True,Analyst investigation performed; packet capture and EDR evidence attached.,CRITICAL,111,95
CSE-A,ALT-01510,ASSET-060,LOW,Data Exfiltration,2026-06-18 14:51:08,2026-06-18 15:19:05,2026-06-18 15:40:05,2026-06-18 19:20:56,2026-06-18 17:48:16,False,Benign True Positive,True,Alert correlated with threat intel; full timeline documented.,HIGH,157,168
CSE-C,ALT-01511,ASSET-091,LOW,Suspicious Login,2026-02-17 16:04:48,2026-02-17 16:22:04,2026-02-17 16:39:04,2026-02-17 16:49:52,2026-02-17 23:33:02,False,Benign True Positive,True,"Reviewed source IP, asset logs and correlated with previous alerts.",MEDIUM,145,43
CSE-A,ALT-01512,ASSET-085,HIGH,Data Exfiltration,2026-02-26 13:23:01,2026-02-26 13:44:46,2026-02-26 13:55:46,2026-02-26 18:26:16,2026-02-26 20:11:06,False,False Positive,True,Analyst reviewed logs and confirmed activity with evidence archived.,MEDIUM,87,89
CSE-B,ALT-01513,ASSET-093,LOW,Network Anomaly,2026-06-06 15:04:36,2026-06-06 15:22:20,2026-06-06 15:45:20,2026-06-06 16:58:44,2026-06-06 23:51:30,True,True Positive,True,"Reviewed source IP, asset logs and correlated with previous alerts.",MEDIUM,171,141
CSE-B,ALT-01514,ASSET-074,HIGH,Phishing,2026-01-19 09:06:11,2026-01-19 10:30:31,2026-01-19 10:50:31,2026-01-19 13:26:07,2026-01-19 19:00:20,False,False Positive,True,Alert correlated with threat intel; full timeline documented.,CRITICAL,161,155
CSE-C,ALT-01515,ASSET-059,MEDIUM,Brute Force,2026-05-25 04:59:16,2026-05-25 05:46:44,2026-05-25 05:49:44,2026-05-25 05:53:48,2026-05-25 11:51:57,False,Escalated to Tier-2,True,Alert correlated with threat intel; full timeline documented.,CRITICAL,180,57
CSE-C,ALT-01516,ASSET-006,HIGH,Network Anomaly,2026-04-21 11:44:23,2026-04-21 12:20:41,,,2026-04-21 14:25:54,False,True Positive,False,,HIGH,121,16
CSE-B,ALT-01517,ASSET-067,MEDIUM,Suspicious Login,2026-06-10 11:22:32,2026-06-10 12:26:46,,,2026-06-10 14:49:48,False,Benign True Positive,False,,HIGH,91,58
CSE-B,ALT-01518,ASSET-087,MEDIUM,Privilege Escalation,2026-03-16 11:32:11,2026-03-16 11:37:41,2026-03-16 11:40:41,2026-03-16 14:23:09,2026-03-16 21:30:59,True,False Positive,True,Analyst reviewed logs and confirmed activity with evidence archived.,CRITICAL,111,83
CSE-B,ALT-01519,ASSET-069,MEDIUM,Privilege Escalation,2026-01-17 14:35:22,2026-01-17 15:22:27,2026-01-17 15:23:27,2026-01-17 15:32:50,2026-01-17 16:25:59,True,False Positive,True,Analyst reviewed logs and confirmed activity with evidence archived.,MEDIUM,102,58
CSE-B,ALT-01520,ASSET-088,MEDIUM,Malware,2026-02-23 16:42:08,2026-02-23 17:03:23,2026-02-23 17:08:23,2026-02-23 20:00:56,2026-02-23 17:36:08,False,Benign True Positive,True,"Reviewed source IP, asset logs and correlated with previous alerts.",CRITICAL,140,90
CSE-C,ALT-01521,ASSET-055,MEDIUM,Brute Force,2026-04-22 04:49:54,2026-04-22 05:25:55,,,2026-04-22 13:12:21,False,False Positive,False,,MEDIUM,190,56
CSE-E,ALT-01522,ASSET-075,MEDIUM,Phishing,2026-01-03 09:01:16,2026-01-03 09:53:33,,,2026-01-03 10:37:57,True,False Positive,False,,HIGH,77,54
CSE-C,ALT-01523,ASSET-022,MEDIUM,Privilege Escalation,2026-05-22 14:37:46,2026-05-22 15:19:52,,,2026-05-22 16:53:29,False,Escalated to Tier-2,False,Closed quickly — no notes.,HIGH,165,22
CSE-A,ALT-01524,ASSET-032,MEDIUM,Privilege Escalation,2026-01-05 15:57:39,2026-01-05 16:18:24,2026-01-05 16:42:24,2026-01-05 18:36:31,2026-01-05 19:50:09,False,True Positive,True,Investigation completed; evidence recorded and escalated per playbook.,MEDIUM,97,98
CSE-A,ALT-01525,ASSET-077,HIGH,Data Exfiltration,2026-04-27 14:11:15,2026-04-27 14:25:13,2026-04-27 14:27:13,2026-04-27 17:18:44,2026-04-27 18:08:34,False,Benign True Positive,True,Alert correlated with threat intel; full timeline documented.,HIGH,178,136
CSE-C,ALT-01526,ASSET-036,MEDIUM,Privilege Escalation,2026-03-23 16:25:53,2026-03-23 16:38:22,2026-03-23 16:56:22,2026-03-23 17:15:56,2026-03-23 20:23:24,False,Escalated to Tier-2,True,"Reviewed source IP, asset logs and correlated with previous alerts.",HIGH,92,44
CSE-C,ALT-01527,ASSET-040,LOW,Privilege Escalation,2026-05-17 17:19:00,2026-05-17 18:05:48,,,2026-05-18 01:34:22,False,Under Investigation,False,,MEDIUM,106,17
CSE-C,ALT-01528,ASSET-057,LOW,Privilege Escalation,2026-06-27 22:33:46,2026-06-27 22:58:24,,,2026-06-28 02:05:11,False,Under Investigation,False,,HIGH,153,52
CSE-A,ALT-01529,ASSET-012,MEDIUM,Network Anomaly,2026-06-01 07:37:01,2026-06-01 08:01:20,2026-06-01 08:16:20,2026-06-01 12:01:29,2026-06-01 13:02:40,False,Benign True Positive,True,Alert correlated with threat intel; full timeline documented.,MEDIUM,80,75
CSE-E,ALT-01530,ASSET-035,MEDIUM,Malware,2026-01-28 22:30:59,2026-01-28 22:57:10,2026-01-28 23:04:10,2026-01-29 00:00:34,2026-01-29 05:46:13,True,False Positive,True,Analyst investigation performed; packet capture and EDR evidence attached.,HIGH,88,47
CSE-E,ALT-01531,ASSET-017,LOW,Data Exfiltration,2026-01-02 17:27:17,2026-01-02 18:22:14,2026-01-02 18:26:14,2026-01-02 19:35:00,2026-01-03 02:57:50,False,Under Investigation,True,Analyst investigation performed; packet capture and EDR evidence attached.,HIGH,154,107
CSE-B,ALT-01532,ASSET-099,HIGH,Network Anomaly,2026-05-19 23:05:22,2026-05-19 23:28:54,2026-05-19 23:49:54,2026-05-20 02:18:49,2026-05-20 08:43:19,False,True Positive,True,Analyst investigation performed; packet capture and EDR evidence attached.,MEDIUM,130,123
CSE-D,ALT-01533,ASSET-033,LOW,Malware,2026-05-26 09:04:30,2026-05-26 09:14:01,2026-05-26 09:34:01,2026-05-26 12:21:51,2026-05-26 15:34:30,False,Benign True Positive,True,Investigation completed; evidence recorded and escalated per playbook.,MEDIUM,119,98
CSE-D,ALT-01534,ASSET-034,MEDIUM,Suspicious Login,2026-04-20 14:51:18,2026-04-20 15:13:32,2026-04-20 15:28:32,2026-04-20 18:45:08,2026-04-21 03:58:57,True,Under Investigation,True,Analyst reviewed logs and confirmed activity with evidence archived.,CRITICAL,154,155
CSE-B,ALT-01535,ASSET-097,LOW,Privilege Escalation,2026-06-10 09:55:29,2026-06-10 11:18:14,,,2026-06-10 18:00:46,False,False Positive,False,Closed quickly — no notes.,CRITICAL,197,139
CSE-E,ALT-01536,ASSET-050,CRITICAL,Network Anomaly,2026-05-15 12:43:19,2026-05-15 14:14:21,2026-05-15 14:37:21,2026-05-15 15:35:24,2026-05-15 16:20:12,False,False Positive,True,Alert correlated with threat intel; full timeline documented.,CRITICAL,119,63
CSE-A,ALT-01537,ASSET-017,MEDIUM,Data Exfiltration,2026-04-10 11:32:12,2026-04-10 11:40:57,2026-04-10 11:51:57,2026-04-10 14:30:57,2026-04-10 15:39:23,False,Benign True Positive,True,"Reviewed source IP, asset logs and correlated with previous alerts.",MEDIUM,122,115
CSE-B,ALT-01538,ASSET-077,HIGH,Suspicious Login,2026-06-24 10:45:12,2026-06-24 11:10:41,2026-06-24 11:33:41,2026-06-24 14:30:26,2026-06-24 13:41:59,False,True Positive,True,Investigation completed; evidence recorded and escalated per playbook.,MEDIUM,118,68
CSE-B,ALT-01539,ASSET-006,HIGH,Network Anomaly,2026-01-20 14:37:56,2026-01-20 14:47:33,2026-01-20 14:59:33,2026-01-20 16:24:56,2026-01-20 22:59:35,False,True Positive,True,Investigation completed; evidence recorded and escalated per playbook.,HIGH,190,121
CSE-D,ALT-01540,ASSET-062,LOW,Phishing,2026-04-03 17:01:51,2026-04-03 17:15:58,2026-04-03 17:19:58,2026-04-03 22:17:34,2026-04-04 05:34:36,True,Benign True Positive,True,"Reviewed source IP, asset logs and correlated with previous alerts.",MEDIUM,176,182
CSE-C,ALT-01541,ASSET-048,CRITICAL,Unauthorized Access,2026-01-27 05:45:55,2026-01-27 05:56:53,,,2026-01-27 05:47:18,False,False Positive,False,Closed quickly — no notes.,HIGH,133,43
CSE-B,ALT-01542,ASSET-025,LOW,Data Exfiltration,2026-06-30 09:06:31,2026-06-30 10:15:02,2026-06-30 10:35:02,2026-06-30 13:32:21,2026-06-30 14:42:43,True,False Positive,True,"Reviewed source IP, asset logs and correlated with previous alerts.",HIGH,85,56
CSE-A,ALT-01543,ASSET-014,CRITICAL,Suspicious Login,2026-06-27 13:10:25,2026-06-27 13:30:49,,,2026-06-27 13:12:34,True,True Positive,False,Closed quickly — no notes.,HIGH,135,133
CSE-A,ALT-01544,ASSET-021,LOW,Brute Force,2026-03-29 11:56:02,2026-03-29 11:59:15,2026-03-29 12:06:15,2026-03-29 14:30:34,2026-03-29 13:17:44,False,False Positive,True,Analyst investigation performed; packet capture and EDR evidence attached.,MEDIUM,128,100
CSE-E,ALT-01545,ASSET-079,MEDIUM,Data Exfiltration,2026-06-25 20:04:47,2026-06-25 21:31:41,,,2026-06-26 00:38:17,False,Under Investigation,False,N/A,CRITICAL,70,53
CSE-A,ALT-01546,ASSET-007,MEDIUM,Suspicious Login,2026-02-14 01:26:55,2026-02-14 01:30:52,2026-02-14 01:35:52,2026-02-14 06:12:06,2026-02-14 09:51:39,False,False Positive,True,Alert correlated with threat intel; full timeline documented.,HIGH,159,152
CSE-E,ALT-01547,ASSET-007,MEDIUM,Network Anomaly,2026-02-12 04:57:03,2026-02-12 05:53:15,2026-02-12 06:16:15,2026-02-12 09:10:48,2026-02-12 07:39:25,False,Benign True Positive,True,Analyst reviewed logs and confirmed activity with evidence archived.,MEDIUM,136,84
CSE-C,ALT-01548,ASSET-034,HIGH,Privilege Escalation,2026-02-05 13:37:31,2026-02-05 14:04:31,,,2026-02-05 21:24:15,False,Under Investigation,False,Closed quickly — no notes.,HIGH,178,68
CSE-B,ALT-01549,ASSET-078,HIGH,Data Exfiltration,2026-04-26 13:16:30,2026-04-26 14:25:05,,,2026-04-26 15:09:33,True,Benign True Positive,False,Closed quickly — no notes.,CRITICAL,151,113
CSE-A,ALT-01550,ASSET-077,LOW,Brute Force,2026-02-06 17:32:32,2026-02-06 17:54:01,,,2026-02-07 03:57:20,True,False Positive,False,,CRITICAL,181,199
CSE-A,ALT-01551,ASSET-066,LOW,Unauthorized Access,2026-03-07 09:27:00,2026-03-07 09:39:12,2026-03-07 09:42:12,2026-03-07 14:21:39,2026-03-07 16:06:36,False,False Positive,True,Analyst reviewed logs and confirmed activity with evidence archived.,CRITICAL,105,86
CSE-D,ALT-01552,ASSET-088,MEDIUM,Network Anomaly,2026-05-28 21:42:04,2026-05-28 21:48:33,2026-05-28 21:55:33,2026-05-28 23:14:29,2026-05-29 11:48:21,False,True Positive,True,"Reviewed source IP, asset logs and correlated with previous alerts.",HIGH,127,125
CSE-A,ALT-01553,ASSET-093,LOW,Malware,2026-01-22 10:27:39,2026-01-22 10:47:22,2026-01-22 10:48:22,2026-01-22 15:30:50,2026-01-22 13:33:52,True,False Positive,True,Analyst reviewed logs and confirmed activity with evidence archived.,MEDIUM,142,145
CSE-C,ALT-01554,ASSET-020,CRITICAL,Network Anomaly,2026-04-30 09:56:30,2026-04-30 10:49:48,2026-04-30 10:57:48,2026-04-30 11:07:15,2026-04-30 17:24:16,False,Under Investigation,True,Analyst investigation performed; packet capture and EDR evidence attached.,CRITICAL,100,40
CSE-A,ALT-01555,ASSET-081,CRITICAL,Malware,2026-01-14 09:52:52,2026-01-14 09:58:23,,,2026-01-14 09:54:01,True,Under Investigation,False,Closed quickly — no notes.,CRITICAL,102,72
CSE-B,ALT-01556,ASSET-096,MEDIUM,Network Anomaly,2026-04-04 20:35:30,2026-04-04 21:15:11,2026-04-04 21:38:11,2026-04-05 00:30:53,2026-04-05 01:41:06,False,False Positive,True,Investigation completed; evidence recorded and escalated per playbook.,MEDIUM,149,94
CSE-C,ALT-01557,ASSET-059,CRITICAL,Phishing,2026-06-21 09:57:18,2026-06-21 10:03:43,2026-06-21 10:15:43,2026-06-21 10:42:29,2026-06-21 09:59:08,False,True Positive,True,"Reviewed source IP, asset logs and correlated with previous alerts.",MEDIUM,188,40
CSE-D,ALT-01558,ASSET-059,LOW,Unauthorized Access,2026-05-27 23:26:38,2026-05-27 23:43:02,2026-05-28 00:07:02,2026-05-28 03:34:51,2026-05-28 09:45:22,False,Under Investigation,True,Analyst reviewed logs and confirmed activity with evidence archived.,HIGH,164,130
CSE-E,ALT-01559,ASSET-087,HIGH,Unauthorized Access,2026-05-13 13:41:17,2026-05-13 15:01:56,2026-05-13 15:03:56,2026-05-13 16:03:48,2026-05-14 00:02:21,False,Under Investigation,True,Investigation completed; evidence recorded and escalated per playbook.,HIGH,135,70
CSE-E,ALT-01560,ASSET-090,MEDIUM,Unauthorized Access,2026-02-23 15:22:48,2026-02-23 15:59:08,2026-02-23 16:14:08,2026-02-23 18:50:14,2026-02-23 18:23:13,False,True Positive,True,Analyst reviewed logs and confirmed activity with evidence archived.,HIGH,88,72
CSE-D,ALT-01561,ASSET-026,MEDIUM,Privilege Escalation,2026-06-02 11:49:04,2026-06-02 11:58:26,2026-06-02 12:12:26,2026-06-02 13:27:58,2026-06-02 13:52:18,False,Benign True Positive,True,"Reviewed source IP, asset logs and correlated with previous alerts.",MEDIUM,168,184
CSE-A,ALT-01562,ASSET-074,LOW,Malware,2026-02-09 16:08:16,2026-02-09 16:14:38,2026-02-09 16:30:38,2026-02-09 17:53:38,2026-02-09 22:38:56,False,True Positive,True,Investigation completed; evidence recorded and escalated per playbook.,HIGH,193,210
CSE-A,ALT-01563,ASSET-059,LOW,Suspicious Login,2026-01-17 09:37:30,2026-01-17 10:00:46,2026-01-17 10:18:46,2026-01-17 12:57:14,2026-01-17 17:20:46,False,False Positive,True,Investigation completed; evidence recorded and escalated per playbook.,MEDIUM,141,140
CSE-D,ALT-01564,ASSET-055,LOW,Suspicious Login,2026-01-21 10:20:29,2026-01-21 10:28:00,2026-01-21 10:30:00,2026-01-21 13:03:22,2026-01-21 22:04:53,False,False Positive,True,"Reviewed source IP, asset logs and correlated with previous alerts.",HIGH,144,140
CSE-D,ALT-01565,ASSET-018,MEDIUM,Network Anomaly,2026-05-01 13:45:21,2026-05-01 14:03:37,2026-05-01 14:28:37,2026-05-01 17:13:41,2026-05-01 19:47:37,True,Benign True Positive,True,"Reviewed source IP, asset logs and correlated with previous alerts.",MEDIUM,154,166
CSE-D,ALT-01566,ASSET-036,LOW,Malware,2026-06-26 16:25:11,2026-06-26 16:49:40,2026-06-26 16:52:40,2026-06-26 18:53:56,2026-06-26 22:05:13,False,True Positive,True,Alert correlated with threat intel; full timeline documented.,MEDIUM,147,127
CSE-D,ALT-01567,ASSET-060,MEDIUM,Unauthorized Access,2026-06-21 11:01:58,2026-06-21 11:06:21,2026-06-21 11:19:21,2026-06-21 12:44:06,2026-06-22 00:05:19,True,Under Investigation,True,"Reviewed source IP, asset logs and correlated with previous alerts.",CRITICAL,133,117
CSE-E,ALT-01568,ASSET-084,CRITICAL,Privilege Escalation,2026-03-01 09:35:08,2026-03-01 11:10:16,2026-03-01 11:20:16,2026-03-01 12:26:31,2026-03-01 19:05:59,True,Under Investigation,True,Analyst reviewed logs and confirmed activity with evidence archived.,MEDIUM,87,62
CSE-B,ALT-01569,ASSET-063,HIGH,Network Anomaly,2026-04-01 10:04:51,2026-04-01 10:22:59,2026-04-01 10:29:59,2026-04-01 12:54:43,2026-04-01 19:16:33,False,False Positive,True,Analyst reviewed logs and confirmed activity with evidence archived.,HIGH,82,75
CSE-A,ALT-01570,ASSET-071,HIGH,Phishing,2026-03-30 17:42:21,2026-03-30 18:00:46,2026-03-30 18:12:46,2026-03-30 22:09:06,2026-03-30 20:07:19,False,True Positive,True,Investigation completed; evidence recorded and escalated per playbook.,MEDIUM,102,84
CSE-B,ALT-01571,ASSET-089,LOW,Unauthorized Access,2026-04-21 14:23:53,2026-04-21 15:47:10,2026-04-21 16:10:10,2026-04-21 18:50:43,2026-04-21 19:16:44,False,True Positive,True,Investigation completed; evidence recorded and escalated per playbook.,MEDIUM,143,99
CSE-C,ALT-01572,ASSET-038,CRITICAL,Data Exfiltration,2026-01-21 11:51:52,2026-01-21 12:32:26,,,2026-01-21 11:54:05,False,False Positive,False,Closed quickly — no notes.,CRITICAL,185,59
CSE-B,ALT-01573,ASSET-011,MEDIUM,Privilege Escalation,2026-02-17 16:53:47,2026-02-17 17:46:48,2026-02-17 17:51:48,2026-02-17 17:58:20,2026-02-18 01:56:23,False,True Positive,True,Alert correlated with threat intel; full timeline documented.,MEDIUM,71,55
CSE-E,ALT-01574,ASSET-023,HIGH,Data Exfiltration,2026-03-10 14:55:52,2026-03-10 16:52:40,,,2026-03-10 23:35:10,False,Under Investigation,False,N/A,CRITICAL,103,83
CSE-D,ALT-01575,ASSET-017,MEDIUM,Malware,2026-01-15 12:38:21,2026-01-15 12:56:43,2026-01-15 13:12:43,2026-01-15 15:18:46,2026-01-16 03:11:12,True,Benign True Positive,True,"Reviewed source IP, asset logs and correlated with previous alerts.",CRITICAL,124,131
CSE-A,ALT-01576,ASSET-059,HIGH,Suspicious Login,2026-03-07 11:36:21,2026-03-07 11:48:42,2026-03-07 12:02:42,2026-03-07 16:44:20,2026-03-07 22:26:32,False,Escalated to Tier-2,True,"Reviewed source IP, asset logs and correlated with previous alerts.",HIGH,117,93
CSE-D,ALT-01577,ASSET-039,LOW,Brute Force,2026-04-03 14:22:40,2026-04-03 14:34:05,2026-04-03 14:49:05,2026-04-03 17:03:38,2026-04-04 05:00:00,False,Benign True Positive,True,Alert correlated with threat intel; full timeline documented.,MEDIUM,115,107
CSE-D,ALT-01578,ASSET-085,MEDIUM,Data Exfiltration,2026-02-23 12:02:39,2026-02-23 12:07:23,2026-02-23 12:25:23,2026-02-23 15:29:45,2026-02-23 21:04:21,False,True Positive,True,Analyst investigation performed; packet capture and EDR evidence attached.,MEDIUM,194,166
CSE-E,ALT-01579,ASSET-017,HIGH,Privilege Escalation,2026-05-30 23:07:53,2026-05-30 23:48:03,2026-05-30 23:50:03,2026-05-31 01:59:29,2026-05-31 09:41:41,False,True Positive,True,Analyst reviewed logs and confirmed activity with evidence archived.,MEDIUM,82,42
CSE-E,ALT-01580,ASSET-080,MEDIUM,Brute Force,2026-03-03 17:36:31,2026-03-03 17:53:26,,,2026-03-04 03:35:40,False,False Positive,False,,CRITICAL,89,46
CSE-A,ALT-01581,ASSET-041,LOW,Privilege Escalation,2026-02-25 13:46:53,2026-02-25 14:14:05,2026-02-25 14:29:05,2026-02-25 14:54:13,2026-02-25 23:21:15,False,False Positive,True,Alert correlated with threat intel; full timeline documented.,MEDIUM,126,126
CSE-E,ALT-01582,ASSET-050,HIGH,Phishing,2026-04-01 11:37:36,2026-04-01 12:26:15,2026-04-01 12:38:15,2026-04-01 12:50:12,2026-04-01 18:23:12,False,Benign True Positive,True,Investigation completed; evidence recorded and escalated per playbook.,CRITICAL,91,56
CSE-E,ALT-01583,ASSET-065,HIGH,Phishing,2026-01-20 14:53:10,2026-01-20 16:26:30,2026-01-20 16:48:30,2026-01-20 18:26:39,2026-01-21 00:36:27,False,False Positive,True,Analyst reviewed logs and confirmed activity with evidence archived.,CRITICAL,89,54
CSE-A,ALT-01584,ASSET-081,LOW,Suspicious Login,2026-01-24 15:23:31,2026-01-24 15:35:16,2026-01-24 15:40:16,2026-01-24 16:26:07,2026-01-24 17:02:06,False,True Positive,True,"Reviewed source IP, asset logs and correlated with previous alerts.",HIGH,159,170
CSE-B,ALT-01585,ASSET-037,CRITICAL,Suspicious Login,2026-03-18 06:26:52,2026-03-18 07:18:35,,,2026-03-18 09:22:25,True,Escalated to Tier-2,False,,CRITICAL,121,115
CSE-B,ALT-01586,ASSET-008,HIGH,Malware,2026-05-28 12:00:51,2026-05-28 12:17:43,2026-05-28 12:19:43,2026-05-28 13:57:28,2026-05-28 18:50:13,False,False Positive,True,"Reviewed source IP, asset logs and correlated with previous alerts.",MEDIUM,142,132
CSE-E,ALT-01587,ASSET-095,LOW,Brute Force,2026-02-04 22:22:15,2026-02-05 00:22:24,2026-02-05 00:36:24,2026-02-05 00:43:29,2026-02-05 02:17:14,False,Under Investigation,True,Analyst investigation performed; packet capture and EDR evidence attached.,MEDIUM,129,74
CSE-C,ALT-01588,ASSET-017,HIGH,Data Exfiltration,2026-02-24 16:22:44,2026-02-24 16:35:41,,,2026-02-24 20:27:46,False,False Positive,False,N/A,CRITICAL,104,14
CSE-E,ALT-01589,ASSET-009,CRITICAL,Data Exfiltration,2026-05-09 12:49:02,2026-05-09 13:05:20,2026-05-09 13:15:20,2026-05-09 15:43:22,2026-05-09 14:21:55,False,False Positive,True,"Reviewed source IP, asset logs and correlated with previous alerts.",HIGH,147,110
CSE-B,ALT-01590,ASSET-098,CRITICAL,Brute Force,2026-06-23 09:36:32,2026-06-23 10:00:36,2026-06-23 10:07:36,2026-06-23 11:35:01,2026-06-23 14:01:42,False,True Positive,True,Analyst investigation performed; packet capture and EDR evidence attached.,HIGH,172,127
CSE-A,ALT-01591,ASSET-004,LOW,Brute Force,2026-01-03 07:25:44,2026-01-03 07:45:41,2026-01-03 08:05:41,2026-01-03 09:19:37,2026-01-03 16:40:59,True,Under Investigation,True,Analyst investigation performed; packet capture and EDR evidence attached.,CRITICAL,172,138
CSE-A,ALT-01592,ASSET-092,LOW,Data Exfiltration,2026-03-11 08:59:37,2026-03-11 09:13:04,2026-03-11 09:29:04,2026-03-11 10:23:20,2026-03-11 18:04:53,False,True Positive,True,Analyst investigation performed; packet capture and EDR evidence attached.,HIGH,124,122
CSE-C,ALT-01593,ASSET-086,MEDIUM,Network Anomaly,2026-02-08 15:26:48,2026-02-08 16:15:01,2026-02-08 16:16:01,2026-02-08 16:44:13,2026-02-08 22:03:33,False,True Positive,True,Alert correlated with threat intel; full timeline documented.,MEDIUM,188,25
CSE-A,ALT-01594,ASSET-092,LOW,Unauthorized Access,2026-02-22 15:48:55,2026-02-22 16:04:56,2026-02-22 16:24:56,2026-02-22 19:03:21,2026-02-22 23:36:21,False,True Positive,True,Analyst investigation performed; packet capture and EDR evidence attached.,CRITICAL,178,150
CSE-A,ALT-01595,ASSET-004,CRITICAL,Brute Force,2026-06-24 09:09:50,2026-06-24 09:12:27,2026-06-24 09:15:27,2026-06-24 11:51:08,2026-06-24 13:19:42,True,True Positive,True,Analyst reviewed logs and confirmed activity with evidence archived.,CRITICAL,193,182
CSE-C,ALT-01596,ASSET-042,HIGH,Data Exfiltration,2026-06-09 05:50:15,2026-06-09 06:20:36,,,2026-06-09 13:51:12,False,True Positive,False,,MEDIUM,197,86
CSE-C,ALT-01597,ASSET-100,HIGH,Privilege Escalation,2026-03-12 10:55:13,2026-03-12 11:36:02,2026-03-12 11:55:02,2026-03-12 12:10:52,2026-03-12 13:46:00,False,Escalated to Tier-2,True,Analyst reviewed logs and confirmed activity with evidence archived.,MEDIUM,144,49
CSE-B,ALT-01598,ASSET-036,MEDIUM,Network Anomaly,2026-02-20 12:17:09,2026-02-20 12:52:43,2026-02-20 13:01:43,2026-02-20 14:07:09,2026-02-20 20:52:06,False,False Positive,True,Investigation completed; evidence recorded and escalated per playbook.,HIGH,192,177
CSE-A,ALT-01599,ASSET-001,MEDIUM,Network Anomaly,2026-01-23 15:49:14,2026-01-23 15:54:43,2026-01-23 16:00:43,2026-01-23 20:02:13,2026-01-23 17:17:50,False,False Positive,True,Alert correlated with threat intel; full timeline documented.,HIGH,94,94
CSE-C,ALT-01600,ASSET-050,MEDIUM,Privilege Escalation,2026-04-23 10:55:45,2026-04-23 11:16:30,2026-04-23 11:29:30,2026-04-23 11:59:34,2026-04-23 15:09:04,False,True Positive,True,Analyst reviewed logs and confirmed activity with evidence archived.,MEDIUM,200,38
CSE-A,ALT-01601,ASSET-049,CRITICAL,Suspicious Login,2026-04-13 09:22:50,2026-04-13 09:35:11,2026-04-13 09:56:11,2026-04-13 12:29:35,2026-04-13 13:19:58,False,Escalated to Tier-2,True,Investigation completed; evidence recorded and escalated per playbook.,CRITICAL,188,201
CSE-D,ALT-01602,ASSET-001,MEDIUM,Phishing,2026-01-07 13:39:40,2026-01-07 14:03:00,2026-01-07 14:14:00,2026-01-07 17:30:43,2026-01-08 04:29:27,True,True Positive,True,Alert correlated with threat intel; full timeline documented.,MEDIUM,91,89
CSE-B,ALT-01603,ASSET-099,HIGH,Suspicious Login,2026-02-26 12:50:51,2026-02-26 14:11:21,,,2026-02-26 16:50:05,True,Under Investigation,False,N/A,HIGH,123,89
CSE-B,ALT-01604,ASSET-070,MEDIUM,Malware,2026-05-29 16:41:01,2026-05-29 18:00:13,2026-05-29 18:25:13,2026-05-29 21:04:49,2026-05-30 01:26:56,False,False Positive,True,Analyst reviewed logs and confirmed activity with evidence archived.,CRITICAL,118,83
CSE-A,ALT-01605,ASSET-091,HIGH,Phishing,2026-05-24 17:05:52,2026-05-24 17:21:54,2026-05-24 17:35:54,2026-05-24 19:19:45,2026-05-25 03:51:15,False,False Positive,True,Alert correlated with threat intel; full timeline documented.,CRITICAL,183,148
CSE-C,ALT-01606,ASSET-056,HIGH,Unauthorized Access,2026-04-20 14:00:08,2026-04-20 14:54:13,,,2026-04-20 19:18:06,False,Escalated to Tier-2,False,N/A,CRITICAL,133,18
CSE-A,ALT-01607,ASSET-092,HIGH,Brute Force,2026-06-15 06:59:17,2026-06-15 07:10:46,2026-06-15 07:20:46,2026-06-15 10:19:23,2026-06-15 11:55:06,False,Under Investigation,True,"Reviewed source IP, asset logs and correlated with previous alerts.",CRITICAL,109,114
CSE-C,ALT-01608,ASSET-010,LOW,Network Anomaly,2026-01-24 09:47:03,2026-01-24 09:53:31,2026-01-24 10:11:31,2026-01-24 10:16:39,2026-01-24 12:39:11,False,Benign True Positive,True,Analyst investigation performed; packet capture and EDR evidence attached.,MEDIUM,120,13
CSE-E,ALT-01609,ASSET-070,HIGH,Phishing,2026-01-24 13:55:11,2026-01-24 15:20:56,,,2026-01-24 21:06:41,False,True Positive,False,,CRITICAL,124,84
CSE-E,ALT-01610,ASSET-092,LOW,Privilege Escalation,2026-04-14 11:07:42,2026-04-14 11:38:45,,,2026-04-14 17:37:09,False,False Positive,False,Closed quickly — no notes.,HIGH,91,56
CSE-B,ALT-01611,ASSET-039,LOW,Brute Force,2026-05-15 15:59:02,2026-05-15 17:10:52,2026-05-15 17:13:52,2026-05-15 17:19:23,2026-05-15 19:43:59,False,True Positive,True,Analyst investigation performed; packet capture and EDR evidence attached.,MEDIUM,135,92
CSE-A,ALT-01612,ASSET-070,LOW,Data Exfiltration,2026-01-16 15:36:23,2026-01-16 16:03:42,2026-01-16 16:28:42,2026-01-16 19:18:37,2026-01-16 20:26:28,False,Benign True Positive,True,Alert correlated with threat intel; full timeline documented.,MEDIUM,177,150
CSE-B,ALT-01613,ASSET-021,MEDIUM,Network Anomaly,2026-03-16 17:27:29,2026-03-16 17:32:32,2026-03-16 17:50:32,2026-03-16 18:26:12,2026-03-16 23:50:47,False,Escalated to Tier-2,True,"Reviewed source IP, asset logs and correlated with previous alerts.",CRITICAL,77,56
CSE-B,ALT-01614,ASSET-098,HIGH,Malware,2026-06-07 15:55:26,2026-06-07 16:02:35,2026-06-07 16:14:35,2026-06-07 17:12:10,2026-06-07 22:42:04,True,False Positive,True,"Reviewed source IP, asset logs and correlated with previous alerts.",MEDIUM,104,92
CSE-A,ALT-01615,ASSET-092,HIGH,Network Anomaly,2026-01-03 20:15:53,2026-01-03 20:18:21,2026-01-03 20:26:21,2026-01-04 00:50:54,2026-01-04 06:04:01,False,Benign True Positive,True,Analyst reviewed logs and confirmed activity with evidence archived.,MEDIUM,135,140
CSE-B,ALT-01616,ASSET-053,HIGH,Network Anomaly,2026-06-30 17:47:15,2026-06-30 18:26:47,2026-06-30 18:31:47,2026-06-30 21:29:31,2026-07-01 03:20:33,False,False Positive,True,Alert correlated with threat intel; full timeline documented.,MEDIUM,115,91
CSE-A,ALT-01617,ASSET-014,LOW,Phishing,2026-06-22 11:36:25,2026-06-22 11:48:53,2026-06-22 12:04:53,2026-06-22 15:42:16,2026-06-22 14:05:42,False,True Positive,True,Investigation completed; evidence recorded and escalated per playbook.,HIGH,155,132
CSE-E,ALT-01618,ASSET-085,HIGH,Malware,2026-02-19 11:15:48,2026-02-19 11:39:51,2026-02-19 11:45:51,2026-02-19 13:32:30,2026-02-19 13:04:04,False,Under Investigation,True,"Reviewed source IP, asset logs and correlated with previous alerts.",MEDIUM,135,79
CSE-D,ALT-01619,ASSET-020,HIGH,Malware,2026-06-06 01:07:29,2026-06-06 01:18:18,2026-06-06 01:42:18,2026-06-06 05:12:32,2026-06-06 03:46:45,False,True Positive,True,Investigation completed; evidence recorded and escalated per playbook.,CRITICAL,131,133
CSE-A,ALT-01620,ASSET-056,HIGH,Data Exfiltration,2026-05-04 19:37:37,2026-05-04 19:39:40,2026-05-04 19:51:40,2026-05-04 21:54:05,2026-05-05 06:39:39,True,True Positive,True,Alert correlated with threat intel; full timeline documented.,CRITICAL,113,92
CSE-C,ALT-01621,ASSET-075,MEDIUM,Suspicious Login,2026-05-14 11:23:57,2026-05-14 12:15:50,,,2026-05-14 16:50:33,False,False Positive,False,,CRITICAL,94,17
CSE-D,ALT-01622,ASSET-098,LOW,Malware,2026-01-02 14:19:09,2026-01-02 14:41:22,2026-01-02 14:43:22,2026-01-02 16:43:09,2026-01-02 15:52:39,True,True Positive,True,Alert correlated with threat intel; full timeline documented.,CRITICAL,95,96
CSE-E,ALT-01623,ASSET-068,HIGH,Phishing,2026-04-04 10:24:08,2026-04-04 11:15:49,2026-04-04 11:33:49,2026-04-04 14:19:48,2026-04-04 16:16:18,False,True Positive,True,Analyst reviewed logs and confirmed activity with evidence archived.,MEDIUM,165,128
CSE-A,ALT-01624,ASSET-070,MEDIUM,Unauthorized Access,2026-05-27 09:16:57,2026-05-27 09:39:37,2026-05-27 09:51:37,2026-05-27 13:08:56,2026-05-27 12:51:43,False,Benign True Positive,True,Investigation completed; evidence recorded and escalated per playbook.,MEDIUM,139,131
CSE-D,ALT-01625,ASSET-072,HIGH,Privilege Escalation,2026-02-22 16:41:12,2026-02-22 17:03:50,2026-02-22 17:20:50,2026-02-22 20:41:29,2026-02-22 22:33:36,False,False Positive,True,"Reviewed source IP, asset logs and correlated with previous alerts.",CRITICAL,182,173
CSE-E,ALT-01626,ASSET-054,MEDIUM,Network Anomaly,2026-06-23 12:42:43,2026-06-23 13:14:48,2026-06-23 13:15:48,2026-06-23 14:20:58,2026-06-23 22:22:11,False,Under Investigation,True,Analyst reviewed logs and confirmed activity with evidence archived.,MEDIUM,162,128
CSE-A,ALT-01627,ASSET-073,HIGH,Malware,2026-04-12 17:56:25,2026-04-12 18:19:07,2026-04-12 18:32:07,2026-04-12 22:41:21,2026-04-13 03:30:33,False,Under Investigation,True,Investigation completed; evidence recorded and escalated per playbook.,HIGH,148,130
CSE-E,ALT-01628,ASSET-098,MEDIUM,Brute Force,2026-01-01 14:42:11,2026-01-01 15:26:20,,,2026-01-01 18:43:29,False,False Positive,False,Closed quickly — no notes.,HIGH,183,107
CSE-D,ALT-01629,ASSET-010,HIGH,Phishing,2026-06-07 13:55:00,2026-06-07 14:03:35,2026-06-07 14:14:35,2026-06-07 16:56:01,2026-06-07 22:29:24,False,False Positive,True,Investigation completed; evidence recorded and escalated per playbook.,HIGH,145,130
CSE-A,ALT-01630,ASSET-024,HIGH,Brute Force,2026-01-05 16:58:13,2026-01-05 17:12:55,2026-01-05 17:34:55,2026-01-05 19:15:17,2026-01-06 05:10:45,False,Benign True Positive,True,Alert correlated with threat intel; full timeline documented.,CRITICAL,173,145
CSE-D,ALT-01631,ASSET-093,HIGH,Data Exfiltration,2026-06-03 14:32:42,2026-06-03 14:46:42,2026-06-03 15:05:42,2026-06-03 16:23:44,2026-06-03 15:57:01,False,False Positive,True,Analyst investigation performed; packet capture and EDR evidence attached.,MEDIUM,82,81
CSE-B,ALT-01632,ASSET-056,HIGH,Phishing,2026-04-25 19:02:56,2026-04-25 20:21:36,2026-04-25 20:43:36,2026-04-25 22:49:08,2026-04-26 03:03:16,False,True Positive,True,Investigation completed; evidence recorded and escalated per playbook.,MEDIUM,75,61
CSE-A,ALT-01633,ASSET-028,LOW,Phishing,2026-06-18 10:50:00,2026-06-18 11:01:22,2026-06-18 11:09:22,2026-06-18 13:43:48,2026-06-18 21:35:15,False,Escalated to Tier-2,True,Alert correlated with threat intel; full timeline documented.,MEDIUM,109,105
CSE-A,ALT-01634,ASSET-057,LOW,Privilege Escalation,2026-02-03 09:30:42,2026-02-03 09:43:06,2026-02-03 09:46:06,2026-02-03 14:44:18,2026-02-03 19:43:57,False,Benign True Positive,True,Alert correlated with threat intel; full timeline documented.,CRITICAL,147,160
CSE-E,ALT-01635,ASSET-021,HIGH,Network Anomaly,2026-03-12 13:30:22,2026-03-12 13:41:00,,,2026-03-12 19:32:39,False,True Positive,False,N/A,MEDIUM,84,37
CSE-E,ALT-01636,ASSET-023,LOW,Unauthorized Access,2026-03-13 11:49:16,2026-03-13 12:22:35,,,2026-03-13 18:53:51,False,Benign True Positive,False,,MEDIUM,117,96
CSE-C,ALT-01637,ASSET-008,HIGH,Data Exfiltration,2026-05-10 09:05:33,2026-05-10 09:40:35,2026-05-10 09:50:35,2026-05-10 10:06:14,2026-05-10 13:16:02,True,False Positive,True,Investigation completed; evidence recorded and escalated per playbook.,CRITICAL,141,29
CSE-D,ALT-01638,ASSET-041,MEDIUM,Brute Force,2026-06-18 10:23:27,2026-06-18 10:27:38,2026-06-18 10:38:38,2026-06-18 11:16:26,2026-06-18 23:52:14,False,False Positive,True,"Reviewed source IP, asset logs and correlated with previous alerts.",MEDIUM,150,157
CSE-A,ALT-01639,ASSET-001,MEDIUM,Malware,2026-01-11 10:19:07,2026-01-11 10:31:40,2026-01-11 10:38:40,2026-01-11 12:44:03,2026-01-11 20:33:06,False,Benign True Positive,True,"Reviewed source IP, asset logs and correlated with previous alerts.",CRITICAL,108,100
CSE-A,ALT-01640,ASSET-012,LOW,Malware,2026-02-12 17:13:12,2026-02-12 17:40:45,2026-02-12 17:41:45,2026-02-12 18:31:56,2026-02-13 00:28:39,False,Escalated to Tier-2,True,Investigation completed; evidence recorded and escalated per playbook.,MEDIUM,151,121
CSE-A,ALT-01641,ASSET-029,MEDIUM,Brute Force,2026-02-18 21:20:50,2026-02-18 21:46:13,2026-02-18 21:58:13,2026-02-19 01:05:20,2026-02-19 00:08:55,False,Under Investigation,True,Analyst investigation performed; packet capture and EDR evidence attached.,MEDIUM,153,138
CSE-A,ALT-01642,ASSET-072,MEDIUM,Network Anomaly,2026-01-20 09:11:41,2026-01-20 09:23:20,,,2026-01-20 13:37:05,True,Under Investigation,False,N/A,MEDIUM,180,188
CSE-A,ALT-01643,ASSET-099,MEDIUM,Brute Force,2026-06-03 11:37:37,2026-06-03 11:46:50,2026-06-03 11:49:50,2026-06-03 13:44:07,2026-06-03 18:33:00,False,True Positive,True,Analyst investigation performed; packet capture and EDR evidence attached.,MEDIUM,85,81
CSE-D,ALT-01644,ASSET-024,LOW,Brute Force,2026-05-01 17:54:35,2026-05-01 18:07:59,2026-05-01 18:22:59,2026-05-01 20:48:33,2026-05-02 01:45:24,True,Benign True Positive,True,Analyst reviewed logs and confirmed activity with evidence archived.,MEDIUM,180,193
CSE-A,ALT-01645,ASSET-070,MEDIUM,Malware,2026-04-10 15:19:04,2026-04-10 15:34:24,2026-04-10 15:37:24,2026-04-10 17:18:31,2026-04-11 01:46:51,True,Benign True Positive,True,Analyst reviewed logs and confirmed activity with evidence archived.,CRITICAL,95,90
CSE-B,ALT-01646,ASSET-037,LOW,Data Exfiltration,2026-02-20 14:32:22,2026-02-20 15:52:17,2026-02-20 16:17:17,2026-02-20 18:28:54,2026-02-20 17:22:44,False,True Positive,True,"Reviewed source IP, asset logs and correlated with previous alerts.",MEDIUM,157,127
CSE-E,ALT-01647,ASSET-012,MEDIUM,Brute Force,2026-01-06 13:12:40,2026-01-06 13:31:16,,,2026-01-06 14:45:34,False,False Positive,False,N/A,CRITICAL,82,65
CSE-A,ALT-01648,ASSET-014,MEDIUM,Unauthorized Access,2026-03-12 23:31:56,2026-03-12 23:51:45,2026-03-13 00:00:45,2026-03-13 03:44:38,2026-03-13 09:51:29,True,Benign True Positive,True,Analyst reviewed logs and confirmed activity with evidence archived.,CRITICAL,182,183
CSE-C,ALT-01649,ASSET-017,HIGH,Privilege Escalation,2026-03-09 15:00:01,2026-03-09 15:53:26,2026-03-09 16:15:26,2026-03-09 16:43:20,2026-03-09 23:18:24,False,True Positive,True,Investigation completed; evidence recorded and escalated per playbook.,MEDIUM,148,33
CSE-D,ALT-01650,ASSET-080,MEDIUM,Data Exfiltration,2026-06-25 14:56:36,2026-06-25 15:18:38,2026-06-25 15:23:38,2026-06-25 17:58:43,2026-06-25 18:45:20,False,True Positive,True,Investigation completed; evidence recorded and escalated per playbook.,HIGH,199,214
CSE-D,ALT-01651,ASSET-051,LOW,Suspicious Login,2026-03-22 23:01:48,2026-03-22 23:24:22,2026-03-22 23:37:22,2026-03-23 03:12:00,2026-03-23 10:39:13,False,True Positive,True,Analyst reviewed logs and confirmed activity with evidence archived.,MEDIUM,116,111
CSE-D,ALT-01652,ASSET-098,HIGH,Phishing,2026-06-22 17:51:20,2026-06-22 18:12:18,2026-06-22 18:34:18,2026-06-22 22:07:26,2026-06-23 08:57:46,False,True Positive,True,Analyst investigation performed; packet capture and EDR evidence attached.,HIGH,97,102
CSE-D,ALT-01653,ASSET-064,MEDIUM,Data Exfiltration,2026-03-20 11:10:17,2026-03-20 11:25:13,2026-03-20 11:46:13,2026-03-20 15:32:43,2026-03-20 14:32:38,False,True Positive,True,Analyst reviewed logs and confirmed activity with evidence archived.,MEDIUM,185,179
CSE-B,ALT-01654,ASSET-096,CRITICAL,Privilege Escalation,2026-05-08 07:02:05,2026-05-08 07:25:25,2026-05-08 07:31:25,2026-05-08 08:27:46,2026-05-08 14:35:18,True,False Positive,True,"Reviewed source IP, asset logs and correlated with previous alerts.",MEDIUM,149,113
CSE-D,ALT-01655,ASSET-053,HIGH,Privilege Escalation,2026-01-15 11:33:00,2026-01-15 11:55:23,2026-01-15 12:03:23,2026-01-15 15:07:35,2026-01-15 16:08:09,True,True Positive,True,Analyst reviewed logs and confirmed activity with evidence archived.,CRITICAL,158,175
CSE-B,ALT-01656,ASSET-093,HIGH,Suspicious Login,2026-03-04 11:06:00,2026-03-04 12:28:05,,,2026-03-04 17:36:03,False,Benign True Positive,False,N/A,CRITICAL,140,132
CSE-A,ALT-01657,ASSET-039,HIGH,Malware,2026-05-18 16:34:32,2026-05-18 16:43:48,2026-05-18 16:50:48,2026-05-18 21:04:44,2026-05-19 03:34:36,False,Benign True Positive,True,Alert correlated with threat intel; full timeline documented.,CRITICAL,99,73
CSE-D,ALT-01658,ASSET-088,LOW,Suspicious Login,2026-02-28 17:23:39,2026-02-28 17:44:34,2026-02-28 18:08:34,2026-02-28 22:47:39,2026-02-28 20:36:15,True,True Positive,True,Analyst investigation performed; packet capture and EDR evidence attached.,HIGH,99,101
CSE-D,ALT-01659,ASSET-028,MEDIUM,Network Anomaly,2026-05-13 14:51:51,2026-05-13 15:00:34,2026-05-13 15:17:34,2026-05-13 19:35:02,2026-05-14 05:15:29,False,True Positive,True,Investigation completed; evidence recorded and escalated per playbook.,MEDIUM,118,114
CSE-B,ALT-01660,ASSET-071,HIGH,Network Anomaly,2026-06-10 14:18:18,2026-06-10 14:46:26,2026-06-10 14:53:26,2026-06-10 16:21:33,2026-06-10 23:13:59,False,Under Investigation,True,Analyst reviewed logs and confirmed activity with evidence archived.,CRITICAL,81,75
CSE-C,ALT-01661,ASSET-064,HIGH,Suspicious Login,2026-05-11 05:25:00,2026-05-11 05:42:28,2026-05-11 05:56:28,2026-05-11 06:11:26,2026-05-11 12:04:30,False,Under Investigation,True,Alert correlated with threat intel; full timeline documented.,CRITICAL,180,77
CSE-D,ALT-01662,ASSET-051,CRITICAL,Suspicious Login,2026-01-15 14:20:13,2026-01-15 14:24:56,2026-01-15 14:31:56,2026-01-15 18:06:31,2026-01-15 17:10:19,False,Benign True Positive,True,Investigation completed; evidence recorded and escalated per playbook.,CRITICAL,84,77
CSE-A,ALT-01663,ASSET-060,HIGH,Phishing,2026-02-26 11:04:00,2026-02-26 11:31:24,2026-02-26 11:41:24,2026-02-26 14:58:33,2026-02-26 22:27:48,False,False Positive,True,Analyst investigation performed; packet capture and EDR evidence attached.,HIGH,199,159
CSE-E,ALT-01664,ASSET-060,LOW,Network Anomaly,2026-01-25 23:19:54,2026-01-26 00:11:08,2026-01-26 00:19:08,2026-01-26 01:34:58,2026-01-26 08:17:18,False,Under Investigation,True,Analyst investigation performed; packet capture and EDR evidence attached.,CRITICAL,76,55
CSE-C,ALT-01665,ASSET-012,CRITICAL,Phishing,2026-06-03 15:13:47,2026-06-03 16:00:21,,,2026-06-03 21:40:25,False,Under Investigation,False,N/A,CRITICAL,141,14
CSE-A,ALT-01666,ASSET-028,MEDIUM,Suspicious Login,2026-05-08 12:42:29,2026-05-08 12:58:27,2026-05-08 13:03:27,2026-05-08 17:30:24,2026-05-08 23:41:22,True,Escalated to Tier-2,True,Investigation completed; evidence recorded and escalated per playbook.,CRITICAL,101,86
CSE-C,ALT-01667,ASSET-051,CRITICAL,Malware,2026-04-23 16:41:13,2026-04-23 17:25:20,,,2026-04-24 00:03:16,False,False Positive,False,N/A,CRITICAL,150,65
CSE-C,ALT-01668,ASSET-020,CRITICAL,Malware,2026-02-26 16:00:55,2026-02-26 16:50:17,2026-02-26 16:51:17,2026-02-26 17:14:45,2026-02-26 18:21:27,False,Under Investigation,True,Alert correlated with threat intel; full timeline documented.,CRITICAL,190,80
CSE-B,ALT-01669,ASSET-039,CRITICAL,Data Exfiltration,2026-05-09 11:48:30,2026-05-09 13:05:20,2026-05-09 13:20:20,2026-05-09 13:59:47,2026-05-09 17:15:58,True,Under Investigation,True,Investigation completed; evidence recorded and escalated per playbook.,CRITICAL,180,145
CSE-A,ALT-01670,ASSET-044,LOW,Unauthorized Access,2026-06-18 01:06:56,2026-06-18 01:17:30,2026-06-18 01:25:30,2026-06-18 02:28:41,2026-06-18 06:21:11,False,True Positive,True,"Reviewed source IP, asset logs and correlated with previous alerts.",HIGH,173,149
CSE-A,ALT-01671,ASSET-072,HIGH,Phishing,2026-04-21 11:37:16,2026-04-21 11:44:23,2026-04-21 11:57:23,2026-04-21 14:12:52,2026-04-21 13:59:53,False,True Positive,True,Analyst investigation performed; packet capture and EDR evidence attached.,MEDIUM,200,166
CSE-C,ALT-01672,ASSET-032,MEDIUM,Brute Force,2026-01-22 14:46:37,2026-01-22 15:10:36,2026-01-22 15:28:36,2026-01-22 15:56:16,2026-01-22 20:24:35,False,True Positive,True,Investigation completed; evidence recorded and escalated per playbook.,HIGH,186,31
CSE-B,ALT-01673,ASSET-047,LOW,Unauthorized Access,2026-02-19 13:26:21,2026-02-19 14:44:52,2026-02-19 14:57:52,2026-02-19 17:01:19,2026-02-19 23:39:22,False,False Positive,True,Analyst investigation performed; packet capture and EDR evidence attached.,MEDIUM,178,102
CSE-A,ALT-01674,ASSET-087,MEDIUM,Brute Force,2026-05-30 09:24:35,2026-05-30 09:47:09,2026-05-30 09:53:09,2026-05-30 13:49:59,2026-05-30 12:45:21,True,Benign True Positive,True,Alert correlated with threat intel; full timeline documented.,MEDIUM,188,167
CSE-A,ALT-01675,ASSET-021,CRITICAL,Brute Force,2026-01-21 10:48:21,2026-01-21 10:59:54,,,2026-01-21 15:08:20,False,False Positive,False,Closed quickly — no notes.,CRITICAL,154,144
CSE-A,ALT-01676,ASSET-029,LOW,Unauthorized Access,2026-01-25 13:07:49,2026-01-25 13:36:47,2026-01-25 13:51:47,2026-01-25 14:16:06,2026-01-26 00:05:52,False,Escalated to Tier-2,True,Analyst investigation performed; packet capture and EDR evidence attached.,HIGH,198,152
CSE-E,ALT-01677,ASSET-087,LOW,Unauthorized Access,2026-04-29 15:36:28,2026-04-29 16:04:30,2026-04-29 16:17:30,2026-04-29 16:52:32,2026-04-29 19:47:59,False,False Positive,True,"Reviewed source IP, asset logs and correlated with previous alerts.",CRITICAL,163,107
CSE-E,ALT-01678,ASSET-026,MEDIUM,Suspicious Login,2026-03-10 21:10:30,2026-03-10 21:29:12,,,2026-03-11 04:06:35,False,False Positive,False,N/A,CRITICAL,195,120
CSE-A,ALT-01679,ASSET-089,MEDIUM,Phishing,2026-06-23 16:57:43,2026-06-23 17:14:56,2026-06-23 17:20:56,2026-06-23 21:06:56,2026-06-24 01:14:28,False,False Positive,True,Analyst investigation performed; packet capture and EDR evidence attached.,HIGH,162,161
CSE-A,ALT-01680,ASSET-025,CRITICAL,Privilege Escalation,2026-06-22 12:25:22,2026-06-22 12:43:46,,,2026-06-22 23:34:04,False,Escalated to Tier-2,False,Closed quickly — no notes.,CRITICAL,114,115
CSE-B,ALT-01681,ASSET-043,HIGH,Suspicious Login,2026-05-06 17:24:42,2026-05-06 18:24:38,,,2026-05-07 01:38:29,False,True Positive,False,Closed quickly — no notes.,HIGH,169,117
CSE-E,ALT-01682,ASSET-100,MEDIUM,Network Anomaly,2026-01-21 13:04:17,2026-01-21 14:58:45,,,2026-01-21 16:00:30,False,False Positive,False,Closed quickly — no notes.,HIGH,183,122
CSE-A,ALT-01683,ASSET-071,MEDIUM,Phishing,2026-06-23 17:53:39,2026-06-23 18:07:59,2026-06-23 18:28:59,2026-06-23 20:56:20,2026-06-23 22:55:27,False,True Positive,True,Analyst reviewed logs and confirmed activity with evidence archived.,MEDIUM,84,87
CSE-E,ALT-01684,ASSET-090,CRITICAL,Data Exfiltration,2026-05-17 15:20:59,2026-05-17 16:17:36,2026-05-17 16:41:36,2026-05-17 19:21:43,2026-05-17 23:10:55,False,False Positive,True,"Reviewed source IP, asset logs and correlated with previous alerts.",MEDIUM,77,51
CSE-B,ALT-01685,ASSET-019,CRITICAL,Phishing,2026-01-23 15:35:13,2026-01-23 16:03:04,,,2026-01-23 21:54:10,True,Benign True Positive,False,Closed quickly — no notes.,CRITICAL,185,149
CSE-B,ALT-01686,ASSET-061,HIGH,Phishing,2026-04-12 16:17:17,2026-04-12 17:13:12,2026-04-12 17:15:12,2026-04-12 18:23:25,2026-04-13 02:00:24,False,False Positive,True,"Reviewed source IP, asset logs and correlated with previous alerts.",CRITICAL,155,117
CSE-E,ALT-01687,ASSET-034,HIGH,Brute Force,2026-01-14 00:43:11,2026-01-14 02:08:42,2026-01-14 02:24:42,2026-01-14 04:45:49,2026-01-14 08:08:49,False,Escalated to Tier-2,True,Analyst investigation performed; packet capture and EDR evidence attached.,HIGH,188,125
CSE-D,ALT-01688,ASSET-027,HIGH,Data Exfiltration,2026-03-02 00:44:27,2026-03-02 00:48:43,2026-03-02 00:59:43,2026-03-02 05:03:38,2026-03-02 06:25:28,False,False Positive,True,Investigation completed; evidence recorded and escalated per playbook.,MEDIUM,82,88
CSE-B,ALT-01689,ASSET-088,HIGH,Suspicious Login,2026-04-30 15:53:55,2026-04-30 17:06:25,2026-04-30 17:31:25,2026-04-30 19:36:28,2026-04-30 19:04:05,False,Benign True Positive,True,Alert correlated with threat intel; full timeline documented.,MEDIUM,110,84
CSE-D,ALT-01690,ASSET-032,LOW,Data Exfiltration,2026-05-26 12:12:31,2026-05-26 12:28:47,2026-05-26 12:49:47,2026-05-26 17:31:06,2026-05-27 01:25:34,False,Escalated to Tier-2,True,Analyst reviewed logs and confirmed activity with evidence archived.,HIGH,199,182
CSE-C,ALT-01691,ASSET-059,LOW,Malware,2026-05-06 09:45:40,2026-05-06 10:38:28,2026-05-06 10:59:28,2026-05-06 11:12:35,2026-05-06 17:57:55,False,Under Investigation,True,Analyst reviewed logs and confirmed activity with evidence archived.,HIGH,187,68
CSE-C,ALT-01692,ASSET-085,HIGH,Phishing,2026-05-12 00:21:14,2026-05-12 00:38:47,,,2026-05-12 04:55:00,False,Escalated to Tier-2,False,Closed quickly — no notes.,CRITICAL,176,17
CSE-C,ALT-01693,ASSET-033,MEDIUM,Network Anomaly,2026-02-17 09:10:12,2026-02-17 09:19:07,,,2026-02-17 11:44:57,False,Benign True Positive,False,N/A,CRITICAL,100,32
CSE-C,ALT-01694,ASSET-024,MEDIUM,Phishing,2026-03-08 01:25:35,2026-03-08 02:02:17,,,2026-03-08 08:42:54,False,True Positive,False,Closed quickly — no notes.,MEDIUM,94,28
CSE-D,ALT-01695,ASSET-029,CRITICAL,Privilege Escalation,2026-02-09 09:55:07,2026-02-09 10:20:30,2026-02-09 10:41:30,2026-02-09 11:16:27,2026-02-09 21:33:12,False,False Positive,True,"Reviewed source IP, asset logs and correlated with previous alerts.",CRITICAL,194,159
CSE-C,ALT-01696,ASSET-008,LOW,Unauthorized Access,2026-04-01 09:03:15,2026-04-01 09:05:43,,,2026-04-01 10:26:34,False,Escalated to Tier-2,False,N/A,MEDIUM,177,51
CSE-A,ALT-01697,ASSET-008,HIGH,Privilege Escalation,2026-02-25 14:34:00,2026-02-25 14:36:18,2026-02-25 14:39:18,2026-02-25 19:26:26,2026-02-25 21:55:17,False,Under Investigation,True,Analyst reviewed logs and confirmed activity with evidence archived.,HIGH,191,146
CSE-E,ALT-01698,ASSET-027,HIGH,Malware,2026-03-30 13:54:45,2026-03-30 14:56:58,,,2026-03-30 22:56:46,False,Benign True Positive,False,Closed quickly — no notes.,HIGH,108,60
CSE-C,ALT-01699,ASSET-017,CRITICAL,Brute Force,2026-04-06 18:17:10,2026-04-06 18:49:19,,,2026-04-07 02:34:27,False,False Positive,False,,HIGH,102,30
CSE-C,ALT-01700,ASSET-066,HIGH,Network Anomaly,2026-06-25 18:00:50,2026-06-25 18:35:32,,,2026-06-25 21:49:09,False,True Positive,False,Closed quickly — no notes.,CRITICAL,144,65
CSE-C,ALT-01701,ASSET-092,LOW,Phishing,2026-05-09 10:45:43,2026-05-09 11:38:04,2026-05-09 12:01:04,2026-05-09 12:27:22,2026-05-09 16:41:22,False,True Positive,True,Analyst investigation performed; packet capture and EDR evidence attached.,MEDIUM,184,24
CSE-B,ALT-01702,ASSET-100,MEDIUM,Phishing,2026-04-15 09:42:15,2026-04-15 10:29:16,2026-04-15 10:43:16,2026-04-15 13:21:15,2026-04-15 16:54:06,False,Benign True Positive,True,Investigation completed; evidence recorded and escalated per playbook.,MEDIUM,164,149
CSE-E,ALT-01703,ASSET-048,CRITICAL,Malware,2026-05-10 04:34:42,2026-05-10 04:59:10,2026-05-10 05:10:10,2026-05-10 06:31:38,2026-05-10 13:48:27,False,Under Investigation,True,Alert correlated with threat intel; full timeline documented.,CRITICAL,102,56
CSE-B,ALT-01704,ASSET-054,LOW,Data Exfiltration,2026-05-04 09:39:01,2026-05-04 10:47:04,2026-05-04 10:58:04,2026-05-04 12:36:42,2026-05-04 20:37:57,False,Benign True Positive,True,Investigation completed; evidence recorded and escalated per playbook.,HIGH,137,121
CSE-D,ALT-01705,ASSET-080,MEDIUM,Data Exfiltration,2026-06-23 16:11:42,2026-06-23 16:28:49,2026-06-23 16:40:49,2026-06-23 18:49:10,2026-06-23 20:21:38,False,False Positive,True,Analyst reviewed logs and confirmed activity with evidence archived.,MEDIUM,82,69
CSE-B,ALT-01706,ASSET-014,LOW,Suspicious Login,2026-05-06 17:14:25,2026-05-06 18:05:37,,,2026-05-07 00:51:44,False,True Positive,False,Closed quickly — no notes.,HIGH,82,45
CSE-C,ALT-01707,ASSET-085,HIGH,Data Exfiltration,2026-03-16 14:44:56,2026-03-16 15:39:19,,,2026-03-16 17:01:46,False,Escalated to Tier-2,False,,CRITICAL,137,67
CSE-D,ALT-01708,ASSET-092,LOW,Unauthorized Access,2026-04-17 15:04:48,2026-04-17 15:07:07,,,2026-04-18 02:01:12,True,False Positive,False,N/A,CRITICAL,105,80
CSE-C,ALT-01709,ASSET-006,LOW,Network Anomaly,2026-05-24 11:42:05,2026-05-24 12:23:50,,,2026-05-24 14:42:04,False,Benign True Positive,False,N/A,MEDIUM,168,66
CSE-A,ALT-01710,ASSET-011,MEDIUM,Unauthorized Access,2026-01-10 17:50:32,2026-01-10 18:09:54,2026-01-10 18:10:54,2026-01-10 19:10:56,2026-01-11 01:15:44,False,True Positive,True,Investigation completed; evidence recorded and escalated per playbook.,CRITICAL,127,129
CSE-A,ALT-01711,ASSET-086,HIGH,Phishing,2026-01-13 12:14:43,2026-01-13 12:38:29,2026-01-13 12:45:29,2026-01-13 16:41:44,2026-01-13 23:24:31,True,True Positive,True,Alert correlated with threat intel; full timeline documented.,MEDIUM,149,142
CSE-E,ALT-01712,ASSET-058,HIGH,Brute Force,2026-05-24 12:36:33,2026-05-24 13:19:51,,,2026-05-24 22:36:57,False,False Positive,False,Closed quickly — no notes.,HIGH,133,98
CSE-B,ALT-01713,ASSET-036,MEDIUM,Data Exfiltration,2026-03-18 10:34:11,2026-03-18 11:16:22,2026-03-18 11:29:22,2026-03-18 13:25:40,2026-03-18 16:30:31,False,False Positive,True,Alert correlated with threat intel; full timeline documented.,MEDIUM,135,102
CSE-B,ALT-01714,ASSET-035,LOW,Suspicious Login,2026-05-07 16:24:26,2026-05-07 16:59:54,2026-05-07 17:20:54,2026-05-07 18:49:27,2026-05-08 02:52:24,False,Under Investigation,True,Analyst reviewed logs and confirmed activity with evidence archived.,HIGH,113,79
CSE-D,ALT-01715,ASSET-019,MEDIUM,Phishing,2026-03-07 12:42:50,2026-03-07 13:03:29,2026-03-07 13:11:29,2026-03-07 14:14:20,2026-03-07 19:42:20,False,True Positive,True,Investigation completed; evidence recorded and escalated per playbook.,CRITICAL,115,87
CSE-D,ALT-01716,ASSET-019,LOW,Malware,2026-05-23 12:48:17,2026-05-23 13:08:41,2026-05-23 13:30:41,2026-05-23 18:10:45,2026-05-24 01:26:15,True,True Positive,True,Analyst reviewed logs and confirmed activity with evidence archived.,CRITICAL,178,180
CSE-B,ALT-01717,ASSET-066,HIGH,Network Anomaly,2026-02-05 09:53:14,2026-02-05 10:57:27,2026-02-05 11:20:27,2026-02-05 13:48:16,2026-02-05 12:21:51,False,True Positive,True,Investigation completed; evidence recorded and escalated per playbook.,HIGH,147,125
CSE-C,ALT-01718,ASSET-086,HIGH,Data Exfiltration,2026-01-14 11:15:20,2026-01-14 11:53:44,,,2026-01-14 17:59:33,False,Benign True Positive,False,Closed quickly — no notes.,MEDIUM,137,66
CSE-E,ALT-01719,ASSET-034,HIGH,Malware,2026-01-14 11:30:04,2026-01-14 13:23:51,2026-01-14 13:36:51,2026-01-14 16:25:38,2026-01-14 21:03:07,False,Escalated to Tier-2,True,Alert correlated with threat intel; full timeline documented.,CRITICAL,176,140
CSE-D,ALT-01720,ASSET-059,CRITICAL,Unauthorized Access,2026-01-28 16:24:22,2026-01-28 16:33:18,2026-01-28 16:42:18,2026-01-28 18:27:20,2026-01-28 19:03:01,False,False Positive,True,Analyst reviewed logs and confirmed activity with evidence archived.,MEDIUM,97,77
CSE-A,ALT-01721,ASSET-041,MEDIUM,Brute Force,2026-05-27 11:51:42,2026-05-27 12:14:43,2026-05-27 12:28:43,2026-05-27 15:55:23,2026-05-27 17:00:57,False,Under Investigation,True,Analyst reviewed logs and confirmed activity with evidence archived.,CRITICAL,91,86
CSE-B,ALT-01722,ASSET-052,LOW,Network Anomaly,2026-04-19 12:29:11,2026-04-19 13:36:53,2026-04-19 13:59:53,2026-04-19 14:17:42,2026-04-19 16:18:06,False,True Positive,True,Investigation completed; evidence recorded and escalated per playbook.,CRITICAL,199,154
CSE-D,ALT-01723,ASSET-003,CRITICAL,Privilege Escalation,2026-02-08 10:23:33,2026-02-08 10:33:55,2026-02-08 10:54:55,2026-02-08 13:41:32,2026-02-08 21:45:56,True,True Positive,True,Alert correlated with threat intel; full timeline documented.,CRITICAL,159,141
CSE-C,ALT-01724,ASSET-077,CRITICAL,Data Exfiltration,2026-01-12 09:06:40,2026-01-12 09:38:10,,,2026-01-12 11:01:24,False,True Positive,False,N/A,MEDIUM,107,18
CSE-E,ALT-01725,ASSET-057,MEDIUM,Privilege Escalation,2026-02-21 03:45:18,2026-02-21 04:47:33,,,2026-02-21 05:56:51,False,Benign True Positive,False,,CRITICAL,92,49
CSE-D,ALT-01726,ASSET-054,MEDIUM,Malware,2026-02-14 15:51:05,2026-02-14 16:06:27,2026-02-14 16:07:27,2026-02-14 19:57:15,2026-02-14 21:22:56,False,True Positive,True,"Reviewed source IP, asset logs and correlated with previous alerts.",HIGH,97,108
CSE-B,ALT-01727,ASSET-001,HIGH,Network Anomaly,2026-01-15 14:21:07,2026-01-15 14:26:07,,,2026-01-15 22:23:42,False,False Positive,False,Closed quickly — no notes.,HIGH,89,73
CSE-A,ALT-01728,ASSET-037,MEDIUM,Brute Force,2026-04-09 12:27:51,2026-04-09 12:35:06,2026-04-09 12:42:06,2026-04-09 14:54:54,2026-04-09 13:37:46,False,True Positive,True,"Reviewed source IP, asset logs and correlated with previous alerts.",MEDIUM,169,141
CSE-D,ALT-01729,ASSET-043,MEDIUM,Malware,2026-04-24 12:12:09,2026-04-24 12:17:54,2026-04-24 12:19:54,2026-04-24 13:50:11,2026-04-24 20:03:37,False,Benign True Positive,True,"Reviewed source IP, asset logs and correlated with previous alerts.",HIGH,167,143
CSE-E,ALT-01730,ASSET-032,CRITICAL,Malware,2026-03-19 10:06:20,2026-03-19 11:41:39,2026-03-19 11:43:39,2026-03-19 13:08:45,2026-03-19 15:20:57,False,False Positive,True,Analyst reviewed logs and confirmed activity with evidence archived.,CRITICAL,130,60
CSE-C,ALT-01731,ASSET-058,MEDIUM,Data Exfiltration,2026-04-30 09:54:00,2026-04-30 10:31:52,,,2026-04-30 11:53:17,False,False Positive,False,Closed quickly — no notes.,MEDIUM,94,33
CSE-A,ALT-01732,ASSET-096,LOW,Malware,2026-03-11 10:53:52,2026-03-11 11:01:13,2026-03-11 11:21:13,2026-03-11 13:02:48,2026-03-11 15:24:11,False,Under Investigation,True,"Reviewed source IP, asset logs and correlated with previous alerts.",HIGH,137,136
CSE-C,ALT-01733,ASSET-031,HIGH,Brute Force,2026-04-27 16:35:23,2026-04-27 16:38:45,,,2026-04-27 23:17:00,False,Under Investigation,False,Closed quickly — no notes.,CRITICAL,179,18
CSE-C,ALT-01734,ASSET-092,MEDIUM,Brute Force,2026-04-07 12:13:15,2026-04-07 12:59:56,2026-04-07 13:18:56,2026-04-07 13:27:52,2026-04-07 15:47:37,False,Under Investigation,True,Alert correlated with threat intel; full timeline documented.,MEDIUM,182,43
CSE-C,ALT-01735,ASSET-049,MEDIUM,Phishing,2026-04-01 11:24:36,2026-04-01 11:38:35,,,2026-04-01 12:09:17,False,Escalated to Tier-2,False,Closed quickly — no notes.,MEDIUM,90,33
CSE-B,ALT-01736,ASSET-053,LOW,Network Anomaly,2026-05-18 10:56:27,2026-05-18 11:20:08,,,2026-05-18 19:30:15,False,Under Investigation,False,,CRITICAL,102,101
CSE-D,ALT-01737,ASSET-074,LOW,Brute Force,2026-02-01 17:44:55,2026-02-01 17:47:42,2026-02-01 18:07:42,2026-02-01 20:15:09,2026-02-02 04:49:23,True,True Positive,True,Analyst reviewed logs and confirmed activity with evidence archived.,CRITICAL,151,123
CSE-A,ALT-01738,ASSET-076,CRITICAL,Data Exfiltration,2026-02-04 15:55:42,2026-02-04 16:03:15,2026-02-04 16:25:15,2026-02-04 21:08:44,2026-02-05 01:16:05,True,True Positive,True,Alert correlated with threat intel; full timeline documented.,HIGH,144,110
CSE-A,ALT-01739,ASSET-050,MEDIUM,Unauthorized Access,2026-06-15 15:50:19,2026-06-15 16:05:20,,,2026-06-15 20:18:00,False,False Positive,False,Closed quickly — no notes.,MEDIUM,152,154
CSE-B,ALT-01740,ASSET-086,HIGH,Privilege Escalation,2026-01-31 12:34:25,2026-01-31 13:10:19,,,2026-01-31 21:31:10,False,False Positive,False,N/A,HIGH,160,92
CSE-C,ALT-01741,ASSET-037,CRITICAL,Network Anomaly,2026-03-10 17:55:26,2026-03-10 18:36:56,2026-03-10 18:54:56,2026-03-10 19:00:31,2026-03-10 23:07:42,False,Under Investigation,True,"Reviewed source IP, asset logs and correlated with previous alerts.",HIGH,137,70
CSE-E,ALT-01742,ASSET-011,MEDIUM,Privilege Escalation,2026-06-17 12:41:34,2026-06-17 13:16:57,2026-06-17 13:35:57,2026-06-17 16:12:27,2026-06-17 16:43:19,False,True Positive,True,Analyst reviewed logs and confirmed activity with evidence archived.,HIGH,85,60
CSE-D,ALT-01743,ASSET-032,MEDIUM,Brute Force,2026-02-08 17:22:07,2026-02-08 17:42:12,2026-02-08 18:01:12,2026-02-08 19:52:25,2026-02-08 22:46:55,True,Benign True Positive,True,Investigation completed; evidence recorded and escalated per playbook.,MEDIUM,141,130
CSE-C,ALT-01744,ASSET-071,MEDIUM,Suspicious Login,2026-05-12 16:17:23,2026-05-12 16:32:38,2026-05-12 16:43:38,2026-05-12 16:51:05,2026-05-12 17:19:46,False,False Positive,True,"Reviewed source IP, asset logs and correlated with previous alerts.",MEDIUM,122,34
CSE-A,ALT-01745,ASSET-059,HIGH,Suspicious Login,2026-04-14 12:21:18,2026-04-14 12:46:41,2026-04-14 12:54:41,2026-04-14 14:34:32,2026-04-14 15:52:18,False,False Positive,True,"Reviewed source IP, asset logs and correlated with previous alerts.",HIGH,122,125
CSE-B,ALT-01746,ASSET-039,MEDIUM,Phishing,2026-06-25 16:29:23,2026-06-25 17:57:04,2026-06-25 18:08:04,2026-06-25 20:16:48,2026-06-26 02:41:53,False,True Positive,True,Alert correlated with threat intel; full timeline documented.,CRITICAL,102,81
CSE-C,ALT-01747,ASSET-021,MEDIUM,Data Exfiltration,2026-03-31 10:18:04,2026-03-31 11:03:25,,,2026-03-31 18:42:02,False,Escalated to Tier-2,False,,CRITICAL,124,39
CSE-D,ALT-01748,ASSET-001,MEDIUM,Privilege Escalation,2026-04-26 16:07:11,2026-04-26 16:28:27,2026-04-26 16:47:27,2026-04-26 17:53:53,2026-04-26 23:55:23,False,False Positive,True,Analyst investigation performed; packet capture and EDR evidence attached.,MEDIUM,148,125
CSE-D,ALT-01749,ASSET-061,MEDIUM,Phishing,2026-02-28 19:46:41,2026-02-28 19:56:58,2026-02-28 19:58:58,2026-02-28 20:47:59,2026-02-28 23:26:52,False,Benign True Positive,True,Investigation completed; evidence recorded and escalated per playbook.,CRITICAL,104,96
CSE-B,ALT-01750,ASSET-076,CRITICAL,Malware,2026-01-28 02:25:32,2026-01-28 03:40:28,2026-01-28 03:54:28,2026-01-28 06:36:25,2026-01-28 07:49:37,False,Under Investigation,True,Analyst investigation performed; packet capture and EDR evidence attached.,CRITICAL,152,95
CSE-E,ALT-01751,ASSET-021,LOW,Brute Force,2026-01-26 17:31:02,2026-01-26 19:25:14,2026-01-26 19:37:14,2026-01-26 21:23:17,2026-01-27 02:51:32,False,Under Investigation,True,Analyst reviewed logs and confirmed activity with evidence archived.,HIGH,147,115
CSE-C,ALT-01752,ASSET-032,HIGH,Suspicious Login,2026-01-01 04:12:53,2026-01-01 04:28:14,,,2026-01-01 10:06:59,False,True Positive,False,Closed quickly — no notes.,HIGH,90,24
CSE-D,ALT-01753,ASSET-007,HIGH,Phishing,2026-02-28 15:32:58,2026-02-28 15:36:56,,,2026-02-28 22:25:49,False,False Positive,False,N/A,MEDIUM,86,76
CSE-E,ALT-01754,ASSET-082,MEDIUM,Brute Force,2026-01-14 15:06:06,2026-01-14 16:01:18,2026-01-14 16:04:18,2026-01-14 17:15:58,2026-01-14 19:27:18,False,True Positive,True,Analyst reviewed logs and confirmed activity with evidence archived.,CRITICAL,156,96
CSE-E,ALT-01755,ASSET-044,CRITICAL,Privilege Escalation,2026-04-22 10:27:33,2026-04-22 12:06:31,2026-04-22 12:10:31,2026-04-22 13:04:44,2026-04-22 18:40:17,False,True Positive,True,"Reviewed source IP, asset logs and correlated with previous alerts.",MEDIUM,87,51
CSE-C,ALT-01756,ASSET-011,HIGH,Network Anomaly,2026-06-15 15:22:46,2026-06-15 15:54:21,2026-06-15 15:56:21,2026-06-15 16:20:42,2026-06-15 22:32:12,False,True Positive,True,"Reviewed source IP, asset logs and correlated with previous alerts.",MEDIUM,200,35
CSE-A,ALT-01757,ASSET-075,MEDIUM,Suspicious Login,2026-05-27 13:36:32,2026-05-27 13:41:50,2026-05-27 13:42:50,2026-05-27 14:41:03,2026-05-27 20:37:34,False,Escalated to Tier-2,True,Analyst investigation performed; packet capture and EDR evidence attached.,CRITICAL,95,77
CSE-D,ALT-01758,ASSET-065,HIGH,Malware,2026-01-31 01:02:06,2026-01-31 01:18:25,2026-01-31 01:23:25,2026-01-31 02:05:04,2026-01-31 13:20:44,False,False Positive,True,Analyst investigation performed; packet capture and EDR evidence attached.,HIGH,146,132
CSE-E,ALT-01759,ASSET-089,HIGH,Brute Force,2026-06-26 16:54:11,2026-06-26 18:41:49,2026-06-26 19:03:49,2026-06-26 20:47:18,2026-06-26 20:51:47,False,Escalated to Tier-2,True,Investigation completed; evidence recorded and escalated per playbook.,HIGH,101,85
CSE-B,ALT-01760,ASSET-031,LOW,Brute Force,2026-05-24 10:37:06,2026-05-24 11:06:09,2026-05-24 11:11:09,2026-05-24 12:11:15,2026-05-24 18:29:02,False,Under Investigation,True,Investigation completed; evidence recorded and escalated per playbook.,CRITICAL,134,118
CSE-B,ALT-01761,ASSET-033,HIGH,Phishing,2026-04-12 15:42:30,2026-04-12 15:58:10,2026-04-12 16:23:10,2026-04-12 17:08:10,2026-04-12 21:48:25,False,Escalated to Tier-2,True,"Reviewed source IP, asset logs and correlated with previous alerts.",CRITICAL,178,124
CSE-D,ALT-01762,ASSET-070,MEDIUM,Malware,2026-03-21 21:07:58,2026-03-21 21:33:10,2026-03-21 21:54:10,2026-03-22 02:43:41,2026-03-22 10:38:35,False,True Positive,True,Alert correlated with threat intel; full timeline documented.,MEDIUM,194,207
CSE-B,ALT-01763,ASSET-077,CRITICAL,Network Anomaly,2026-06-16 13:59:53,2026-06-16 14:10:54,2026-06-16 14:17:54,2026-06-16 14:32:50,2026-06-16 15:00:38,False,Under Investigation,True,Investigation completed; evidence recorded and escalated per playbook.,CRITICAL,107,72
CSE-B,ALT-01764,ASSET-092,HIGH,Suspicious Login,2026-04-21 10:06:27,2026-04-21 11:37:01,2026-04-21 11:44:01,2026-04-21 14:20:12,2026-04-21 19:31:49,False,Under Investigation,True,Alert correlated with threat intel; full timeline documented.,CRITICAL,151,123
CSE-E,ALT-01765,ASSET-006,MEDIUM,Suspicious Login,2026-05-11 15:30:41,2026-05-11 16:00:23,2026-05-11 16:25:23,2026-05-11 18:27:58,2026-05-12 01:13:24,False,Escalated to Tier-2,True,Alert correlated with threat intel; full timeline documented.,CRITICAL,129,78
CSE-B,ALT-01766,ASSET-001,CRITICAL,Privilege Escalation,2026-05-29 10:22:46,2026-05-29 11:22:29,2026-05-29 11:28:29,2026-05-29 14:25:34,2026-05-29 17:12:14,False,True Positive,True,"Reviewed source IP, asset logs and correlated with previous alerts.",MEDIUM,70,52
CSE-A,ALT-01767,ASSET-002,LOW,Phishing,2026-05-25 15:49:12,2026-05-25 16:16:34,2026-05-25 16:33:34,2026-05-25 20:22:19,2026-05-25 19:10:23,True,False Positive,True,Alert correlated with threat intel; full timeline documented.,MEDIUM,196,182
CSE-E,ALT-01768,ASSET-091,LOW,Phishing,2026-05-22 15:07:17,2026-05-22 16:47:27,2026-05-22 16:59:27,2026-05-22 19:33:48,2026-05-22 18:55:39,False,Under Investigation,True,Investigation completed; evidence recorded and escalated per playbook.,CRITICAL,153,106
CSE-C,ALT-01769,ASSET-097,CRITICAL,Unauthorized Access,2026-02-23 15:02:07,2026-02-23 16:01:54,,,2026-02-23 15:06:38,False,False Positive,False,,HIGH,199,44
CSE-C,ALT-01770,ASSET-091,CRITICAL,Data Exfiltration,2026-05-08 04:51:09,2026-05-08 05:07:25,2026-05-08 05:30:25,2026-05-08 05:48:18,2026-05-08 09:26:20,False,True Positive,True,Analyst investigation performed; packet capture and EDR evidence attached.,CRITICAL,176,36
CSE-E,ALT-01771,ASSET-096,CRITICAL,Brute Force,2026-04-23 17:58:52,2026-04-23 19:23:33,,,2026-04-24 01:03:16,False,Benign True Positive,False,,CRITICAL,100,44
CSE-D,ALT-01772,ASSET-031,LOW,Unauthorized Access,2026-03-04 16:59:57,2026-03-04 17:08:01,2026-03-04 17:28:01,2026-03-04 19:28:16,2026-03-04 18:24:35,False,True Positive,True,Analyst reviewed logs and confirmed activity with evidence archived.,CRITICAL,135,136
CSE-E,ALT-01773,ASSET-009,LOW,Malware,2026-01-07 10:37:32,2026-01-07 12:24:33,2026-01-07 12:38:33,2026-01-07 14:00:08,2026-01-07 14:24:16,True,True Positive,True,Investigation completed; evidence recorded and escalated per playbook.,HIGH,147,69
CSE-A,ALT-01774,ASSET-074,MEDIUM,Network Anomaly,2026-01-12 13:28:27,2026-01-12 13:32:54,2026-01-12 13:48:54,2026-01-12 18:36:22,2026-01-12 17:26:42,True,False Positive,True,"Reviewed source IP, asset logs and correlated with previous alerts.",HIGH,197,204
CSE-B,ALT-01775,ASSET-003,LOW,Phishing,2026-02-18 17:27:16,2026-02-18 18:00:02,2026-02-18 18:10:02,2026-02-18 18:48:08,2026-02-19 01:31:25,True,True Positive,True,Analyst reviewed logs and confirmed activity with evidence archived.,CRITICAL,171,89
CSE-C,ALT-01776,ASSET-055,CRITICAL,Brute Force,2026-03-02 14:41:47,2026-03-02 15:12:23,2026-03-02 15:14:23,2026-03-02 15:39:53,2026-03-02 16:38:06,False,Escalated to Tier-2,True,"Reviewed source IP, asset logs and correlated with previous alerts.",MEDIUM,149,19
CSE-D,ALT-01777,ASSET-048,MEDIUM,Brute Force,2026-05-14 20:28:57,2026-05-14 20:48:34,2026-05-14 21:11:34,2026-05-15 02:10:31,2026-05-15 06:11:01,False,False Positive,True,Alert correlated with threat intel; full timeline documented.,MEDIUM,107,102
CSE-A,ALT-01778,ASSET-076,HIGH,Data Exfiltration,2026-06-05 12:48:39,2026-06-05 13:05:20,2026-06-05 13:11:20,2026-06-05 13:47:37,2026-06-05 21:57:34,True,False Positive,True,Analyst investigation performed; packet capture and EDR evidence attached.,CRITICAL,123,125
CSE-E,ALT-01779,ASSET-094,LOW,Brute Force,2026-06-15 16:47:53,2026-06-15 18:25:07,2026-06-15 18:43:07,2026-06-15 21:11:04,2026-06-16 03:20:44,False,Under Investigation,True,Analyst reviewed logs and confirmed activity with evidence archived.,MEDIUM,133,89
CSE-C,ALT-01780,ASSET-018,LOW,Privilege Escalation,2026-05-11 12:17:58,2026-05-11 12:55:04,,,2026-05-11 18:41:24,False,Benign True Positive,False,N/A,CRITICAL,125,63
CSE-B,ALT-01781,ASSET-082,LOW,Suspicious Login,2026-04-25 14:23:16,2026-04-25 14:31:42,2026-04-25 14:42:42,2026-04-25 16:35:39,2026-04-25 15:09:50,False,Benign True Positive,True,Alert correlated with threat intel; full timeline documented.,CRITICAL,160,103
CSE-C,ALT-01782,ASSET-083,CRITICAL,Privilege Escalation,2026-04-02 14:56:46,2026-04-02 15:19:34,,,2026-04-02 15:01:15,False,Under Investigation,False,N/A,MEDIUM,192,23
CSE-A,ALT-01783,ASSET-086,MEDIUM,Suspicious Login,2026-06-23 13:43:01,2026-06-23 14:09:49,2026-06-23 14:25:49,2026-06-23 15:14:56,2026-06-23 19:57:14,True,False Positive,True,"Reviewed source IP, asset logs and correlated with previous alerts.",HIGH,168,125
CSE-A,ALT-01784,ASSET-064,LOW,Malware,2026-06-27 18:50:27,2026-06-27 19:05:57,2026-06-27 19:19:57,2026-06-27 21:46:14,2026-06-28 03:14:05,False,True Positive,True,"Reviewed source IP, asset logs and correlated with previous alerts.",CRITICAL,113,108
CSE-D,ALT-01785,ASSET-060,CRITICAL,Malware,2026-01-31 16:57:49,2026-01-31 17:00:03,2026-01-31 17:11:03,2026-01-31 21:23:52,2026-02-01 05:15:21,True,Under Investigation,True,Analyst reviewed logs and confirmed activity with evidence archived.,CRITICAL,128,129
CSE-E,ALT-01786,ASSET-013,LOW,Network Anomaly,2026-06-18 20:30:51,2026-06-18 22:19:34,2026-06-18 22:26:34,2026-06-19 01:15:23,2026-06-19 03:12:25,False,False Positive,True,Analyst reviewed logs and confirmed activity with evidence archived.,MEDIUM,183,131
CSE-E,ALT-01787,ASSET-037,MEDIUM,Phishing,2026-04-14 05:29:18,2026-04-14 06:33:19,2026-04-14 06:50:19,2026-04-14 07:26:25,2026-04-14 07:58:24,False,Under Investigation,True,"Reviewed source IP, asset logs and correlated with previous alerts.",CRITICAL,133,63
CSE-C,ALT-01788,ASSET-098,MEDIUM,Privilege Escalation,2026-01-25 11:07:10,2026-01-25 11:37:33,,,2026-01-25 12:26:34,False,False Positive,False,Closed quickly — no notes.,HIGH,115,46
CSE-C,ALT-01789,ASSET-082,LOW,Network Anomaly,2026-03-17 14:38:13,2026-03-17 15:03:21,2026-03-17 15:24:21,2026-03-17 15:47:30,2026-03-17 16:26:25,False,False Positive,True,"Reviewed source IP, asset logs and correlated with previous alerts.",CRITICAL,165,73
CSE-B,ALT-01790,ASSET-057,CRITICAL,Malware,2026-05-06 15:51:41,2026-05-06 17:10:54,2026-05-06 17:12:54,2026-05-06 18:50:49,2026-05-06 22:57:10,True,Under Investigation,True,"Reviewed source IP, asset logs and correlated with previous alerts.",MEDIUM,163,145
CSE-C,ALT-01791,ASSET-019,MEDIUM,Privilege Escalation,2026-04-19 15:59:06,2026-04-19 16:43:26,,,2026-04-19 21:56:11,False,False Positive,False,N/A,HIGH,179,23
CSE-C,ALT-01792,ASSET-079,HIGH,Network Anomaly,2026-03-23 11:37:25,2026-03-23 12:11:33,,,2026-03-23 15:39:36,False,False Positive,False,N/A,HIGH,199,73
CSE-B,ALT-01793,ASSET-064,LOW,Suspicious Login,2026-02-19 15:19:37,2026-02-19 15:54:29,2026-02-19 15:56:29,2026-02-19 16:54:11,2026-02-19 19:20:01,False,False Positive,True,Investigation completed; evidence recorded and escalated per playbook.,HIGH,197,167
CSE-A,ALT-01794,ASSET-073,MEDIUM,Network Anomaly,2026-02-24 14:01:58,2026-02-24 14:08:20,2026-02-24 14:31:20,2026-02-24 18:48:51,2026-02-24 23:07:36,False,Escalated to Tier-2,True,Alert correlated with threat intel; full timeline documented.,HIGH,181,167
CSE-C,ALT-01795,ASSET-095,HIGH,Malware,2026-01-13 15:35:36,2026-01-13 16:11:31,,,2026-01-13 19:50:50,False,True Positive,False,,MEDIUM,136,60
CSE-D,ALT-01796,ASSET-046,MEDIUM,Data Exfiltration,2026-05-24 13:57:41,2026-05-24 14:11:42,2026-05-24 14:16:42,2026-05-24 15:33:43,2026-05-24 15:36:11,True,False Positive,True,Investigation completed; evidence recorded and escalated per playbook.,MEDIUM,157,140
CSE-D,ALT-01797,ASSET-008,CRITICAL,Data Exfiltration,2026-02-06 08:37:29,2026-02-06 08:39:57,2026-02-06 08:52:57,2026-02-06 10:17:20,2026-02-06 14:43:09,True,False Positive,True,Analyst reviewed logs and confirmed activity with evidence archived.,CRITICAL,163,175
CSE-E,ALT-01798,ASSET-040,HIGH,Phishing,2026-03-10 15:41:35,2026-03-10 16:59:57,2026-03-10 17:07:57,2026-03-10 19:02:02,2026-03-10 21:55:33,False,False Positive,True,Alert correlated with threat intel; full timeline documented.,HIGH,160,117
CSE-D,ALT-01799,ASSET-088,LOW,Brute Force,2026-02-14 12:17:46,2026-02-14 12:23:17,2026-02-14 12:33:17,2026-02-14 14:01:45,2026-02-14 22:24:31,True,True Positive,True,Analyst reviewed logs and confirmed activity with evidence archived.,CRITICAL,83,73
CSE-B,ALT-01800,ASSET-021,HIGH,Suspicious Login,2026-05-02 16:52:26,2026-05-02 17:32:11,2026-05-02 17:54:11,2026-05-02 19:09:13,2026-05-03 00:40:32,False,True Positive,True,Investigation completed; evidence recorded and escalated per playbook.,HIGH,129,92
CSE-A,ALT-01801,ASSET-092,MEDIUM,Suspicious Login,2026-02-03 11:45:02,2026-02-03 12:02:51,2026-02-03 12:24:51,2026-02-03 15:33:28,2026-02-03 15:41:41,False,False Positive,True,Investigation completed; evidence recorded and escalated per playbook.,MEDIUM,136,140
CSE-D,ALT-01802,ASSET-067,MEDIUM,Phishing,2026-02-16 12:35:20,2026-02-16 12:59:36,2026-02-16 13:24:36,2026-02-16 15:37:28,2026-02-16 17:18:22,False,Benign True Positive,True,Alert correlated with threat intel; full timeline documented.,MEDIUM,157,147
CSE-B,ALT-01803,ASSET-073,CRITICAL,Privilege Escalation,2026-01-31 11:21:24,2026-01-31 11:26:55,2026-01-31 11:32:55,2026-01-31 11:55:11,2026-01-31 16:14:39,False,Escalated to Tier-2,True,"Reviewed source IP, asset logs and correlated with previous alerts.",CRITICAL,157,101
CSE-A,ALT-01804,ASSET-047,MEDIUM,Privilege Escalation,2026-05-02 09:26:22,2026-05-02 09:33:22,2026-05-02 09:51:22,2026-05-02 11:45:26,2026-05-02 18:02:36,True,Under Investigation,True,Analyst investigation performed; packet capture and EDR evidence attached.,CRITICAL,159,128
CSE-D,ALT-01805,ASSET-099,MEDIUM,Data Exfiltration,2026-01-27 20:53:30,2026-01-27 21:02:26,,,2026-01-28 10:41:45,False,True Positive,False,,CRITICAL,168,155
CSE-E,ALT-01806,ASSET-067,MEDIUM,Malware,2026-05-15 09:18:00,2026-05-15 10:40:03,2026-05-15 10:46:03,2026-05-15 10:58:38,2026-05-15 12:32:58,False,Under Investigation,True,Alert correlated with threat intel; full timeline documented.,HIGH,141,81
CSE-E,ALT-01807,ASSET-059,LOW,Privilege Escalation,2026-05-26 09:38:08,2026-05-26 10:13:21,2026-05-26 10:24:21,2026-05-26 13:08:19,2026-05-26 19:27:07,False,False Positive,True,Analyst investigation performed; packet capture and EDR evidence attached.,HIGH,77,38
CSE-A,ALT-01808,ASSET-055,LOW,Malware,2026-04-22 20:39:18,2026-04-22 20:43:47,2026-04-22 20:49:47,2026-04-22 23:27:54,2026-04-22 21:52:50,False,Benign True Positive,True,"Reviewed source IP, asset logs and correlated with previous alerts.",HIGH,124,117
CSE-C,ALT-01809,ASSET-017,HIGH,Privilege Escalation,2026-01-02 10:39:19,2026-01-02 11:01:21,2026-01-02 11:16:21,2026-01-02 11:24:18,2026-01-02 14:41:47,False,Under Investigation,True,"Reviewed source IP, asset logs and correlated with previous alerts.",HIGH,154,45
CSE-A,ALT-01810,ASSET-006,MEDIUM,Brute Force,2026-03-15 04:35:02,2026-03-15 04:46:52,,,2026-03-15 16:38:27,False,Benign True Positive,False,,MEDIUM,168,142
CSE-B,ALT-01811,ASSET-087,CRITICAL,Unauthorized Access,2026-03-08 14:02:38,2026-03-08 14:33:32,2026-03-08 14:43:32,2026-03-08 15:15:59,2026-03-08 15:38:00,False,Benign True Positive,True,Alert correlated with threat intel; full timeline documented.,CRITICAL,200,168
CSE-E,ALT-01812,ASSET-012,HIGH,Phishing,2026-06-08 10:28:03,2026-06-08 11:23:44,,,2026-06-08 19:37:25,False,False Positive,False,Closed quickly — no notes.,HIGH,130,94
CSE-E,ALT-01813,ASSET-019,MEDIUM,Privilege Escalation,2026-02-25 09:53:04,2026-02-25 10:18:21,2026-02-25 10:22:21,2026-02-25 12:18:08,2026-02-25 16:48:04,False,False Positive,True,Investigation completed; evidence recorded and escalated per playbook.,MEDIUM,136,116
CSE-E,ALT-01814,ASSET-018,CRITICAL,Network Anomaly,2026-01-01 17:14:40,2026-01-01 18:34:52,2026-01-01 18:37:52,2026-01-01 20:53:45,2026-01-01 22:02:19,False,Escalated to Tier-2,True,Alert correlated with threat intel; full timeline documented.,MEDIUM,126,87
CSE-D,ALT-01815,ASSET-059,LOW,Privilege Escalation,2026-05-08 15:12:24,2026-05-08 15:29:35,,,2026-05-08 20:44:35,True,Under Investigation,False,,MEDIUM,190,187
CSE-A,ALT-01816,ASSET-053,MEDIUM,Suspicious Login,2026-06-30 14:48:49,2026-06-30 15:03:13,2026-06-30 15:22:13,2026-06-30 20:14:03,2026-06-30 21:30:11,False,False Positive,True,Analyst reviewed logs and confirmed activity with evidence archived.,MEDIUM,85,82
CSE-A,ALT-01817,ASSET-079,HIGH,Phishing,2026-01-19 08:23:52,2026-01-19 08:46:17,2026-01-19 08:53:17,2026-01-19 10:12:54,2026-01-19 15:01:44,False,False Positive,True,Analyst investigation performed; packet capture and EDR evidence attached.,MEDIUM,157,174
CSE-D,ALT-01818,ASSET-007,LOW,Malware,2026-05-08 14:32:02,2026-05-08 14:34:33,2026-05-08 14:47:33,2026-05-08 15:53:26,2026-05-09 05:00:48,False,False Positive,True,Investigation completed; evidence recorded and escalated per playbook.,MEDIUM,173,172
CSE-D,ALT-01819,ASSET-062,LOW,Phishing,2026-02-20 16:28:05,2026-02-20 16:51:51,2026-02-20 17:04:51,2026-02-20 19:22:23,2026-02-21 01:19:02,False,Escalated to Tier-2,True,Alert correlated with threat intel; full timeline documented.,MEDIUM,182,154
CSE-C,ALT-01820,ASSET-023,CRITICAL,Privilege Escalation,2026-05-09 11:04:33,2026-05-09 11:14:51,,,2026-05-09 11:05:50,False,False Positive,False,N/A,HIGH,177,59
CSE-B,ALT-01821,ASSET-035,CRITICAL,Data Exfiltration,2026-05-28 17:53:57,2026-05-28 18:19:04,2026-05-28 18:20:04,2026-05-28 18:28:33,2026-05-28 21:10:46,False,True Positive,True,Analyst reviewed logs and confirmed activity with evidence archived.,CRITICAL,159,116
CSE-A,ALT-01822,ASSET-013,MEDIUM,Phishing,2026-01-29 16:55:41,2026-01-29 17:20:05,2026-01-29 17:30:05,2026-01-29 20:26:31,2026-01-30 04:08:58,False,True Positive,True,Analyst investigation performed; packet capture and EDR evidence attached.,HIGH,184,185
CSE-D,ALT-01823,ASSET-002,MEDIUM,Network Anomaly,2026-06-20 13:38:59,2026-06-20 13:52:51,2026-06-20 14:06:51,2026-06-20 17:39:16,2026-06-20 23:05:16,True,False Positive,True,Investigation completed; evidence recorded and escalated per playbook.,HIGH,174,192
CSE-B,ALT-01824,ASSET-063,MEDIUM,Phishing,2026-03-26 06:18:04,2026-03-26 07:25:27,2026-03-26 07:44:27,2026-03-26 10:29:01,2026-03-26 16:22:00,True,False Positive,True,Analyst investigation performed; packet capture and EDR evidence attached.,MEDIUM,189,130
CSE-B,ALT-01825,ASSET-068,HIGH,Unauthorized Access,2026-01-20 15:10:44,2026-01-20 15:21:10,,,2026-01-21 01:00:39,False,True Positive,False,,HIGH,140,79
CSE-D,ALT-01826,ASSET-031,HIGH,Unauthorized Access,2026-04-21 09:38:15,2026-04-21 09:46:06,2026-04-21 09:55:06,2026-04-21 12:16:09,2026-04-21 12:17:40,False,Escalated to Tier-2,True,"Reviewed source IP, asset logs and correlated with previous alerts.",CRITICAL,82,83
CSE-A,ALT-01827,ASSET-051,LOW,Phishing,2026-06-21 15:02:16,2026-06-21 15:20:50,2026-06-21 15:37:50,2026-06-21 20:08:10,2026-06-21 18:22:34,False,True Positive,True,Investigation completed; evidence recorded and escalated per playbook.,CRITICAL,89,76
CSE-E,ALT-01828,ASSET-012,MEDIUM,Phishing,2026-03-30 17:55:13,2026-03-30 18:40:17,,,2026-03-31 04:24:29,False,False Positive,False,N/A,MEDIUM,154,91
CSE-D,ALT-01829,ASSET-042,LOW,Unauthorized Access,2026-03-05 12:28:51,2026-03-05 12:48:36,2026-03-05 13:00:36,2026-03-05 17:51:03,2026-03-05 14:58:05,False,Escalated to Tier-2,True,Investigation completed; evidence recorded and escalated per playbook.,MEDIUM,129,133
CSE-E,ALT-01830,ASSET-037,MEDIUM,Brute Force,2026-04-21 16:14:59,2026-04-21 17:37:18,2026-04-21 17:51:18,2026-04-21 18:39:55,2026-04-22 00:45:09,False,Escalated to Tier-2,True,"Reviewed source IP, asset logs and correlated with previous alerts.",CRITICAL,162,129
CSE-E,ALT-01831,ASSET-093,MEDIUM,Unauthorized Access,2026-05-04 09:49:05,2026-05-04 11:39:01,2026-05-04 12:00:01,2026-05-04 14:11:53,2026-05-04 13:03:44,False,Benign True Positive,True,Analyst reviewed logs and confirmed activity with evidence archived.,MEDIUM,102,78
CSE-E,ALT-01832,ASSET-046,LOW,Network Anomaly,2026-02-10 11:11:07,2026-02-10 12:56:02,,,2026-02-10 14:38:38,True,False Positive,False,N/A,MEDIUM,167,85
CSE-C,ALT-01833,ASSET-017,HIGH,Suspicious Login,2026-02-08 15:40:21,2026-02-08 16:08:47,2026-02-08 16:16:47,2026-02-08 16:38:00,2026-02-08 16:47:20,False,True Positive,True,Investigation completed; evidence recorded and escalated per playbook.,HIGH,131,30
CSE-A,ALT-01834,ASSET-039,LOW,Malware,2026-03-02 17:26:20,2026-03-02 17:39:14,2026-03-02 17:56:14,2026-03-02 20:36:18,2026-03-02 21:07:17,True,True Positive,True,Investigation completed; evidence recorded and escalated per playbook.,CRITICAL,124,94
CSE-C,ALT-01835,ASSET-039,CRITICAL,Data Exfiltration,2026-03-05 17:35:03,2026-03-05 18:30:40,,,2026-03-05 22:48:41,False,False Positive,False,N/A,CRITICAL,93,42
CSE-D,ALT-01836,ASSET-057,MEDIUM,Suspicious Login,2026-03-02 13:07:59,2026-03-02 13:14:47,2026-03-02 13:30:47,2026-03-02 15:38:18,2026-03-02 20:18:08,False,False Positive,True,Alert correlated with threat intel; full timeline documented.,CRITICAL,125,114
CSE-C,ALT-01837,ASSET-017,HIGH,Brute Force,2026-03-15 10:39:11,2026-03-15 11:38:35,2026-03-15 11:42:35,2026-03-15 11:55:32,2026-03-15 16:55:48,False,Under Investigation,True,"Reviewed source IP, asset logs and correlated with previous alerts.",HIGH,112,29
CSE-B,ALT-01838,ASSET-080,LOW,Privilege Escalation,2026-01-16 03:21:13,2026-01-16 03:59:06,,,2026-01-16 08:44:42,True,True Positive,False,N/A,MEDIUM,154,114
CSE-D,ALT-01839,ASSET-045,MEDIUM,Data Exfiltration,2026-06-30 19:17:04,2026-06-30 19:23:42,2026-06-30 19:25:42,2026-06-30 21:34:10,2026-07-01 08:09:20,True,Escalated to Tier-2,True,Analyst reviewed logs and confirmed activity with evidence archived.,HIGH,152,152
CSE-C,ALT-01840,ASSET-093,HIGH,Brute Force,2026-03-15 02:52:50,2026-03-15 03:40:55,2026-03-15 04:02:55,2026-03-15 04:10:06,2026-03-15 11:07:54,False,Escalated to Tier-2,True,Analyst reviewed logs and confirmed activity with evidence archived.,MEDIUM,166,18
CSE-C,ALT-01841,ASSET-019,MEDIUM,Data Exfiltration,2026-04-11 12:40:25,2026-04-11 12:58:43,2026-04-11 13:04:43,2026-04-11 13:30:32,2026-04-11 20:12:33,False,True Positive,True,Analyst investigation performed; packet capture and EDR evidence attached.,CRITICAL,187,96
CSE-A,ALT-01842,ASSET-070,MEDIUM,Suspicious Login,2026-02-12 15:04:25,2026-02-12 15:28:57,2026-02-12 15:34:57,2026-02-12 19:46:29,2026-02-13 02:56:29,False,Escalated to Tier-2,True,Analyst reviewed logs and confirmed activity with evidence archived.,HIGH,141,115
CSE-B,ALT-01843,ASSET-061,HIGH,Privilege Escalation,2026-02-25 09:44:37,2026-02-25 09:55:34,2026-02-25 10:09:34,2026-02-25 11:09:14,2026-02-25 16:16:06,False,False Positive,True,"Reviewed source IP, asset logs and correlated with previous alerts.",MEDIUM,154,102
CSE-E,ALT-01844,ASSET-046,HIGH,Network Anomaly,2026-02-12 14:16:29,2026-02-12 15:44:30,2026-02-12 15:53:30,2026-02-12 17:46:10,2026-02-12 19:54:41,False,Under Investigation,True,"Reviewed source IP, asset logs and correlated with previous alerts.",HIGH,175,141
CSE-C,ALT-01845,ASSET-014,LOW,Brute Force,2026-03-27 16:00:47,2026-03-27 16:14:08,2026-03-27 16:25:08,2026-03-27 16:42:21,2026-03-27 23:01:12,False,Under Investigation,True,Investigation completed; evidence recorded and escalated per playbook.,MEDIUM,197,108
CSE-E,ALT-01846,ASSET-073,MEDIUM,Privilege Escalation,2026-06-30 12:19:58,2026-06-30 13:39:24,2026-06-30 13:53:24,2026-06-30 14:01:26,2026-06-30 17:48:52,False,True Positive,True,"Reviewed source IP, asset logs and correlated with previous alerts.",MEDIUM,139,96
CSE-B,ALT-01847,ASSET-051,CRITICAL,Suspicious Login,2026-02-17 04:21:20,2026-02-17 04:38:06,2026-02-17 04:50:06,2026-02-17 06:58:04,2026-02-17 08:30:35,False,True Positive,True,Analyst investigation performed; packet capture and EDR evidence attached.,CRITICAL,142,87
CSE-C,ALT-01848,ASSET-078,CRITICAL,Suspicious Login,2026-06-08 01:34:34,2026-06-08 01:39:48,,,2026-06-08 01:36:41,False,Under Investigation,False,,CRITICAL,137,20
CSE-C,ALT-01849,ASSET-070,HIGH,Suspicious Login,2026-05-23 16:51:51,2026-05-23 17:20:34,,,2026-05-24 00:34:55,False,True Positive,False,N/A,HIGH,117,51
CSE-C,ALT-01850,ASSET-056,MEDIUM,Unauthorized Access,2026-04-28 09:24:03,2026-04-28 09:53:35,2026-04-28 10:03:35,2026-04-28 10:18:02,2026-04-28 13:27:13,False,Under Investigation,True,Alert correlated with threat intel; full timeline documented.,MEDIUM,194,23
CSE-C,ALT-01851,ASSET-062,CRITICAL,Unauthorized Access,2026-05-10 15:04:57,2026-05-10 15:51:58,,,2026-05-10 19:03:48,False,True Positive,False,Closed quickly — no notes.,CRITICAL,162,67
CSE-B,ALT-01852,ASSET-092,LOW,Suspicious Login,2026-03-25 11:42:31,2026-03-25 12:19:11,,,2026-03-25 19:52:09,False,Benign True Positive,False,N/A,CRITICAL,84,69
CSE-D,ALT-01853,ASSET-066,HIGH,Data Exfiltration,2026-03-06 16:20:26,2026-03-06 16:34:32,2026-03-06 16:38:32,2026-03-06 19:26:10,2026-03-06 19:04:06,True,False Positive,True,Alert correlated with threat intel; full timeline documented.,HIGH,144,150
CSE-E,ALT-01854,ASSET-087,MEDIUM,Network Anomaly,2026-06-07 09:16:16,2026-06-07 10:39:13,,,2026-06-07 15:15:56,False,Under Investigation,False,,MEDIUM,162,79
CSE-E,ALT-01855,ASSET-051,MEDIUM,Unauthorized Access,2026-01-23 14:06:17,2026-01-23 14:18:11,2026-01-23 14:36:11,2026-01-23 15:39:55,2026-01-23 16:26:45,False,True Positive,True,"Reviewed source IP, asset logs and correlated with previous alerts.",HIGH,118,66
CSE-E,ALT-01856,ASSET-021,CRITICAL,Suspicious Login,2026-06-15 06:56:31,2026-06-15 08:05:09,,,2026-06-15 17:55:00,True,Under Investigation,False,,CRITICAL,89,49
CSE-E,ALT-01857,ASSET-088,LOW,Suspicious Login,2026-01-08 11:36:15,2026-01-08 12:55:21,2026-01-08 13:02:21,2026-01-08 13:26:20,2026-01-08 17:29:13,False,Benign True Positive,True,"Reviewed source IP, asset logs and correlated with previous alerts.",CRITICAL,87,44
CSE-E,ALT-01858,ASSET-032,MEDIUM,Brute Force,2026-02-12 12:07:15,2026-02-12 12:27:50,2026-02-12 12:41:50,2026-02-12 14:50:01,2026-02-12 14:48:01,False,Benign True Positive,True,Analyst reviewed logs and confirmed activity with evidence archived.,CRITICAL,186,119
CSE-D,ALT-01859,ASSET-028,LOW,Malware,2026-01-02 10:47:41,2026-01-02 11:08:21,,,2026-01-02 13:29:50,False,True Positive,False,N/A,MEDIUM,102,109
CSE-E,ALT-01860,ASSET-092,HIGH,Data Exfiltration,2026-05-11 16:25:07,2026-05-11 17:18:05,2026-05-11 17:28:05,2026-05-11 19:39:24,2026-05-11 19:41:12,False,Benign True Positive,True,Alert correlated with threat intel; full timeline documented.,MEDIUM,185,86
CSE-B,ALT-01861,ASSET-015,MEDIUM,Suspicious Login,2026-01-09 01:49:02,2026-01-09 03:13:17,2026-01-09 03:37:17,2026-01-09 05:55:17,2026-01-09 07:09:35,False,False Positive,True,Analyst investigation performed; packet capture and EDR evidence attached.,CRITICAL,122,76
CSE-A,ALT-01862,ASSET-021,CRITICAL,Data Exfiltration,2026-02-15 10:17:34,2026-02-15 10:26:42,2026-02-15 10:51:42,2026-02-15 14:05:53,2026-02-15 17:20:51,False,True Positive,True,Alert correlated with threat intel; full timeline documented.,CRITICAL,135,123
CSE-C,ALT-01863,ASSET-077,CRITICAL,Data Exfiltration,2026-02-12 16:51:43,2026-02-12 16:53:49,,,2026-02-12 16:52:50,False,Under Investigation,False,,CRITICAL,132,25
CSE-C,ALT-01864,ASSET-044,MEDIUM,Unauthorized Access,2026-04-24 09:16:10,2026-04-24 09:27:12,,,2026-04-24 10:29:42,False,Escalated to Tier-2,False,Closed quickly — no notes.,CRITICAL,199,26
CSE-A,ALT-01865,ASSET-071,MEDIUM,Data Exfiltration,2026-01-20 13:47:49,2026-01-20 13:51:52,2026-01-20 13:52:52,2026-01-20 17:57:12,2026-01-20 14:39:25,False,True Positive,True,Investigation completed; evidence recorded and escalated per playbook.,CRITICAL,198,177
CSE-B,ALT-01866,ASSET-044,LOW,Phishing,2026-04-22 17:23:03,2026-04-22 17:28:38,2026-04-22 17:36:38,2026-04-22 17:48:19,2026-04-23 00:40:55,False,Under Investigation,True,Alert correlated with threat intel; full timeline documented.,MEDIUM,129,82
CSE-A,ALT-01867,ASSET-097,MEDIUM,Suspicious Login,2026-04-24 16:33:15,2026-04-24 16:58:23,2026-04-24 17:17:23,2026-04-24 17:45:30,2026-04-24 21:44:31,True,True Positive,True,Analyst investigation performed; packet capture and EDR evidence attached.,CRITICAL,185,146
CSE-D,ALT-01868,ASSET-061,LOW,Unauthorized Access,2026-05-17 09:40:23,2026-05-17 09:42:34,2026-05-17 09:55:34,2026-05-17 12:51:38,2026-05-17 22:13:04,False,Under Investigation,True,Analyst reviewed logs and confirmed activity with evidence archived.,MEDIUM,172,134
CSE-D,ALT-01869,ASSET-040,HIGH,Privilege Escalation,2026-04-23 17:42:35,2026-04-23 17:56:47,2026-04-23 17:59:47,2026-04-23 19:38:44,2026-04-23 19:54:15,False,Benign True Positive,True,Investigation completed; evidence recorded and escalated per playbook.,HIGH,149,146
CSE-E,ALT-01870,ASSET-044,LOW,Brute Force,2026-05-28 11:07:06,2026-05-28 12:49:00,2026-05-28 13:00:00,2026-05-28 14:49:31,2026-05-28 21:09:28,False,True Positive,True,Alert correlated with threat intel; full timeline documented.,CRITICAL,172,124
CSE-D,ALT-01871,ASSET-030,CRITICAL,Suspicious Login,2026-01-25 14:13:21,2026-01-25 14:18:20,2026-01-25 14:33:20,2026-01-25 15:08:28,2026-01-26 00:46:20,True,Escalated to Tier-2,True,"Reviewed source IP, asset logs and correlated with previous alerts.",CRITICAL,100,97
CSE-B,ALT-01872,ASSET-065,HIGH,Data Exfiltration,2026-02-08 15:01:40,2026-02-08 16:22:21,2026-02-08 16:40:21,2026-02-08 17:53:54,2026-02-09 02:20:51,False,False Positive,True,Analyst investigation performed; packet capture and EDR evidence attached.,HIGH,187,178
CSE-E,ALT-01873,ASSET-065,LOW,Data Exfiltration,2026-02-25 14:47:44,2026-02-25 15:53:41,2026-02-25 15:54:41,2026-02-25 16:41:25,2026-02-25 16:49:38,False,True Positive,True,Investigation completed; evidence recorded and escalated per playbook.,HIGH,178,98
CSE-E,ALT-01874,ASSET-071,HIGH,Unauthorized Access,2026-03-15 13:32:08,2026-03-15 15:03:37,2026-03-15 15:21:37,2026-03-15 16:25:57,2026-03-15 21:23:45,False,Benign True Positive,True,Alert correlated with threat intel; full timeline documented.,MEDIUM,176,126
CSE-B,ALT-01875,ASSET-032,LOW,Suspicious Login,2026-05-02 12:51:53,2026-05-02 13:27:47,2026-05-02 13:28:47,2026-05-02 15:13:27,2026-05-02 14:55:41,True,False Positive,True,"Reviewed source IP, asset logs and correlated with previous alerts.",CRITICAL,85,47
CSE-A,ALT-01876,ASSET-005,MEDIUM,Data Exfiltration,2026-03-07 11:43:11,2026-03-07 12:12:37,2026-03-07 12:18:37,2026-03-07 17:04:12,2026-03-07 16:04:33,True,False Positive,True,Alert correlated with threat intel; full timeline documented.,CRITICAL,114,96
CSE-C,ALT-01877,ASSET-081,CRITICAL,Phishing,2026-02-07 10:47:29,2026-02-07 11:09:45,,,2026-02-07 10:50:59,False,Under Investigation,False,,CRITICAL,154,22
CSE-A,ALT-01878,ASSET-057,HIGH,Brute Force,2026-02-01 13:55:17,2026-02-01 14:21:48,2026-02-01 14:27:48,2026-02-01 16:51:30,2026-02-01 20:01:59,False,Under Investigation,True,Alert correlated with threat intel; full timeline documented.,CRITICAL,136,136
CSE-B,ALT-01879,ASSET-010,MEDIUM,Network Anomaly,2026-04-06 19:27:51,2026-04-06 19:48:14,2026-04-06 19:49:14,2026-04-06 20:09:43,2026-04-06 22:20:30,False,Escalated to Tier-2,True,Investigation completed; evidence recorded and escalated per playbook.,MEDIUM,126,114
CSE-E,ALT-01880,ASSET-039,HIGH,Data Exfiltration,2026-01-13 16:56:52,2026-01-13 18:55:27,2026-01-13 19:06:27,2026-01-13 20:01:31,2026-01-14 03:55:32,False,False Positive,True,Analyst reviewed logs and confirmed activity with evidence archived.,MEDIUM,131,100
CSE-D,ALT-01881,ASSET-077,LOW,Phishing,2026-02-22 10:12:58,2026-02-22 10:23:38,2026-02-22 10:37:38,2026-02-22 14:28:25,2026-02-22 18:01:45,False,False Positive,True,Analyst investigation performed; packet capture and EDR evidence attached.,HIGH,111,112
CSE-E,ALT-01882,ASSET-014,CRITICAL,Suspicious Login,2026-01-17 17:22:38,2026-01-17 18:57:18,2026-01-17 19:08:18,2026-01-17 19:15:45,2026-01-17 23:54:46,True,Benign True Positive,True,Analyst reviewed logs and confirmed activity with evidence archived.,CRITICAL,70,33
CSE-A,ALT-01883,ASSET-008,MEDIUM,Malware,2026-03-07 06:23:58,2026-03-07 06:41:08,2026-03-07 07:01:08,2026-03-07 11:53:34,2026-03-07 11:18:48,True,Escalated to Tier-2,True,Analyst investigation performed; packet capture and EDR evidence attached.,HIGH,193,154
CSE-E,ALT-01884,ASSET-037,HIGH,Privilege Escalation,2026-01-10 21:06:25,2026-01-10 22:48:49,2026-01-10 23:09:49,2026-01-11 01:10:21,2026-01-11 02:00:51,False,Benign True Positive,True,Investigation completed; evidence recorded and escalated per playbook.,CRITICAL,139,71
CSE-A,ALT-01885,ASSET-042,MEDIUM,Data Exfiltration,2026-05-06 16:13:04,2026-05-06 16:37:26,2026-05-06 16:43:26,2026-05-06 21:24:11,2026-05-07 03:36:11,False,True Positive,True,Investigation completed; evidence recorded and escalated per playbook.,MEDIUM,169,154
CSE-E,ALT-01886,ASSET-093,MEDIUM,Data Exfiltration,2026-01-08 17:30:30,2026-01-08 18:49:00,2026-01-08 19:09:00,2026-01-08 21:58:34,2026-01-09 01:53:28,False,False Positive,True,"Reviewed source IP, asset logs and correlated with previous alerts.",HIGH,80,45
CSE-E,ALT-01887,ASSET-071,HIGH,Brute Force,2026-03-23 13:47:52,2026-03-23 15:41:06,2026-03-23 15:49:06,2026-03-23 17:21:57,2026-03-23 16:33:01,False,False Positive,True,Alert correlated with threat intel; full timeline documented.,HIGH,168,99
CSE-E,ALT-01888,ASSET-050,HIGH,Privilege Escalation,2026-03-20 15:42:01,2026-03-20 16:49:21,,,2026-03-20 18:43:24,True,False Positive,False,,CRITICAL,105,68
CSE-C,ALT-01889,ASSET-044,LOW,Malware,2026-02-03 11:47:37,2026-02-03 12:06:40,,,2026-02-03 17:50:54,False,Benign True Positive,False,N/A,CRITICAL,125,50
CSE-D,ALT-01890,ASSET-096,LOW,Privilege Escalation,2026-01-10 14:14:58,2026-01-10 14:38:57,2026-01-10 15:03:57,2026-01-10 18:04:26,2026-01-10 23:56:53,False,False Positive,True,"Reviewed source IP, asset logs and correlated with previous alerts.",MEDIUM,125,123
CSE-C,ALT-01891,ASSET-099,CRITICAL,Suspicious Login,2026-03-26 18:48:53,2026-03-26 19:08:19,,,2026-03-26 19:54:24,False,Escalated to Tier-2,False,N/A,CRITICAL,151,60
CSE-B,ALT-01892,ASSET-067,MEDIUM,Unauthorized Access,2026-03-25 07:08:50,2026-03-25 08:33:15,2026-03-25 08:55:15,2026-03-25 11:30:14,2026-03-25 09:57:24,True,True Positive,True,Analyst investigation performed; packet capture and EDR evidence attached.,HIGH,79,52
CSE-E,ALT-01893,ASSET-091,HIGH,Brute Force,2026-03-29 10:24:08,2026-03-29 11:05:17,2026-03-29 11:29:17,2026-03-29 12:55:47,2026-03-29 15:17:10,False,False Positive,True,Investigation completed; evidence recorded and escalated per playbook.,MEDIUM,193,113
CSE-C,ALT-01894,ASSET-025,CRITICAL,Phishing,2026-04-17 11:13:46,2026-04-17 11:42:33,,,2026-04-17 11:18:36,False,False Positive,False,Closed quickly — no notes.,CRITICAL,173,47
CSE-E,ALT-01895,ASSET-050,LOW,Data Exfiltration,2026-06-18 17:39:02,2026-06-18 18:20:08,,,2026-06-18 19:52:38,True,Under Investigation,False,N/A,CRITICAL,132,75
CSE-B,ALT-01896,ASSET-071,CRITICAL,Privilege Escalation,2026-03-16 14:08:15,2026-03-16 15:06:56,,,2026-03-16 14:10:58,True,False Positive,False,N/A,HIGH,87,46
CSE-D,ALT-01897,ASSET-008,MEDIUM,Unauthorized Access,2026-05-08 15:49:29,2026-05-08 15:59:23,2026-05-08 16:24:23,2026-05-08 20:32:47,2026-05-08 23:04:45,False,Benign True Positive,True,Investigation completed; evidence recorded and escalated per playbook.,CRITICAL,195,208
CSE-E,ALT-01898,ASSET-080,HIGH,Phishing,2026-02-21 10:53:06,2026-02-21 12:53:09,2026-02-21 13:13:09,2026-02-21 14:10:45,2026-02-21 19:38:22,False,True Positive,True,Investigation completed; evidence recorded and escalated per playbook.,MEDIUM,104,52
CSE-B,ALT-01899,ASSET-055,MEDIUM,Brute Force,2026-02-22 10:11:19,2026-02-22 11:39:52,2026-02-22 12:03:52,2026-02-22 12:16:21,2026-02-22 14:36:16,False,False Positive,True,Analyst reviewed logs and confirmed activity with evidence archived.,CRITICAL,182,116
CSE-C,ALT-01900,ASSET-075,MEDIUM,Brute Force,2026-03-18 17:39:30,2026-03-18 18:07:40,2026-03-18 18:21:40,2026-03-18 18:33:15,2026-03-19 00:43:56,False,Under Investigation,True,"Reviewed source IP, asset logs and correlated with previous alerts.",HIGH,96,16
CSE-A,ALT-01901,ASSET-048,MEDIUM,Privilege Escalation,2026-05-03 11:46:10,2026-05-03 12:09:12,2026-05-03 12:33:12,2026-05-03 15:52:44,2026-05-03 16:25:41,False,True Positive,True,Analyst investigation performed; packet capture and EDR evidence attached.,HIGH,148,127
CSE-E,ALT-01902,ASSET-038,LOW,Phishing,2026-06-04 10:24:24,2026-06-04 11:56:10,2026-06-04 12:15:10,2026-06-04 12:37:57,2026-06-04 17:03:30,False,False Positive,True,Analyst investigation performed; packet capture and EDR evidence attached.,MEDIUM,180,99
CSE-B,ALT-01903,ASSET-002,HIGH,Malware,2026-01-08 15:19:10,2026-01-08 16:03:05,2026-01-08 16:27:05,2026-01-08 18:46:29,2026-01-09 01:44:28,False,False Positive,True,Alert correlated with threat intel; full timeline documented.,MEDIUM,198,157
CSE-E,ALT-01904,ASSET-044,MEDIUM,Malware,2026-02-01 10:16:24,2026-02-01 11:18:26,,,2026-02-01 15:36:53,False,Under Investigation,False,N/A,MEDIUM,102,77
CSE-A,ALT-01905,ASSET-029,LOW,Phishing,2026-06-20 17:15:57,2026-06-20 17:39:59,2026-06-20 17:55:59,2026-06-20 20:14:16,2026-06-20 19:08:42,False,False Positive,True,Alert correlated with threat intel; full timeline documented.,MEDIUM,81,85
CSE-E,ALT-01906,ASSET-052,CRITICAL,Brute Force,2026-04-09 11:56:30,2026-04-09 12:43:23,2026-04-09 12:55:23,2026-04-09 14:14:04,2026-04-09 16:35:18,True,Benign True Positive,True,"Reviewed source IP, asset logs and correlated with previous alerts.",HIGH,156,127
CSE-A,ALT-01907,ASSET-075,MEDIUM,Unauthorized Access,2026-05-14 02:23:22,2026-05-14 02:37:09,2026-05-14 03:00:09,2026-05-14 06:01:32,2026-05-14 10:28:14,False,False Positive,True,Alert correlated with threat intel; full timeline documented.,MEDIUM,85,81
CSE-B,ALT-01908,ASSET-034,HIGH,Unauthorized Access,2026-06-13 15:19:20,2026-06-13 15:40:04,2026-06-13 15:43:04,2026-06-13 16:44:17,2026-06-13 21:52:30,False,True Positive,True,Analyst investigation performed; packet capture and EDR evidence attached.,MEDIUM,89,67
CSE-D,ALT-01909,ASSET-074,MEDIUM,Brute Force,2026-06-01 11:28:41,2026-06-01 11:53:08,2026-06-01 12:08:08,2026-06-01 15:02:43,2026-06-01 22:46:39,False,False Positive,True,Alert correlated with threat intel; full timeline documented.,MEDIUM,144,142
CSE-B,ALT-01910,ASSET-033,CRITICAL,Unauthorized Access,2026-02-27 11:45:31,2026-02-27 13:10:34,2026-02-27 13:17:34,2026-02-27 15:02:10,2026-02-27 19:36:26,False,True Positive,True,"Reviewed source IP, asset logs and correlated with previous alerts.",CRITICAL,100,59
CSE-D,ALT-01911,ASSET-086,MEDIUM,Malware,2026-01-29 12:28:06,2026-01-29 12:49:11,2026-01-29 13:06:11,2026-01-29 16:58:26,2026-01-30 01:27:52,True,False Positive,True,Alert correlated with threat intel; full timeline documented.,HIGH,183,166
CSE-B,ALT-01912,ASSET-009,HIGH,Malware,2026-04-16 16:07:30,2026-04-16 16:39:11,2026-04-16 16:55:11,2026-04-16 18:56:34,2026-04-16 22:05:21,False,False Positive,True,Alert correlated with threat intel; full timeline documented.,CRITICAL,146,126
CSE-B,ALT-01913,ASSET-093,LOW,Suspicious Login,2026-05-01 12:43:48,2026-05-01 13:05:07,2026-05-01 13:11:07,2026-05-01 15:09:26,2026-05-01 17:06:54,False,True Positive,True,Alert correlated with threat intel; full timeline documented.,CRITICAL,157,135
CSE-A,ALT-01914,ASSET-084,MEDIUM,Suspicious Login,2026-01-04 18:26:00,2026-01-04 18:49:53,2026-01-04 19:11:53,2026-01-04 22:15:25,2026-01-04 21:57:35,True,True Positive,True,Alert correlated with threat intel; full timeline documented.,MEDIUM,191,143
CSE-A,ALT-01915,ASSET-079,MEDIUM,Suspicious Login,2026-05-09 15:55:31,2026-05-09 16:23:09,2026-05-09 16:30:09,2026-05-09 20:05:36,2026-05-09 23:50:23,False,Benign True Positive,True,Alert correlated with threat intel; full timeline documented.,HIGH,102,99
CSE-B,ALT-01916,ASSET-036,HIGH,Privilege Escalation,2026-05-29 14:44:00,2026-05-29 15:13:12,,,2026-05-29 16:33:57,False,Benign True Positive,False,Closed quickly — no notes.,MEDIUM,77,69
CSE-C,ALT-01917,ASSET-013,CRITICAL,Data Exfiltration,2026-06-20 12:25:09,2026-06-20 13:11:25,,,2026-06-20 17:21:09,False,Under Investigation,False,,CRITICAL,194,87
CSE-A,ALT-01918,ASSET-046,MEDIUM,Network Anomaly,2026-05-23 10:08:08,2026-05-23 10:33:02,2026-05-23 10:44:02,2026-05-23 12:16:20,2026-05-23 16:17:52,False,True Positive,True,Analyst investigation performed; packet capture and EDR evidence attached.,CRITICAL,172,168
CSE-B,ALT-01919,ASSET-046,MEDIUM,Suspicious Login,2026-01-02 02:31:20,2026-01-02 02:51:37,2026-01-02 03:06:37,2026-01-02 05:19:03,2026-01-02 04:52:52,False,True Positive,True,Investigation completed; evidence recorded and escalated per playbook.,HIGH,158,92
CSE-B,ALT-01920,ASSET-075,MEDIUM,Unauthorized Access,2026-01-28 22:22:20,2026-01-28 23:51:37,2026-01-29 00:10:37,2026-01-29 03:06:29,2026-01-29 02:36:13,False,Under Investigation,True,Analyst reviewed logs and confirmed activity with evidence archived.,MEDIUM,118,95
CSE-C,ALT-01921,ASSET-005,HIGH,Unauthorized Access,2026-04-12 13:03:58,2026-04-12 13:39:32,,,2026-04-12 19:19:53,True,Under Investigation,False,Closed quickly — no notes.,MEDIUM,164,79
CSE-E,ALT-01922,ASSET-075,HIGH,Unauthorized Access,2026-04-24 11:25:13,2026-04-24 12:42:57,2026-04-24 13:06:57,2026-04-24 14:45:56,2026-04-24 16:20:21,False,Escalated to Tier-2,True,Analyst investigation performed; packet capture and EDR evidence attached.,MEDIUM,92,49
CSE-A,ALT-01923,ASSET-029,MEDIUM,Brute Force,2026-05-24 22:54:14,2026-05-24 23:09:16,2026-05-24 23:25:16,2026-05-25 04:13:18,2026-05-25 02:13:16,False,True Positive,True,Alert correlated with threat intel; full timeline documented.,MEDIUM,171,144
CSE-A,ALT-01924,ASSET-100,LOW,Suspicious Login,2026-01-03 19:43:39,2026-01-03 19:59:04,2026-01-03 20:13:04,2026-01-03 22:20:32,2026-01-03 21:01:16,False,True Positive,True,"Reviewed source IP, asset logs and correlated with previous alerts.",CRITICAL,108,119
CSE-C,ALT-01925,ASSET-076,HIGH,Malware,2026-04-28 09:02:22,2026-04-28 09:29:04,,,2026-04-28 16:41:22,False,Escalated to Tier-2,False,Closed quickly — no notes.,HIGH,151,16
CSE-D,ALT-01926,ASSET-031,LOW,Data Exfiltration,2026-06-03 15:41:16,2026-06-03 16:06:54,2026-06-03 16:30:54,2026-06-03 19:40:11,2026-06-04 02:29:35,False,Benign True Positive,True,Alert correlated with threat intel; full timeline documented.,MEDIUM,86,90
CSE-E,ALT-01927,ASSET-035,MEDIUM,Brute Force,2026-01-15 11:16:13,2026-01-15 11:33:21,,,2026-01-15 19:11:14,False,True Positive,False,,MEDIUM,200,166
CSE-A,ALT-01928,ASSET-008,MEDIUM,Malware,2026-03-20 10:32:49,2026-03-20 10:44:13,2026-03-20 10:55:13,2026-03-20 15:10:02,2026-03-20 12:10:14,True,False Positive,True,Analyst reviewed logs and confirmed activity with evidence archived.,MEDIUM,198,148
CSE-E,ALT-01929,ASSET-071,MEDIUM,Privilege Escalation,2026-03-07 12:57:40,2026-03-07 13:42:26,2026-03-07 13:50:26,2026-03-07 15:38:14,2026-03-07 18:05:18,False,Escalated to Tier-2,True,Analyst investigation performed; packet capture and EDR evidence attached.,HIGH,96,55
CSE-E,ALT-01930,ASSET-033,HIGH,Unauthorized Access,2026-05-08 12:44:09,2026-05-08 13:02:21,,,2026-05-08 18:27:29,False,False Positive,False,Closed quickly — no notes.,MEDIUM,114,63
CSE-A,ALT-01931,ASSET-095,CRITICAL,Malware,2026-02-20 20:31:19,2026-02-20 21:01:06,2026-02-20 21:11:06,2026-02-20 22:51:48,2026-02-21 00:51:26,False,Benign True Positive,True,Analyst investigation performed; packet capture and EDR evidence attached.,CRITICAL,167,135
CSE-B,ALT-01932,ASSET-041,MEDIUM,Network Anomaly,2026-06-23 16:59:24,2026-06-23 17:59:26,,,2026-06-23 21:19:19,False,False Positive,False,Closed quickly — no notes.,MEDIUM,88,78
CSE-A,ALT-01933,ASSET-097,MEDIUM,Network Anomaly,2026-05-21 16:52:18,2026-05-21 17:04:00,2026-05-21 17:11:00,2026-05-21 17:36:33,2026-05-22 02:31:12,False,True Positive,True,Analyst reviewed logs and confirmed activity with evidence archived.,HIGH,106,108
CSE-D,ALT-01934,ASSET-029,LOW,Suspicious Login,2026-04-09 08:16:32,2026-04-09 08:24:28,2026-04-09 08:28:28,2026-04-09 11:42:27,2026-04-09 18:56:33,False,True Positive,True,Investigation completed; evidence recorded and escalated per playbook.,MEDIUM,93,76
CSE-E,ALT-01935,ASSET-020,HIGH,Privilege Escalation,2026-04-23 13:51:53,2026-04-23 14:54:24,2026-04-23 14:59:24,2026-04-23 17:54:59,2026-04-23 17:38:12,True,True Positive,True,Analyst investigation performed; packet capture and EDR evidence attached.,HIGH,183,107
CSE-C,ALT-01936,ASSET-085,CRITICAL,Suspicious Login,2026-03-02 09:13:13,2026-03-02 09:40:13,2026-03-02 09:56:13,2026-03-02 10:14:43,2026-03-02 15:29:23,False,Under Investigation,True,Analyst reviewed logs and confirmed activity with evidence archived.,CRITICAL,133,60
CSE-A,ALT-01937,ASSET-093,HIGH,Unauthorized Access,2026-03-14 16:04:30,2026-03-14 16:15:14,2026-03-14 16:38:14,2026-03-14 19:31:34,2026-03-15 00:43:36,False,False Positive,True,"Reviewed source IP, asset logs and correlated with previous alerts.",HIGH,183,159
CSE-E,ALT-01938,ASSET-070,CRITICAL,Privilege Escalation,2026-02-05 09:49:45,2026-02-05 10:09:37,2026-02-05 10:13:37,2026-02-05 10:45:29,2026-02-05 17:58:07,False,Under Investigation,True,Analyst reviewed logs and confirmed activity with evidence archived.,CRITICAL,187,117
CSE-D,ALT-01939,ASSET-023,LOW,Privilege Escalation,2026-01-16 09:09:38,2026-01-16 09:28:50,2026-01-16 09:35:50,2026-01-16 10:25:45,2026-01-16 14:17:06,False,Benign True Positive,True,Analyst investigation performed; packet capture and EDR evidence attached.,MEDIUM,120,114
CSE-A,ALT-01940,ASSET-007,HIGH,Phishing,2026-03-30 13:06:54,2026-03-30 13:15:43,2026-03-30 13:20:43,2026-03-30 15:41:02,2026-03-30 20:08:51,False,True Positive,True,Analyst investigation performed; packet capture and EDR evidence attached.,HIGH,120,126
CSE-D,ALT-01941,ASSET-050,LOW,Suspicious Login,2026-04-14 09:07:52,2026-04-14 09:30:04,2026-04-14 09:39:04,2026-04-14 11:08:33,2026-04-14 16:56:11,False,Benign True Positive,True,Analyst reviewed logs and confirmed activity with evidence archived.,MEDIUM,171,187
CSE-D,ALT-01942,ASSET-089,MEDIUM,Network Anomaly,2026-03-06 12:04:57,2026-03-06 12:13:37,2026-03-06 12:20:37,2026-03-06 17:19:59,2026-03-06 21:14:12,False,Under Investigation,True,Investigation completed; evidence recorded and escalated per playbook.,CRITICAL,147,117
CSE-A,ALT-01943,ASSET-051,LOW,Suspicious Login,2026-02-15 13:47:05,2026-02-15 14:13:55,2026-02-15 14:19:55,2026-02-15 16:29:03,2026-02-15 14:59:50,False,Escalated to Tier-2,True,Analyst investigation performed; packet capture and EDR evidence attached.,CRITICAL,110,107
CSE-A,ALT-01944,ASSET-030,LOW,Privilege Escalation,2026-03-12 13:44:04,2026-03-12 14:12:38,2026-03-12 14:23:38,2026-03-12 19:14:35,2026-03-12 19:01:43,False,True Positive,True,Analyst investigation performed; packet capture and EDR evidence attached.,HIGH,108,79
CSE-E,ALT-01945,ASSET-065,CRITICAL,Network Anomaly,2026-02-18 14:10:55,2026-02-18 15:33:55,2026-02-18 15:48:55,2026-02-18 18:22:47,2026-02-18 22:07:23,True,Under Investigation,True,Analyst investigation performed; packet capture and EDR evidence attached.,CRITICAL,105,48
CSE-C,ALT-01946,ASSET-051,CRITICAL,Unauthorized Access,2026-02-14 13:55:58,2026-02-14 14:31:18,,,2026-02-14 13:58:11,False,False Positive,False,,HIGH,117,28
CSE-D,ALT-01947,ASSET-078,HIGH,Malware,2026-05-22 09:42:06,2026-05-22 09:59:16,2026-05-22 10:04:16,2026-05-22 14:43:05,2026-05-22 15:00:29,False,False Positive,True,Analyst reviewed logs and confirmed activity with evidence archived.,CRITICAL,185,197
CSE-D,ALT-01948,ASSET-053,HIGH,Brute Force,2026-06-11 13:05:16,2026-06-11 13:28:01,2026-06-11 13:50:01,2026-06-11 14:22:15,2026-06-11 15:30:46,False,True Positive,True,Analyst reviewed logs and confirmed activity with evidence archived.,CRITICAL,128,114
CSE-E,ALT-01949,ASSET-001,HIGH,Privilege Escalation,2026-03-20 09:02:34,2026-03-20 10:28:55,2026-03-20 10:41:55,2026-03-20 11:25:05,2026-03-20 16:53:59,False,True Positive,True,Analyst investigation performed; packet capture and EDR evidence attached.,HIGH,179,87
CSE-D,ALT-01950,ASSET-080,LOW,Malware,2026-02-16 00:12:18,2026-02-16 00:27:55,2026-02-16 00:31:55,2026-02-16 04:33:11,2026-02-16 12:43:16,True,Under Investigation,True,Analyst investigation performed; packet capture and EDR evidence attached.,CRITICAL,185,183
CSE-C,ALT-01951,ASSET-023,CRITICAL,Malware,2026-04-17 17:23:34,2026-04-17 17:58:52,2026-04-17 18:14:52,2026-04-17 18:44:51,2026-04-17 19:34:50,False,False Positive,True,"Reviewed source IP, asset logs and correlated with previous alerts.",CRITICAL,117,56
CSE-B,ALT-01952,ASSET-045,HIGH,Phishing,2026-01-04 10:09:41,2026-01-04 10:16:24,2026-01-04 10:22:24,2026-01-04 13:04:57,2026-01-04 11:10:34,False,Benign True Positive,True,Investigation completed; evidence recorded and escalated per playbook.,HIGH,77,69
CSE-D,ALT-01953,ASSET-073,HIGH,Privilege Escalation,2026-03-01 22:25:12,2026-03-01 22:30:43,2026-03-01 22:39:43,2026-03-02 02:48:19,2026-03-02 05:35:59,False,True Positive,True,Investigation completed; evidence recorded and escalated per playbook.,MEDIUM,190,178
CSE-C,ALT-01954,ASSET-088,MEDIUM,Suspicious Login,2026-02-10 12:04:32,2026-02-10 12:48:29,,,2026-02-10 19:51:10,False,Under Investigation,False,Closed quickly — no notes.,HIGH,104,50
CSE-E,ALT-01955,ASSET-030,CRITICAL,Suspicious Login,2026-04-17 11:50:21,2026-04-17 12:01:15,2026-04-17 12:03:15,2026-04-17 14:11:02,2026-04-17 14:45:32,False,Benign True Positive,True,"Reviewed source IP, asset logs and correlated with previous alerts.",CRITICAL,83,42
CSE-C,ALT-01956,ASSET-020,CRITICAL,Suspicious Login,2026-05-05 15:46:52,2026-05-05 15:57:42,,,2026-05-05 15:50:10,False,False Positive,False,N/A,MEDIUM,135,53
CSE-B,ALT-01957,ASSET-008,HIGH,Malware,2026-05-14 13:20:52,2026-05-14 13:38:10,2026-05-14 13:59:10,2026-05-14 15:07:03,2026-05-14 14:55:42,False,True Positive,True,"Reviewed source IP, asset logs and correlated with previous alerts.",MEDIUM,139,131
CSE-D,ALT-01958,ASSET-033,MEDIUM,Privilege Escalation,2026-05-30 14:22:07,2026-05-30 14:41:15,2026-05-30 14:56:15,2026-05-30 19:20:25,2026-05-30 16:41:54,True,True Positive,True,Analyst reviewed logs and confirmed activity with evidence archived.,HIGH,168,139
CSE-A,ALT-01959,ASSET-087,MEDIUM,Network Anomaly,2026-03-06 00:20:01,2026-03-06 00:28:46,2026-03-06 00:41:46,2026-03-06 05:27:29,2026-03-06 05:57:44,False,False Positive,True,Analyst investigation performed; packet capture and EDR evidence attached.,MEDIUM,176,143
CSE-C,ALT-01960,ASSET-070,HIGH,Unauthorized Access,2026-04-07 15:06:08,2026-04-07 15:21:33,2026-04-07 15:23:33,2026-04-07 15:49:51,2026-04-07 17:55:39,False,Under Investigation,True,Alert correlated with threat intel; full timeline documented.,CRITICAL,145,46
CSE-E,ALT-01961,ASSET-100,MEDIUM,Privilege Escalation,2026-02-03 23:09:37,2026-02-04 00:34:55,2026-02-04 00:41:55,2026-02-04 03:15:10,2026-02-04 02:59:20,True,False Positive,True,Investigation completed; evidence recorded and escalated per playbook.,MEDIUM,193,162
CSE-B,ALT-01962,ASSET-083,MEDIUM,Unauthorized Access,2026-04-18 09:52:13,2026-04-18 11:23:00,2026-04-18 11:30:00,2026-04-18 13:17:30,2026-04-18 13:04:29,False,True Positive,True,Analyst investigation performed; packet capture and EDR evidence attached.,HIGH,133,93
CSE-D,ALT-01963,ASSET-051,LOW,Suspicious Login,2026-06-06 17:35:14,2026-06-06 17:56:28,2026-06-06 18:16:28,2026-06-06 21:34:43,2026-06-07 01:11:36,False,Under Investigation,True,Analyst investigation performed; packet capture and EDR evidence attached.,CRITICAL,163,155
CSE-B,ALT-01964,ASSET-087,HIGH,Network Anomaly,2026-03-02 09:30:05,2026-03-02 09:45:21,2026-03-02 10:05:21,2026-03-02 12:16:14,2026-03-02 18:01:42,False,False Positive,True,Investigation completed; evidence recorded and escalated per playbook.,MEDIUM,185,160
CSE-C,ALT-01965,ASSET-100,MEDIUM,Malware,2026-05-28 15:39:34,2026-05-28 15:45:12,2026-05-28 15:58:12,2026-05-28 16:27:33,2026-05-28 20:10:40,False,Benign True Positive,True,Analyst investigation performed; packet capture and EDR evidence attached.,MEDIUM,174,38
CSE-C,ALT-01966,ASSET-015,CRITICAL,Network Anomaly,2026-02-22 13:42:34,2026-02-22 14:41:28,,,2026-02-22 19:27:23,False,False Positive,False,,CRITICAL,130,43
CSE-C,ALT-01967,ASSET-009,LOW,Malware,2026-05-02 05:30:51,2026-05-02 05:38:48,,,2026-05-02 12:45:20,False,Under Investigation,False,N/A,MEDIUM,144,80
CSE-E,ALT-01968,ASSET-019,CRITICAL,Privilege Escalation,2026-05-10 12:57:26,2026-05-10 13:33:45,,,2026-05-10 13:00:54,False,Under Investigation,False,,HIGH,110,69
CSE-E,ALT-01969,ASSET-068,LOW,Brute Force,2026-02-12 19:11:39,2026-02-12 20:39:33,2026-02-12 20:51:33,2026-02-12 23:42:43,2026-02-12 22:10:12,False,True Positive,True,Investigation completed; evidence recorded and escalated per playbook.,CRITICAL,159,117
CSE-C,ALT-01970,ASSET-003,LOW,Data Exfiltration,2026-04-30 10:03:45,2026-04-30 10:55:02,2026-04-30 11:09:02,2026-04-30 11:17:09,2026-04-30 13:59:25,False,Escalated to Tier-2,True,Analyst investigation performed; packet capture and EDR evidence attached.,HIGH,105,35
CSE-C,ALT-01971,ASSET-016,CRITICAL,Brute Force,2026-03-11 09:02:00,2026-03-11 09:06:47,,,2026-03-11 12:36:13,False,False Positive,False,,CRITICAL,189,26
CSE-D,ALT-01972,ASSET-092,HIGH,Unauthorized Access,2026-05-15 12:00:46,2026-05-15 12:20:18,2026-05-15 12:31:18,2026-05-15 15:22:27,2026-05-15 16:52:05,False,Escalated to Tier-2,True,Alert correlated with threat intel; full timeline documented.,HIGH,185,185
CSE-C,ALT-01973,ASSET-086,CRITICAL,Network Anomaly,2026-06-26 16:00:26,2026-06-26 16:42:18,,,2026-06-26 16:03:58,False,Under Investigation,False,Closed quickly — no notes.,CRITICAL,97,46
CSE-B,ALT-01974,ASSET-001,LOW,Suspicious Login,2026-04-01 09:56:50,2026-04-01 10:57:34,,,2026-04-01 13:31:09,False,Benign True Positive,False,Closed quickly — no notes.,MEDIUM,97,69
CSE-A,ALT-01975,ASSET-001,HIGH,Suspicious Login,2026-03-31 10:00:02,2026-03-31 10:11:09,2026-03-31 10:15:09,2026-03-31 13:59:52,2026-03-31 19:22:38,False,False Positive,True,Alert correlated with threat intel; full timeline documented.,HIGH,99,108
CSE-D,ALT-01976,ASSET-089,HIGH,Unauthorized Access,2026-02-24 14:33:00,2026-02-24 14:48:55,2026-02-24 14:58:55,2026-02-24 16:45:39,2026-02-24 18:30:31,False,Escalated to Tier-2,True,Alert correlated with threat intel; full timeline documented.,CRITICAL,145,134
CSE-D,ALT-01977,ASSET-009,LOW,Unauthorized Access,2026-04-29 11:51:54,2026-04-29 12:07:56,2026-04-29 12:19:56,2026-04-29 15:14:11,2026-04-29 19:53:36,False,True Positive,True,Analyst reviewed logs and confirmed activity with evidence archived.,HIGH,119,129
CSE-D,ALT-01978,ASSET-014,HIGH,Unauthorized Access,2026-01-14 13:06:51,2026-01-14 13:23:48,2026-01-14 13:44:48,2026-01-14 14:22:31,2026-01-14 21:50:27,True,Benign True Positive,True,"Reviewed source IP, asset logs and correlated with previous alerts.",HIGH,181,176
CSE-B,ALT-01979,ASSET-037,HIGH,Brute Force,2026-03-02 17:02:14,2026-03-02 17:19:09,2026-03-02 17:44:09,2026-03-02 20:41:12,2026-03-03 00:22:37,False,Escalated to Tier-2,True,Alert correlated with threat intel; full timeline documented.,MEDIUM,153,103
CSE-B,ALT-01980,ASSET-071,HIGH,Brute Force,2026-06-27 19:17:17,2026-06-27 19:50:38,2026-06-27 19:56:38,2026-06-27 22:10:25,2026-06-27 21:36:07,False,True Positive,True,Alert correlated with threat intel; full timeline documented.,MEDIUM,131,126
CSE-A,ALT-01981,ASSET-041,LOW,Network Anomaly,2026-02-27 12:48:24,2026-02-27 13:15:15,2026-02-27 13:33:15,2026-02-27 17:05:33,2026-02-27 19:41:08,False,False Positive,True,Investigation completed; evidence recorded and escalated per playbook.,CRITICAL,136,102
CSE-C,ALT-01982,ASSET-017,LOW,Malware,2026-04-04 05:20:39,2026-04-04 05:44:41,,,2026-04-04 10:17:37,False,False Positive,False,N/A,MEDIUM,133,72
CSE-E,ALT-01983,ASSET-086,LOW,Unauthorized Access,2026-06-17 14:25:35,2026-06-17 15:21:13,2026-06-17 15:34:13,2026-06-17 16:42:33,2026-06-17 16:11:15,False,True Positive,True,Alert correlated with threat intel; full timeline documented.,HIGH,163,83
CSE-D,ALT-01984,ASSET-033,LOW,Privilege Escalation,2026-01-20 06:51:30,2026-01-20 07:09:46,2026-01-20 07:16:46,2026-01-20 08:06:39,2026-01-20 15:55:37,True,Under Investigation,True,"Reviewed source IP, asset logs and correlated with previous alerts.",MEDIUM,122,110
CSE-A,ALT-01985,ASSET-056,MEDIUM,Network Anomaly,2026-04-19 10:54:12,2026-04-19 11:04:38,2026-04-19 11:17:38,2026-04-19 13:54:21,2026-04-19 13:07:58,True,Benign True Positive,True,Alert correlated with threat intel; full timeline documented.,MEDIUM,111,86
CSE-B,ALT-01986,ASSET-006,LOW,Phishing,2026-04-26 17:42:06,2026-04-26 17:47:12,2026-04-26 18:10:12,2026-04-26 18:42:22,2026-04-27 01:50:16,False,False Positive,True,Analyst investigation performed; packet capture and EDR evidence attached.,MEDIUM,134,85
CSE-E,ALT-01987,ASSET-042,MEDIUM,Brute Force,2026-02-04 17:35:07,2026-02-04 18:42:55,,,2026-02-04 19:16:41,True,Under Investigation,False,,HIGH,73,47
CSE-E,ALT-01988,ASSET-029,CRITICAL,Brute Force,2026-03-10 12:41:18,2026-03-10 14:18:11,2026-03-10 14:20:11,2026-03-10 16:47:04,2026-03-10 15:32:32,False,Escalated to Tier-2,True,Analyst reviewed logs and confirmed activity with evidence archived.,HIGH,180,143
CSE-E,ALT-01989,ASSET-056,CRITICAL,Suspicious Login,2026-01-28 02:20:06,2026-01-28 03:17:50,2026-01-28 03:27:50,2026-01-28 05:19:51,2026-01-28 04:59:00,False,Under Investigation,True,"Reviewed source IP, asset logs and correlated with previous alerts.",MEDIUM,136,65
CSE-B,ALT-01990,ASSET-077,MEDIUM,Privilege Escalation,2026-05-25 12:14:25,2026-05-25 12:39:28,2026-05-25 12:48:28,2026-05-25 15:33:00,2026-05-25 17:39:05,False,Benign True Positive,True,Analyst investigation performed; packet capture and EDR evidence attached.,CRITICAL,114,84
CSE-B,ALT-01991,ASSET-066,CRITICAL,Data Exfiltration,2026-01-21 13:25:47,2026-01-21 14:26:10,2026-01-21 14:48:10,2026-01-21 16:23:41,2026-01-21 21:36:32,False,Under Investigation,True,Analyst reviewed logs and confirmed activity with evidence archived.,CRITICAL,143,138
CSE-C,ALT-01992,ASSET-091,LOW,Phishing,2026-03-02 19:26:43,2026-03-02 20:16:08,2026-03-02 20:20:08,2026-03-02 20:34:25,2026-03-02 20:56:41,False,Escalated to Tier-2,True,Investigation completed; evidence recorded and escalated per playbook.,MEDIUM,131,21
CSE-B,ALT-01993,ASSET-073,LOW,Malware,2026-05-01 09:15:57,2026-05-01 10:31:55,2026-05-01 10:40:55,2026-05-01 11:10:53,2026-05-01 18:05:01,False,Benign True Positive,True,"Reviewed source IP, asset logs and correlated with previous alerts.",HIGH,162,120
CSE-E,ALT-01994,ASSET-019,HIGH,Malware,2026-06-26 17:36:12,2026-06-26 18:54:27,2026-06-26 18:56:27,2026-06-26 21:13:41,2026-06-26 23:57:07,False,False Positive,True,Investigation completed; evidence recorded and escalated per playbook.,MEDIUM,191,125
CSE-E,ALT-01995,ASSET-089,MEDIUM,Brute Force,2026-05-31 16:23:39,2026-05-31 17:18:02,2026-05-31 17:25:02,2026-05-31 18:15:25,2026-06-01 00:47:53,False,False Positive,True,Analyst investigation performed; packet capture and EDR evidence attached.,CRITICAL,131,78
CSE-A,ALT-01996,ASSET-021,LOW,Network Anomaly,2026-03-29 13:20:07,2026-03-29 13:39:20,2026-03-29 13:59:20,2026-03-29 17:10:41,2026-03-29 23:59:12,False,Escalated to Tier-2,True,Alert correlated with threat intel; full timeline documented.,MEDIUM,180,190
CSE-E,ALT-01997,ASSET-086,CRITICAL,Network Anomaly,2026-05-08 09:27:26,2026-05-08 09:49:02,2026-05-08 09:50:02,2026-05-08 10:29:49,2026-05-08 15:07:19,False,Under Investigation,True,Alert correlated with threat intel; full timeline documented.,CRITICAL,142,107
CSE-A,ALT-01998,ASSET-033,CRITICAL,Data Exfiltration,2026-02-17 23:54:07,2026-02-18 00:22:40,2026-02-18 00:44:40,2026-02-18 04:38:09,2026-02-18 08:22:07,False,Escalated to Tier-2,True,Analyst investigation performed; packet capture and EDR evidence attached.,HIGH,97,94
CSE-A,ALT-01999,ASSET-061,MEDIUM,Malware,2026-03-17 12:55:32,2026-03-17 13:05:47,2026-03-17 13:23:47,2026-03-17 15:07:12,2026-03-17 15:17:28,False,False Positive,True,Analyst reviewed logs and confirmed activity with evidence archived.,MEDIUM,176,151
CSE-B,ALT-02000,ASSET-033,LOW,Phishing,2026-02-06 12:36:37,2026-02-06 13:10:16,2026-02-06 13:19:16,2026-02-06 13:56:39,2026-02-06 21:48:44,False,False Positive,True,Alert correlated with threat intel; full timeline documented.,HIGH,156,84
CSE-E,ALT-02001,ASSET-051,MEDIUM,Privilege Escalation,2026-02-17 13:48:33,2026-02-17 14:33:00,,,2026-02-17 21:25:12,False,Benign True Positive,False,,MEDIUM,195,133
CSE-C,ALT-02002,ASSET-040,CRITICAL,Malware,2026-06-20 14:39:57,2026-06-20 15:25:37,,,2026-06-20 17:52:00,False,Under Investigation,False,N/A,CRITICAL,139,47
CSE-E,ALT-02003,ASSET-058,HIGH,Privilege Escalation,2026-03-03 09:55:09,2026-03-03 10:40:28,2026-03-03 10:54:28,2026-03-03 13:50:13,2026-03-03 16:01:54,False,False Positive,True,Alert correlated with threat intel; full timeline documented.,HIGH,87,61
CSE-E,ALT-02004,ASSET-072,LOW,Data Exfiltration,2026-04-17 10:20:55,2026-04-17 10:54:50,2026-04-17 11:14:50,2026-04-17 12:34:39,2026-04-17 13:38:35,False,True Positive,True,Investigation completed; evidence recorded and escalated per playbook.,HIGH,182,99
CSE-C,ALT-02005,ASSET-075,LOW,Malware,2026-01-23 16:51:13,2026-01-23 17:23:44,,,2026-01-23 21:09:27,False,Escalated to Tier-2,False,,HIGH,196,54
CSE-E,ALT-02006,ASSET-033,LOW,Network Anomaly,2026-05-26 17:10:35,2026-05-26 18:36:15,2026-05-26 18:41:15,2026-05-26 18:51:17,2026-05-26 21:07:16,False,True Positive,True,Analyst investigation performed; packet capture and EDR evidence attached.,CRITICAL,174,128
CSE-A,ALT-02007,ASSET-002,MEDIUM,Privilege Escalation,2026-01-22 14:31:37,2026-01-22 14:43:43,2026-01-22 15:02:43,2026-01-22 15:39:19,2026-01-22 23:03:49,False,Under Investigation,True,Alert correlated with threat intel; full timeline documented.,MEDIUM,81,59
CSE-C,ALT-02008,ASSET-055,HIGH,Network Anomaly,2026-02-16 11:58:30,2026-02-16 12:54:13,,,2026-02-16 20:42:59,False,Escalated to Tier-2,False,Closed quickly — no notes.,HIGH,174,26
CSE-E,ALT-02009,ASSET-027,HIGH,Malware,2026-03-30 11:07:37,2026-03-30 12:11:46,,,2026-03-30 15:41:27,False,Escalated to Tier-2,False,,MEDIUM,130,76
CSE-D,ALT-02010,ASSET-086,MEDIUM,Network Anomaly,2026-06-24 16:34:13,2026-06-24 16:45:10,2026-06-24 16:50:10,2026-06-24 20:24:01,2026-06-25 02:50:04,False,True Positive,True,Investigation completed; evidence recorded and escalated per playbook.,CRITICAL,118,122
CSE-D,ALT-02011,ASSET-062,MEDIUM,Phishing,2026-01-01 17:08:04,2026-01-01 17:31:01,2026-01-01 17:37:01,2026-01-01 22:13:02,2026-01-01 19:58:43,False,False Positive,True,Alert correlated with threat intel; full timeline documented.,MEDIUM,130,118
CSE-E,ALT-02012,ASSET-032,LOW,Phishing,2026-05-02 10:32:29,2026-05-02 10:53:17,,,2026-05-02 15:13:40,False,False Positive,False,Closed quickly — no notes.,MEDIUM,82,44
CSE-B,ALT-02013,ASSET-096,HIGH,Privilege Escalation,2026-02-06 11:07:34,2026-02-06 12:10:20,2026-02-06 12:23:20,2026-02-06 14:33:33,2026-02-06 12:50:50,False,Under Investigation,True,Investigation completed; evidence recorded and escalated per playbook.,CRITICAL,197,120
CSE-E,ALT-02014,ASSET-014,HIGH,Network Anomaly,2026-04-09 16:05:47,2026-04-09 17:36:51,2026-04-09 17:49:51,2026-04-09 18:17:07,2026-04-09 21:31:33,False,Escalated to Tier-2,True,Analyst investigation performed; packet capture and EDR evidence attached.,MEDIUM,171,90
CSE-C,ALT-02015,ASSET-003,HIGH,Phishing,2026-03-07 09:39:37,2026-03-07 10:00:41,,,2026-03-07 13:42:37,False,False Positive,False,Closed quickly — no notes.,CRITICAL,140,23
CSE-A,ALT-02016,ASSET-047,LOW,Malware,2026-04-02 15:38:16,2026-04-02 15:41:44,2026-04-02 16:05:44,2026-04-02 16:49:39,2026-04-03 00:59:50,True,Benign True Positive,True,Investigation completed; evidence recorded and escalated per playbook.,MEDIUM,194,198
CSE-B,ALT-02017,ASSET-067,MEDIUM,Privilege Escalation,2026-02-10 11:47:48,2026-02-10 13:09:08,2026-02-10 13:27:08,2026-02-10 15:12:36,2026-02-10 21:39:52,True,False Positive,True,Alert correlated with threat intel; full timeline documented.,HIGH,79,55
CSE-E,ALT-02018,ASSET-028,LOW,Unauthorized Access,2026-06-05 03:16:20,2026-06-05 03:59:05,2026-06-05 04:15:05,2026-06-05 04:22:08,2026-06-05 08:37:18,False,Under Investigation,True,"Reviewed source IP, asset logs and correlated with previous alerts.",MEDIUM,170,109
CSE-D,ALT-02019,ASSET-009,LOW,Unauthorized Access,2026-01-06 13:15:27,2026-01-06 13:35:21,2026-01-06 13:38:21,2026-01-06 16:57:52,2026-01-06 16:01:05,True,Benign True Positive,True,Alert correlated with threat intel; full timeline documented.,HIGH,102,107
CSE-C,ALT-02020,ASSET-056,CRITICAL,Privilege Escalation,2026-04-16 16:08:27,2026-04-16 16:52:25,2026-04-16 17:10:25,2026-04-16 17:31:35,2026-04-16 16:11:50,False,True Positive,True,"Reviewed source IP, asset logs and correlated with previous alerts.",CRITICAL,109,51
CSE-B,ALT-02021,ASSET-039,MEDIUM,Data Exfiltration,2026-03-02 11:27:34,2026-03-02 12:29:07,2026-03-02 12:33:07,2026-03-02 14:13:53,2026-03-02 18:58:58,False,Benign True Positive,True,"Reviewed source IP, asset logs and correlated with previous alerts.",HIGH,110,83
CSE-C,ALT-02022,ASSET-016,LOW,Network Anomaly,2026-03-10 15:08:20,2026-03-10 15:11:49,,,2026-03-10 17:36:55,False,Escalated to Tier-2,False,N/A,MEDIUM,135,52
CSE-E,ALT-02023,ASSET-072,MEDIUM,Network Anomaly,2026-03-22 14:17:52,2026-03-22 15:07:40,2026-03-22 15:29:40,2026-03-22 17:01:14,2026-03-22 15:45:00,False,True Positive,True,Analyst reviewed logs and confirmed activity with evidence archived.,MEDIUM,177,116
CSE-C,ALT-02024,ASSET-057,CRITICAL,Unauthorized Access,2026-01-21 16:37:34,2026-01-21 17:30:23,,,2026-01-21 16:42:24,False,False Positive,False,Closed quickly — no notes.,CRITICAL,119,24
CSE-E,ALT-02025,ASSET-082,LOW,Suspicious Login,2026-02-09 23:38:27,2026-02-10 01:37:37,2026-02-10 01:57:37,2026-02-10 02:21:59,2026-02-10 05:07:50,False,True Positive,True,Analyst reviewed logs and confirmed activity with evidence archived.,HIGH,143,115
CSE-C,ALT-02026,ASSET-055,LOW,Brute Force,2026-06-03 14:27:58,2026-06-03 15:08:58,2026-06-03 15:13:58,2026-06-03 15:40:24,2026-06-03 20:48:28,False,Under Investigation,True,Analyst reviewed logs and confirmed activity with evidence archived.,CRITICAL,99,25
CSE-D,ALT-02027,ASSET-083,MEDIUM,Unauthorized Access,2026-04-07 14:24:37,2026-04-07 14:30:15,2026-04-07 14:45:15,2026-04-07 17:32:46,2026-04-07 22:08:42,False,Benign True Positive,True,"Reviewed source IP, asset logs and correlated with previous alerts.",HIGH,124,116
CSE-E,ALT-02028,ASSET-093,LOW,Privilege Escalation,2026-06-17 15:27:07,2026-06-17 16:03:14,,,2026-06-18 01:36:30,False,False Positive,False,N/A,HIGH,169,81
CSE-B,ALT-02029,ASSET-057,LOW,Privilege Escalation,2026-02-16 13:16:30,2026-02-16 14:23:00,2026-02-16 14:38:00,2026-02-16 17:26:10,2026-02-16 17:18:14,False,False Positive,True,Analyst reviewed logs and confirmed activity with evidence archived.,HIGH,88,80
CSE-A,ALT-02030,ASSET-095,LOW,Network Anomaly,2026-03-27 12:46:08,2026-03-27 13:11:19,2026-03-27 13:13:19,2026-03-27 13:43:17,2026-03-27 19:27:56,True,True Positive,True,Analyst reviewed logs and confirmed activity with evidence archived.,CRITICAL,109,99
CSE-C,ALT-02031,ASSET-008,HIGH,Privilege Escalation,2026-05-26 12:49:17,2026-05-26 13:10:16,2026-05-26 13:24:16,2026-05-26 13:31:11,2026-05-26 14:22:24,False,False Positive,True,Alert correlated with threat intel; full timeline documented.,MEDIUM,187,50
CSE-B,ALT-02032,ASSET-052,HIGH,Data Exfiltration,2026-04-05 17:03:20,2026-04-05 18:23:02,2026-04-05 18:42:02,2026-04-05 20:28:53,2026-04-06 03:28:13,False,True Positive,True,"Reviewed source IP, asset logs and correlated with previous alerts.",MEDIUM,195,155
CSE-C,ALT-02033,ASSET-056,MEDIUM,Suspicious Login,2026-06-29 06:29:29,2026-06-29 07:24:56,2026-06-29 07:43:56,2026-06-29 08:01:25,2026-06-29 12:42:37,False,Under Investigation,True,"Reviewed source IP, asset logs and correlated with previous alerts.",MEDIUM,142,17
CSE-E,ALT-02034,ASSET-094,LOW,Privilege Escalation,2026-03-27 01:53:43,2026-03-27 03:21:01,2026-03-27 03:33:01,2026-03-27 06:27:03,2026-03-27 06:09:39,False,Escalated to Tier-2,True,Alert correlated with threat intel; full timeline documented.,MEDIUM,76,50
CSE-D,ALT-02035,ASSET-095,MEDIUM,Suspicious Login,2026-06-26 13:48:22,2026-06-26 13:54:50,2026-06-26 14:06:50,2026-06-26 16:50:14,2026-06-26 15:11:11,False,Benign True Positive,True,"Reviewed source IP, asset logs and correlated with previous alerts.",HIGH,143,119
CSE-D,ALT-02036,ASSET-043,HIGH,Network Anomaly,2026-02-12 14:23:35,2026-02-12 14:28:20,2026-02-12 14:46:20,2026-02-12 18:57:02,2026-02-13 00:07:02,False,True Positive,True,Analyst reviewed logs and confirmed activity with evidence archived.,MEDIUM,177,152
CSE-A,ALT-02037,ASSET-006,MEDIUM,Unauthorized Access,2026-03-28 17:08:09,2026-03-28 17:23:42,2026-03-28 17:43:42,2026-03-28 21:07:44,2026-03-28 18:33:04,True,True Positive,True,Alert correlated with threat intel; full timeline documented.,HIGH,133,116
CSE-B,ALT-02038,ASSET-072,MEDIUM,Privilege Escalation,2026-04-10 16:40:50,2026-04-10 16:49:42,,,2026-04-11 02:13:41,False,False Positive,False,Closed quickly — no notes.,MEDIUM,98,69
CSE-B,ALT-02039,ASSET-065,HIGH,Data Exfiltration,2026-05-02 13:07:00,2026-05-02 14:06:44,2026-05-02 14:08:44,2026-05-02 16:29:07,2026-05-02 18:16:46,False,True Positive,True,Analyst investigation performed; packet capture and EDR evidence attached.,CRITICAL,178,156
CSE-A,ALT-02040,ASSET-095,MEDIUM,Suspicious Login,2026-02-20 16:15:21,2026-02-20 16:38:47,2026-02-20 16:51:47,2026-02-20 21:10:17,2026-02-20 23:22:23,False,Under Investigation,True,Investigation completed; evidence recorded and escalated per playbook.,MEDIUM,181,152
CSE-A,ALT-02041,ASSET-041,HIGH,Network Anomaly,2026-05-04 04:27:22,2026-05-04 04:29:40,2026-05-04 04:40:40,2026-05-04 09:28:21,2026-05-04 13:49:15,True,Benign True Positive,True,Analyst investigation performed; packet capture and EDR evidence attached.,MEDIUM,147,131
CSE-C,ALT-02042,ASSET-098,HIGH,Phishing,2026-04-03 21:28:09,2026-04-03 21:31:42,2026-04-03 21:41:42,2026-04-03 21:46:43,2026-04-03 22:35:05,False,Under Investigation,True,Investigation completed; evidence recorded and escalated per playbook.,HIGH,121,19
CSE-A,ALT-02043,ASSET-085,MEDIUM,Brute Force,2026-04-20 03:54:05,2026-04-20 04:06:45,2026-04-20 04:19:45,2026-04-20 08:17:50,2026-04-20 15:55:03,True,True Positive,True,"Reviewed source IP, asset logs and correlated with previous alerts.",MEDIUM,85,64
CSE-C,ALT-02044,ASSET-080,HIGH,Malware,2026-06-14 11:21:08,2026-06-14 12:02:38,2026-06-14 12:21:38,2026-06-14 12:43:21,2026-06-14 17:56:02,False,Under Investigation,True,Analyst reviewed logs and confirmed activity with evidence archived.,CRITICAL,145,61
CSE-E,ALT-02045,ASSET-068,LOW,Data Exfiltration,2026-06-17 12:42:25,2026-06-17 13:24:56,2026-06-17 13:30:56,2026-06-17 14:53:19,2026-06-17 22:32:54,False,False Positive,True,Investigation completed; evidence recorded and escalated per playbook.,MEDIUM,130,75
CSE-B,ALT-02046,ASSET-093,HIGH,Unauthorized Access,2026-04-13 09:36:49,2026-04-13 09:47:35,2026-04-13 09:59:35,2026-04-13 10:59:12,2026-04-13 10:35:52,False,Under Investigation,True,Analyst investigation performed; packet capture and EDR evidence attached.,HIGH,176,128
CSE-C,ALT-02047,ASSET-076,CRITICAL,Malware,2026-06-25 10:52:47,2026-06-25 11:21:50,,,2026-06-25 13:28:54,False,True Positive,False,N/A,CRITICAL,140,78
CSE-E,ALT-02048,ASSET-015,CRITICAL,Malware,2026-02-28 18:37:18,2026-02-28 19:30:56,,,2026-02-28 18:41:34,True,False Positive,False,Closed quickly — no notes.,CRITICAL,177,89
CSE-D,ALT-02049,ASSET-083,MEDIUM,Network Anomaly,2026-04-12 11:45:50,2026-04-12 12:06:12,2026-04-12 12:30:12,2026-04-12 15:23:43,2026-04-12 19:18:14,False,Benign True Positive,True,Investigation completed; evidence recorded and escalated per playbook.,HIGH,180,168
CSE-B,ALT-02050,ASSET-099,MEDIUM,Brute Force,2026-03-28 03:12:59,2026-03-28 04:12:01,,,2026-03-28 11:13:53,True,Under Investigation,False,,CRITICAL,92,83
CSE-A,ALT-02051,ASSET-012,LOW,Phishing,2026-01-27 16:20:16,2026-01-27 16:31:38,2026-01-27 16:48:38,2026-01-27 18:17:16,2026-01-28 03:26:56,False,False Positive,True,Alert correlated with threat intel; full timeline documented.,MEDIUM,187,173
CSE-B,ALT-02052,ASSET-095,LOW,Network Anomaly,2026-05-23 17:38:31,2026-05-23 18:37:39,2026-05-23 18:44:39,2026-05-23 21:10:30,2026-05-24 02:41:54,False,Escalated to Tier-2,True,"Reviewed source IP, asset logs and correlated with previous alerts.",CRITICAL,114,104
CSE-D,ALT-02053,ASSET-042,CRITICAL,Network Anomaly,2026-03-14 11:03:19,2026-03-14 11:18:35,2026-03-14 11:27:35,2026-03-14 11:44:25,2026-03-14 14:24:47,True,True Positive,True,"Reviewed source IP, asset logs and correlated with previous alerts.",CRITICAL,151,128
CSE-B,ALT-02054,ASSET-047,LOW,Data Exfiltration,2026-05-17 11:05:55,2026-05-17 11:57:17,2026-05-17 11:58:17,2026-05-17 14:30:59,2026-05-17 17:07:16,True,Escalated to Tier-2,True,Investigation completed; evidence recorded and escalated per playbook.,MEDIUM,193,132
CSE-D,ALT-02055,ASSET-005,LOW,Malware,2026-05-11 22:05:56,2026-05-11 22:24:55,2026-05-11 22:25:55,2026-05-12 02:25:05,2026-05-12 00:38:04,False,True Positive,True,Alert correlated with threat intel; full timeline documented.,MEDIUM,103,99
CSE-D,ALT-02056,ASSET-079,MEDIUM,Brute Force,2026-03-05 17:01:10,2026-03-05 17:17:25,2026-03-05 17:31:25,2026-03-05 18:50:53,2026-03-06 06:35:52,False,False Positive,True,Alert correlated with threat intel; full timeline documented.,HIGH,144,144
CSE-E,ALT-02057,ASSET-025,MEDIUM,Phishing,2026-04-09 16:37:40,2026-04-09 18:13:09,,,2026-04-09 21:12:45,False,Benign True Positive,False,N/A,MEDIUM,121,74
CSE-D,ALT-02058,ASSET-025,HIGH,Unauthorized Access,2026-04-15 09:04:58,2026-04-15 09:28:19,2026-04-15 09:49:19,2026-04-15 13:41:16,2026-04-15 21:29:51,True,True Positive,True,Alert correlated with threat intel; full timeline documented.,CRITICAL,95,99
CSE-A,ALT-02059,ASSET-094,MEDIUM,Malware,2026-03-29 09:42:58,2026-03-29 09:51:33,2026-03-29 09:59:33,2026-03-29 11:50:45,2026-03-29 21:45:53,False,Benign True Positive,True,Analyst reviewed logs and confirmed activity with evidence archived.,CRITICAL,82,65
CSE-C,ALT-02060,ASSET-047,HIGH,Malware,2026-02-10 11:18:34,2026-02-10 11:23:29,2026-02-10 11:43:29,2026-02-10 11:53:01,2026-02-10 18:52:13,False,Under Investigation,True,Analyst investigation performed; packet capture and EDR evidence attached.,MEDIUM,99,13
CSE-B,ALT-02061,ASSET-031,MEDIUM,Brute Force,2026-04-03 13:26:51,2026-04-03 13:43:46,2026-04-03 13:46:46,2026-04-03 13:57:29,2026-04-03 21:29:46,False,Under Investigation,True,Alert correlated with threat intel; full timeline documented.,MEDIUM,160,92
CSE-A,ALT-02062,ASSET-019,LOW,Unauthorized Access,2026-06-17 11:26:19,2026-06-17 11:55:50,2026-06-17 12:15:50,2026-06-17 13:37:59,2026-06-17 14:28:30,False,Escalated to Tier-2,True,Investigation completed; evidence recorded and escalated per playbook.,MEDIUM,194,179
CSE-A,ALT-02063,ASSET-003,LOW,Data Exfiltration,2026-03-28 16:05:08,2026-03-28 16:09:11,2026-03-28 16:11:11,2026-03-28 17:05:31,2026-03-29 03:23:07,False,Escalated to Tier-2,True,Alert correlated with threat intel; full timeline documented.,HIGH,170,167
CSE-A,ALT-02064,ASSET-072,CRITICAL,Network Anomaly,2026-06-14 16:12:33,2026-06-14 16:26:59,,,2026-06-14 20:51:25,False,Under Investigation,False,,MEDIUM,100,73
CSE-D,ALT-02065,ASSET-007,LOW,Network Anomaly,2026-02-20 16:44:05,2026-02-20 16:54:53,2026-02-20 16:55:53,2026-02-20 18:50:32,2026-02-21 04:12:50,False,True Positive,True,Analyst reviewed logs and confirmed activity with evidence archived.,HIGH,181,184
CSE-B,ALT-02066,ASSET-022,HIGH,Malware,2026-05-04 12:01:41,2026-05-04 12:43:12,2026-05-04 12:54:12,2026-05-04 15:46:40,2026-05-04 22:08:57,False,False Positive,True,Analyst investigation performed; packet capture and EDR evidence attached.,CRITICAL,113,86
CSE-A,ALT-02067,ASSET-087,LOW,Suspicious Login,2026-02-09 12:32:11,2026-02-09 12:38:47,2026-02-09 13:00:47,2026-02-09 14:45:36,2026-02-09 17:45:49,True,False Positive,True,Investigation completed; evidence recorded and escalated per playbook.,CRITICAL,167,179
CSE-D,ALT-02068,ASSET-074,LOW,Privilege Escalation,2026-03-16 10:27:32,2026-03-16 10:46:57,2026-03-16 10:58:57,2026-03-16 13:31:26,2026-03-16 12:40:00,False,Benign True Positive,True,Analyst investigation performed; packet capture and EDR evidence attached.,CRITICAL,114,114
CSE-D,ALT-02069,ASSET-095,MEDIUM,Data Exfiltration,2026-05-03 12:16:40,2026-05-03 12:39:03,2026-05-03 12:48:03,2026-05-03 15:55:37,2026-05-03 22:51:34,False,True Positive,True,"Reviewed source IP, asset logs and correlated with previous alerts.",HIGH,139,155
CSE-E,ALT-02070,ASSET-007,CRITICAL,Data Exfiltration,2026-01-30 11:28:06,2026-01-30 12:54:02,,,2026-01-30 11:30:19,False,Under Investigation,False,Closed quickly — no notes.,CRITICAL,93,79
CSE-B,ALT-02071,ASSET-017,LOW,Data Exfiltration,2026-03-25 16:25:10,2026-03-25 16:53:01,,,2026-03-25 20:55:05,False,Benign True Positive,False,,MEDIUM,172,150
CSE-B,ALT-02072,ASSET-006,CRITICAL,Brute Force,2026-03-16 11:39:12,2026-03-16 11:57:12,2026-03-16 12:00:12,2026-03-16 13:59:19,2026-03-16 17:29:32,False,Benign True Positive,True,Analyst investigation performed; packet capture and EDR evidence attached.,CRITICAL,162,86
CSE-E,ALT-02073,ASSET-047,LOW,Malware,2026-01-02 11:21:26,2026-01-02 13:04:54,,,2026-01-02 19:36:04,False,Escalated to Tier-2,False,,HIGH,92,59
CSE-B,ALT-02074,ASSET-054,HIGH,Phishing,2026-01-29 09:28:09,2026-01-29 09:57:00,,,2026-01-29 16:52:30,False,True Positive,False,N/A,HIGH,178,98
CSE-E,ALT-02075,ASSET-092,HIGH,Data Exfiltration,2026-04-04 15:01:28,2026-04-04 15:42:33,2026-04-04 16:01:33,2026-04-04 16:17:56,2026-04-04 17:35:04,False,True Positive,True,Alert correlated with threat intel; full timeline documented.,HIGH,196,147
CSE-C,ALT-02076,ASSET-032,CRITICAL,Brute Force,2026-03-22 17:55:39,2026-03-22 18:42:37,,,2026-03-23 01:07:44,False,Under Investigation,False,N/A,CRITICAL,130,59
CSE-A,ALT-02077,ASSET-092,CRITICAL,Suspicious Login,2026-03-09 13:59:44,2026-03-09 14:27:16,2026-03-09 14:39:16,2026-03-09 17:30:42,2026-03-09 18:40:44,True,Benign True Positive,True,Alert correlated with threat intel; full timeline documented.,CRITICAL,198,149
CSE-D,ALT-02078,ASSET-012,MEDIUM,Phishing,2026-03-23 15:00:30,2026-03-23 15:26:22,2026-03-23 15:35:22,2026-03-23 15:54:19,2026-03-24 03:32:12,True,False Positive,True,Analyst reviewed logs and confirmed activity with evidence archived.,HIGH,129,109
CSE-A,ALT-02079,ASSET-032,HIGH,Suspicious Login,2026-04-26 12:46:54,2026-04-26 12:51:36,,,2026-04-27 00:41:41,False,True Positive,False,N/A,MEDIUM,140,133
CSE-D,ALT-02080,ASSET-027,HIGH,Malware,2026-01-17 14:24:18,2026-01-17 14:31:07,2026-01-17 14:33:07,2026-01-17 18:32:42,2026-01-17 20:28:11,True,Under Investigation,True,"Reviewed source IP, asset logs and correlated with previous alerts.",CRITICAL,168,145
CSE-A,ALT-02081,ASSET-038,LOW,Phishing,2026-05-02 13:58:42,2026-05-02 14:13:09,2026-05-02 14:38:09,2026-05-02 19:23:18,2026-05-02 18:53:02,True,False Positive,True,"Reviewed source IP, asset logs and correlated with previous alerts.",CRITICAL,89,92
CSE-E,ALT-02082,ASSET-064,HIGH,Malware,2026-02-27 14:56:06,2026-02-27 16:21:50,2026-02-27 16:26:50,2026-02-27 17:32:07,2026-02-27 23:27:10,False,Under Investigation,True,Alert correlated with threat intel; full timeline documented.,CRITICAL,135,76
CSE-A,ALT-02083,ASSET-083,LOW,Phishing,2026-05-29 00:19:27,2026-05-29 00:23:16,2026-05-29 00:33:16,2026-05-29 01:40:22,2026-05-29 09:16:15,False,Escalated to Tier-2,True,"Reviewed source IP, asset logs and correlated with previous alerts.",MEDIUM,162,143
CSE-A,ALT-02084,ASSET-030,LOW,Malware,2026-05-08 09:46:40,2026-05-08 10:04:14,2026-05-08 10:26:14,2026-05-08 13:25:42,2026-05-08 11:43:21,False,Under Investigation,True,Alert correlated with threat intel; full timeline documented.,MEDIUM,115,95
CSE-C,ALT-02085,ASSET-005,MEDIUM,Phishing,2026-06-13 14:13:53,2026-06-13 14:46:08,2026-06-13 15:09:08,2026-06-13 15:18:31,2026-06-13 19:06:23,False,Under Investigation,True,Analyst investigation performed; packet capture and EDR evidence attached.,CRITICAL,144,46
CSE-B,ALT-02086,ASSET-042,LOW,Privilege Escalation,2026-03-03 17:15:51,2026-03-03 18:00:54,2026-03-03 18:01:54,2026-03-03 20:31:07,2026-03-03 18:48:59,False,True Positive,True,Alert correlated with threat intel; full timeline documented.,HIGH,184,115
CSE-E,ALT-02087,ASSET-051,HIGH,Malware,2026-03-25 15:02:02,2026-03-25 16:23:24,2026-03-25 16:42:24,2026-03-25 17:26:56,2026-03-26 01:51:41,False,True Positive,True,Analyst reviewed logs and confirmed activity with evidence archived.,HIGH,171,145
CSE-E,ALT-02088,ASSET-079,MEDIUM,Suspicious Login,2026-03-15 10:37:05,2026-03-15 11:58:27,,,2026-03-15 18:53:38,False,False Positive,False,,CRITICAL,83,48
CSE-A,ALT-02089,ASSET-050,LOW,Suspicious Login,2026-06-20 15:42:59,2026-06-20 16:03:20,2026-06-20 16:21:20,2026-06-20 17:53:09,2026-06-20 20:22:35,False,True Positive,True,"Reviewed source IP, asset logs and correlated with previous alerts.",HIGH,97,82
CSE-E,ALT-02090,ASSET-030,LOW,Unauthorized Access,2026-02-01 16:51:44,2026-02-01 17:11:00,2026-02-01 17:20:00,2026-02-01 18:09:31,2026-02-01 20:49:09,False,Benign True Positive,True,Alert correlated with threat intel; full timeline documented.,MEDIUM,135,66
CSE-C,ALT-02091,ASSET-080,MEDIUM,Malware,2026-06-05 09:35:28,2026-06-05 10:14:43,,,2026-06-05 11:32:06,False,Under Investigation,False,Closed quickly — no notes.,MEDIUM,126,15
CSE-C,ALT-02092,ASSET-095,LOW,Suspicious Login,2026-06-19 11:15:14,2026-06-19 12:12:11,,,2026-06-19 19:55:00,False,Benign True Positive,False,,MEDIUM,152,53
CSE-B,ALT-02093,ASSET-014,HIGH,Suspicious Login,2026-05-06 14:56:29,2026-05-06 15:20:43,2026-05-06 15:41:43,2026-05-06 16:12:10,2026-05-06 18:01:20,False,True Positive,True,Analyst reviewed logs and confirmed activity with evidence archived.,CRITICAL,88,54
CSE-A,ALT-02094,ASSET-017,HIGH,Network Anomaly,2026-03-26 09:45:11,2026-03-26 10:14:27,2026-03-26 10:33:27,2026-03-26 13:11:00,2026-03-26 12:45:37,True,Under Investigation,True,Investigation completed; evidence recorded and escalated per playbook.,CRITICAL,189,148
CSE-E,ALT-02095,ASSET-032,MEDIUM,Data Exfiltration,2026-05-15 16:11:03,2026-05-15 17:54:51,,,2026-05-15 23:31:04,False,Under Investigation,False,N/A,HIGH,160,109
CSE-E,ALT-02096,ASSET-027,HIGH,Suspicious Login,2026-02-01 10:54:27,2026-02-01 12:44:14,2026-02-01 12:49:14,2026-02-01 14:30:55,2026-02-01 21:57:14,False,Under Investigation,True,Analyst reviewed logs and confirmed activity with evidence archived.,HIGH,165,79
CSE-A,ALT-02097,ASSET-058,LOW,Phishing,2026-03-11 13:12:34,2026-03-11 13:14:46,2026-03-11 13:23:46,2026-03-11 17:23:42,2026-03-11 23:15:53,True,Under Investigation,True,"Reviewed source IP, asset logs and correlated with previous alerts.",CRITICAL,112,107
CSE-B,ALT-02098,ASSET-084,HIGH,Privilege Escalation,2026-03-22 16:30:54,2026-03-22 17:38:50,,,2026-03-22 23:37:48,False,False Positive,False,,MEDIUM,103,90
CSE-E,ALT-02099,ASSET-071,LOW,Brute Force,2026-05-11 12:03:36,2026-05-11 13:32:23,2026-05-11 13:43:23,2026-05-11 14:03:14,2026-05-11 23:04:40,False,Benign True Positive,True,"Reviewed source IP, asset logs and correlated with previous alerts.",MEDIUM,157,103
CSE-B,ALT-02100,ASSET-085,MEDIUM,Privilege Escalation,2026-04-20 03:25:20,2026-04-20 04:00:33,2026-04-20 04:15:33,2026-04-20 04:24:57,2026-04-20 11:37:16,False,True Positive,True,Alert correlated with threat intel; full timeline documented.,MEDIUM,124,104
CSE-A,ALT-02101,ASSET-064,CRITICAL,Brute Force,2026-04-21 10:46:37,2026-04-21 10:58:58,2026-04-21 10:59:58,2026-04-21 13:20:29,2026-04-21 14:58:14,False,True Positive,True,"Reviewed source IP, asset logs and correlated with previous alerts.",HIGH,81,80
CSE-D,ALT-02102,ASSET-035,MEDIUM,Data Exfiltration,2026-01-08 11:20:56,2026-01-08 11:24:53,2026-01-08 11:36:53,2026-01-08 16:16:01,2026-01-08 20:33:02,False,False Positive,True,Analyst reviewed logs and confirmed activity with evidence archived.,HIGH,168,146
CSE-D,ALT-02103,ASSET-082,MEDIUM,Network Anomaly,2026-03-04 14:28:03,2026-03-04 14:43:24,2026-03-04 15:02:24,2026-03-04 15:29:45,2026-03-04 22:17:15,False,False Positive,True,"Reviewed source IP, asset logs and correlated with previous alerts.",CRITICAL,83,83
CSE-A,ALT-02104,ASSET-054,MEDIUM,Network Anomaly,2026-05-21 20:39:01,2026-05-21 21:08:15,2026-05-21 21:31:15,2026-05-22 00:30:15,2026-05-21 23:34:51,False,Under Investigation,True,Analyst investigation performed; packet capture and EDR evidence attached.,HIGH,182,195
CSE-C,ALT-02105,ASSET-011,HIGH,Privilege Escalation,2026-06-30 10:21:52,2026-06-30 11:09:20,2026-06-30 11:15:20,2026-06-30 11:18:40,2026-06-30 11:58:19,False,Benign True Positive,True,Investigation completed; evidence recorded and escalated per playbook.,MEDIUM,137,75
CSE-C,ALT-02106,ASSET-004,HIGH,Phishing,2026-01-03 11:58:03,2026-01-03 12:06:49,2026-01-03 12:22:49,2026-01-03 12:50:09,2026-01-03 18:43:27,False,True Positive,True,Analyst investigation performed; packet capture and EDR evidence attached.,CRITICAL,122,55
CSE-C,ALT-02107,ASSET-040,LOW,Privilege Escalation,2026-06-11 15:36:40,2026-06-11 16:07:41,,,2026-06-11 23:09:31,False,Benign True Positive,False,Closed quickly — no notes.,HIGH,90,43
CSE-A,ALT-02108,ASSET-045,LOW,Malware,2026-01-06 16:02:16,2026-01-06 16:31:38,2026-01-06 16:46:38,2026-01-06 20:19:11,2026-01-06 22:19:24,False,Under Investigation,True,"Reviewed source IP, asset logs and correlated with previous alerts.",CRITICAL,132,102
CSE-E,ALT-02109,ASSET-015,MEDIUM,Phishing,2026-04-12 14:23:28,2026-04-12 15:22:31,2026-04-12 15:29:31,2026-04-12 17:49:33,2026-04-12 21:27:18,True,Escalated to Tier-2,True,Alert correlated with threat intel; full timeline documented.,CRITICAL,97,75
CSE-C,ALT-02110,ASSET-062,CRITICAL,Privilege Escalation,2026-01-16 11:00:23,2026-01-16 11:37:44,,,2026-01-16 11:03:24,False,False Positive,False,,MEDIUM,174,45
CSE-A,ALT-02111,ASSET-036,MEDIUM,Data Exfiltration,2026-02-10 11:04:37,2026-02-10 11:21:02,2026-02-10 11:27:02,2026-02-10 14:47:21,2026-02-10 13:48:28,False,Escalated to Tier-2,True,Alert correlated with threat intel; full timeline documented.,HIGH,133,117
CSE-E,ALT-02112,ASSET-096,MEDIUM,Suspicious Login,2026-03-06 10:26:42,2026-03-06 11:40:56,2026-03-06 12:05:56,2026-03-06 12:28:51,2026-03-06 16:13:51,False,True Positive,True,Analyst reviewed logs and confirmed activity with evidence archived.,MEDIUM,141,110
CSE-B,ALT-02113,ASSET-040,LOW,Network Anomaly,2026-03-25 03:09:45,2026-03-25 03:49:43,,,2026-03-25 09:32:44,False,False Positive,False,N/A,HIGH,135,120
CSE-E,ALT-02114,ASSET-061,CRITICAL,Phishing,2026-05-24 17:35:31,2026-05-24 18:51:32,2026-05-24 19:07:32,2026-05-24 20:15:02,2026-05-25 03:24:58,False,Under Investigation,True,Alert correlated with threat intel; full timeline documented.,CRITICAL,81,45
CSE-B,ALT-02115,ASSET-008,HIGH,Brute Force,2026-05-18 16:13:08,2026-05-18 17:26:44,2026-05-18 17:41:44,2026-05-18 19:38:35,2026-05-19 01:19:11,False,False Positive,True,Alert correlated with threat intel; full timeline documented.,MEDIUM,90,74
CSE-B,ALT-02116,ASSET-046,LOW,Suspicious Login,2026-04-08 04:18:21,2026-04-08 05:37:03,2026-04-08 05:44:03,2026-04-08 06:17:31,2026-04-08 14:35:57,False,True Positive,True,Alert correlated with threat intel; full timeline documented.,HIGH,184,120
CSE-A,ALT-02117,ASSET-058,MEDIUM,Unauthorized Access,2026-02-24 20:10:41,2026-02-24 20:34:33,,,2026-02-24 22:07:15,False,True Positive,False,Closed quickly — no notes.,HIGH,141,146
CSE-C,ALT-02118,ASSET-048,CRITICAL,Network Anomaly,2026-04-30 01:53:08,2026-04-30 02:17:55,,,2026-04-30 01:56:10,False,Under Investigation,False,N/A,HIGH,152,31
CSE-E,ALT-02119,ASSET-043,HIGH,Privilege Escalation,2026-03-28 17:04:24,2026-03-28 18:56:12,2026-03-28 19:03:12,2026-03-28 20:10:04,2026-03-28 23:59:23,True,Escalated to Tier-2,True,Investigation completed; evidence recorded and escalated per playbook.,CRITICAL,157,125
CSE-D,ALT-02120,ASSET-021,HIGH,Network Anomaly,2026-02-03 11:26:30,2026-02-03 11:41:06,2026-02-03 11:58:06,2026-02-03 16:57:37,2026-02-04 00:55:41,False,True Positive,True,Analyst reviewed logs and confirmed activity with evidence archived.,MEDIUM,162,178
CSE-A,ALT-02121,ASSET-037,HIGH,Unauthorized Access,2026-06-06 12:11:49,2026-06-06 12:28:16,2026-06-06 12:38:16,2026-06-06 15:08:50,2026-06-07 00:10:13,False,Escalated to Tier-2,True,"Reviewed source IP, asset logs and correlated with previous alerts.",CRITICAL,126,98
CSE-E,ALT-02122,ASSET-009,LOW,Brute Force,2026-04-21 17:09:31,2026-04-21 19:06:20,2026-04-21 19:23:20,2026-04-21 20:33:28,2026-04-22 03:53:26,False,False Positive,True,Investigation completed; evidence recorded and escalated per playbook.,HIGH,169,94
CSE-D,ALT-02123,ASSET-062,MEDIUM,Malware,2026-06-25 11:57:21,2026-06-25 12:18:32,2026-06-25 12:22:32,2026-06-25 15:56:10,2026-06-25 19:15:59,False,False Positive,True,Analyst reviewed logs and confirmed activity with evidence archived.,HIGH,98,84
CSE-A,ALT-02124,ASSET-100,CRITICAL,Brute Force,2026-02-20 14:15:52,2026-02-20 14:41:29,2026-02-20 14:48:29,2026-02-20 19:08:48,2026-02-20 22:49:05,False,True Positive,True,"Reviewed source IP, asset logs and correlated with previous alerts.",CRITICAL,150,113
CSE-E,ALT-02125,ASSET-077,MEDIUM,Brute Force,2026-01-31 11:58:36,2026-01-31 13:51:55,2026-01-31 14:00:55,2026-01-31 14:16:10,2026-01-31 16:06:29,False,False Positive,True,Analyst reviewed logs and confirmed activity with evidence archived.,MEDIUM,137,85
CSE-E,ALT-02126,ASSET-056,HIGH,Brute Force,2026-06-17 12:13:52,2026-06-17 12:48:28,,,2026-06-17 14:13:51,False,False Positive,False,N/A,MEDIUM,134,72
CSE-C,ALT-02127,ASSET-081,MEDIUM,Data Exfiltration,2026-05-04 13:53:56,2026-05-04 14:05:29,,,2026-05-04 16:29:59,False,False Positive,False,Closed quickly — no notes.,HIGH,189,44
CSE-A,ALT-02128,ASSET-006,LOW,Suspicious Login,2026-04-25 11:19:43,2026-04-25 11:46:48,,,2026-04-25 16:01:40,True,True Positive,False,N/A,MEDIUM,122,103
CSE-D,ALT-02129,ASSET-098,MEDIUM,Suspicious Login,2026-03-13 22:20:40,2026-03-13 22:32:23,2026-03-13 22:49:23,2026-03-14 01:10:07,2026-03-14 01:59:48,False,Benign True Positive,True,Alert correlated with threat intel; full timeline documented.,MEDIUM,155,167
CSE-E,ALT-02130,ASSET-011,MEDIUM,Phishing,2026-06-02 11:55:54,2026-06-02 13:08:21,2026-06-02 13:25:21,2026-06-02 15:34:51,2026-06-02 22:03:11,False,Escalated to Tier-2,True,Investigation completed; evidence recorded and escalated per playbook.,CRITICAL,74,43
CSE-E,ALT-02131,ASSET-091,HIGH,Unauthorized Access,2026-03-22 13:48:06,2026-03-22 15:28:26,2026-03-22 15:31:26,2026-03-22 18:26:58,2026-03-22 18:17:27,False,False Positive,True,Analyst reviewed logs and confirmed activity with evidence archived.,MEDIUM,187,148
CSE-A,ALT-02132,ASSET-041,HIGH,Phishing,2026-03-05 08:28:29,2026-03-05 08:32:28,2026-03-05 08:44:28,2026-03-05 12:44:01,2026-03-05 14:16:07,False,Under Investigation,True,Analyst reviewed logs and confirmed activity with evidence archived.,CRITICAL,154,124
CSE-A,ALT-02133,ASSET-092,MEDIUM,Malware,2026-01-30 17:43:19,2026-01-30 17:56:44,2026-01-30 18:04:44,2026-01-30 19:06:36,2026-01-31 02:49:47,False,Benign True Positive,True,"Reviewed source IP, asset logs and correlated with previous alerts.",CRITICAL,165,162
CSE-E,ALT-02134,ASSET-082,HIGH,Network Anomaly,2026-04-03 09:28:51,2026-04-03 10:37:05,2026-04-03 10:41:05,2026-04-03 12:39:18,2026-04-03 14:40:20,False,False Positive,True,Alert correlated with threat intel; full timeline documented.,MEDIUM,91,66
CSE-A,ALT-02135,ASSET-087,MEDIUM,Phishing,2026-05-25 11:40:04,2026-05-25 12:08:55,,,2026-05-25 15:35:53,False,Escalated to Tier-2,False,N/A,MEDIUM,81,89
CSE-A,ALT-02136,ASSET-036,HIGH,Unauthorized Access,2026-03-27 16:16:59,2026-03-27 16:31:02,2026-03-27 16:52:02,2026-03-27 19:47:56,2026-03-27 21:53:17,False,Benign True Positive,True,Analyst reviewed logs and confirmed activity with evidence archived.,MEDIUM,90,72
CSE-A,ALT-02137,ASSET-081,LOW,Malware,2026-03-19 10:24:57,2026-03-19 10:37:44,2026-03-19 10:40:44,2026-03-19 11:53:20,2026-03-19 21:48:42,False,Escalated to Tier-2,True,Investigation completed; evidence recorded and escalated per playbook.,HIGH,186,204
CSE-D,ALT-02138,ASSET-002,MEDIUM,Data Exfiltration,2026-06-29 16:52:31,2026-06-29 17:13:58,2026-06-29 17:24:58,2026-06-29 19:51:56,2026-06-29 23:54:22,True,False Positive,True,Analyst investigation performed; packet capture and EDR evidence attached.,MEDIUM,101,85
CSE-C,ALT-02139,ASSET-067,MEDIUM,Unauthorized Access,2026-06-01 22:37:47,2026-06-01 23:23:19,2026-06-01 23:27:19,2026-06-01 23:54:05,2026-06-02 02:36:13,False,True Positive,True,Alert correlated with threat intel; full timeline documented.,CRITICAL,189,57
CSE-C,ALT-02140,ASSET-052,HIGH,Brute Force,2026-04-08 09:21:04,2026-04-08 09:58:35,,,2026-04-08 13:20:33,False,Under Investigation,False,Closed quickly — no notes.,HIGH,160,43
CSE-A,ALT-02141,ASSET-003,HIGH,Phishing,2026-01-24 09:31:47,2026-01-24 09:38:26,,,2026-01-24 12:52:13,False,Under Investigation,False,Closed quickly — no notes.,HIGH,87,81
CSE-A,ALT-02142,ASSET-053,HIGH,Brute Force,2026-02-28 17:44:42,2026-02-28 18:00:31,2026-02-28 18:14:31,2026-02-28 22:50:47,2026-03-01 02:19:33,False,True Positive,True,Analyst investigation performed; packet capture and EDR evidence attached.,MEDIUM,165,151
CSE-B,ALT-02143,ASSET-020,LOW,Malware,2026-04-24 22:30:34,2026-04-24 22:46:02,2026-04-24 22:48:02,2026-04-25 00:42:36,2026-04-25 03:47:16,False,False Positive,True,Analyst reviewed logs and confirmed activity with evidence archived.,MEDIUM,127,105
CSE-D,ALT-02144,ASSET-059,MEDIUM,Brute Force,2026-06-24 13:17:07,2026-06-24 13:33:57,2026-06-24 13:35:57,2026-06-24 14:05:47,2026-06-24 21:55:57,True,Under Investigation,True,Alert correlated with threat intel; full timeline documented.,HIGH,94,97
CSE-A,ALT-02145,ASSET-017,CRITICAL,Network Anomaly,2026-05-02 12:03:32,2026-05-02 12:14:55,2026-05-02 12:28:55,2026-05-02 13:36:28,2026-05-02 21:13:46,True,False Positive,True,Alert correlated with threat intel; full timeline documented.,MEDIUM,100,99
CSE-E,ALT-02146,ASSET-069,LOW,Phishing,2026-05-31 08:50:13,2026-05-31 08:56:53,2026-05-31 09:01:53,2026-05-31 09:35:16,2026-05-31 17:05:04,False,Benign True Positive,True,"Reviewed source IP, asset logs and correlated with previous alerts.",CRITICAL,178,150
CSE-C,ALT-02147,ASSET-099,MEDIUM,Malware,2026-05-15 10:44:10,2026-05-15 11:28:59,2026-05-15 11:47:59,2026-05-15 12:08:50,2026-05-15 18:42:17,False,Under Investigation,True,Investigation completed; evidence recorded and escalated per playbook.,HIGH,184,91
CSE-A,ALT-02148,ASSET-009,CRITICAL,Suspicious Login,2026-03-29 04:24:03,2026-03-29 04:43:16,2026-03-29 05:07:16,2026-03-29 05:30:11,2026-03-29 08:00:38,False,Benign True Positive,True,Analyst investigation performed; packet capture and EDR evidence attached.,MEDIUM,101,106
CSE-D,ALT-02149,ASSET-056,LOW,Network Anomaly,2026-01-16 15:20:59,2026-01-16 15:33:38,2026-01-16 15:53:38,2026-01-16 17:02:58,2026-01-16 23:14:06,False,Under Investigation,True,Analyst reviewed logs and confirmed activity with evidence archived.,MEDIUM,99,109
CSE-C,ALT-02150,ASSET-042,HIGH,Unauthorized Access,2026-02-19 09:55:08,2026-02-19 10:45:31,2026-02-19 10:58:31,2026-02-19 11:17:02,2026-02-19 12:19:22,False,True Positive,True,"Reviewed source IP, asset logs and correlated with previous alerts.",MEDIUM,136,19
CSE-A,ALT-02151,ASSET-069,MEDIUM,Phishing,2026-01-05 16:54:52,2026-01-05 17:03:44,,,2026-01-06 03:21:15,False,Under Investigation,False,N/A,MEDIUM,161,166
CSE-A,ALT-02152,ASSET-041,LOW,Malware,2026-04-22 13:59:32,2026-04-22 14:10:47,2026-04-22 14:35:47,2026-04-22 16:48:48,2026-04-22 19:39:14,True,Benign True Positive,True,Analyst reviewed logs and confirmed activity with evidence archived.,MEDIUM,171,156
CSE-E,ALT-02153,ASSET-082,MEDIUM,Network Anomaly,2026-01-10 13:10:30,2026-01-10 14:03:09,,,2026-01-10 19:17:38,False,Escalated to Tier-2,False,Closed quickly — no notes.,MEDIUM,150,110
CSE-A,ALT-02154,ASSET-016,HIGH,Malware,2026-02-02 09:24:10,2026-02-02 09:53:39,2026-02-02 10:05:39,2026-02-02 11:18:51,2026-02-02 11:26:59,False,Under Investigation,True,Analyst reviewed logs and confirmed activity with evidence archived.,MEDIUM,149,160
CSE-D,ALT-02155,ASSET-001,HIGH,Network Anomaly,2026-02-23 17:20:49,2026-02-23 17:23:23,2026-02-23 17:39:23,2026-02-23 20:31:24,2026-02-23 21:06:55,True,True Positive,True,Alert correlated with threat intel; full timeline documented.,HIGH,124,106
CSE-A,ALT-02156,ASSET-066,MEDIUM,Suspicious Login,2026-05-18 14:27:53,2026-05-18 14:41:50,2026-05-18 14:48:50,2026-05-18 17:52:00,2026-05-18 23:25:55,True,False Positive,True,Investigation completed; evidence recorded and escalated per playbook.,HIGH,177,193
CSE-A,ALT-02157,ASSET-014,LOW,Brute Force,2026-02-23 21:14:47,2026-02-23 21:38:54,2026-02-23 21:59:54,2026-02-24 00:30:59,2026-02-23 22:49:16,False,Under Investigation,True,Analyst investigation performed; packet capture and EDR evidence attached.,CRITICAL,171,179
CSE-D,ALT-02158,ASSET-100,HIGH,Malware,2026-03-12 15:22:04,2026-03-12 15:34:31,2026-03-12 15:41:31,2026-03-12 17:47:22,2026-03-13 00:38:57,False,True Positive,True,"Reviewed source IP, asset logs and correlated with previous alerts.",HIGH,153,167
CSE-C,ALT-02159,ASSET-026,HIGH,Network Anomaly,2026-06-06 11:34:43,2026-06-06 11:58:54,,,2026-06-06 12:43:18,False,Benign True Positive,False,N/A,HIGH,95,25
CSE-C,ALT-02160,ASSET-050,MEDIUM,Brute Force,2026-02-22 14:04:39,2026-02-22 14:10:47,,,2026-02-22 21:26:51,False,Escalated to Tier-2,False,N/A,HIGH,114,31
CSE-D,ALT-02161,ASSET-014,MEDIUM,Data Exfiltration,2026-01-22 14:22:44,2026-01-22 14:44:34,2026-01-22 14:58:34,2026-01-22 19:56:22,2026-01-22 22:00:36,False,False Positive,True,Analyst reviewed logs and confirmed activity with evidence archived.,MEDIUM,128,133
CSE-A,ALT-02162,ASSET-081,MEDIUM,Network Anomaly,2026-04-16 08:11:43,2026-04-16 08:37:45,2026-04-16 08:38:45,2026-04-16 11:16:54,2026-04-16 13:29:37,False,False Positive,True,"Reviewed source IP, asset logs and correlated with previous alerts.",MEDIUM,93,92
CSE-A,ALT-02163,ASSET-060,LOW,Privilege Escalation,2026-01-07 11:37:31,2026-01-07 11:39:47,2026-01-07 12:04:47,2026-01-07 14:58:02,2026-01-07 19:50:46,False,False Positive,True,Analyst investigation performed; packet capture and EDR evidence attached.,CRITICAL,143,140
CSE-A,ALT-02164,ASSET-100,LOW,Network Anomaly,2026-03-22 17:38:38,2026-03-22 17:54:05,2026-03-22 18:11:05,2026-03-22 18:40:27,2026-03-23 02:56:17,False,Under Investigation,True,"Reviewed source IP, asset logs and correlated with previous alerts.",HIGH,98,75
CSE-E,ALT-02165,ASSET-018,MEDIUM,Brute Force,2026-06-05 19:49:34,2026-06-05 20:15:52,2026-06-05 20:17:52,2026-06-05 23:04:35,2026-06-06 02:50:58,False,Escalated to Tier-2,True,Alert correlated with threat intel; full timeline documented.,CRITICAL,199,147
CSE-D,ALT-02166,ASSET-052,LOW,Unauthorized Access,2026-04-28 11:58:32,2026-04-28 12:21:13,2026-04-28 12:35:13,2026-04-28 17:28:49,2026-04-28 13:32:13,False,Under Investigation,True,Alert correlated with threat intel; full timeline documented.,MEDIUM,144,146
CSE-A,ALT-02167,ASSET-010,LOW,Suspicious Login,2026-05-05 14:19:46,2026-05-05 14:48:56,2026-05-05 15:06:56,2026-05-05 17:38:20,2026-05-06 00:09:55,True,False Positive,True,Investigation completed; evidence recorded and escalated per playbook.,MEDIUM,156,129
CSE-C,ALT-02168,ASSET-068,CRITICAL,Network Anomaly,2026-06-04 12:42:07,2026-06-04 12:45:42,2026-06-04 12:52:42,2026-06-04 13:03:17,2026-06-04 20:21:04,False,False Positive,True,Analyst reviewed logs and confirmed activity with evidence archived.,MEDIUM,95,48
CSE-E,ALT-02169,ASSET-065,HIGH,Phishing,2026-04-17 10:51:34,2026-04-17 11:45:32,2026-04-17 12:09:32,2026-04-17 14:56:40,2026-04-17 13:11:43,True,True Positive,True,Alert correlated with threat intel; full timeline documented.,MEDIUM,178,131
CSE-C,ALT-02170,ASSET-054,CRITICAL,Network Anomaly,2026-06-12 12:47:40,2026-06-12 12:50:13,,,2026-06-12 12:50:08,False,Under Investigation,False,N/A,MEDIUM,157,49
CSE-A,ALT-02171,ASSET-018,HIGH,Privilege Escalation,2026-05-05 10:40:15,2026-05-05 11:03:01,2026-05-05 11:26:01,2026-05-05 12:20:19,2026-05-05 13:50:54,False,True Positive,True,"Reviewed source IP, asset logs and correlated with previous alerts.",CRITICAL,156,148
CSE-B,ALT-02172,ASSET-040,HIGH,Brute Force,2026-05-08 05:25:28,2026-05-08 05:59:14,,,2026-05-08 14:38:40,False,True Positive,False,Closed quickly — no notes.,MEDIUM,182,139
CSE-C,ALT-02173,ASSET-017,LOW,Brute Force,2026-03-27 14:01:26,2026-03-27 14:26:34,2026-03-27 14:46:34,2026-03-27 15:11:05,2026-03-27 20:25:54,False,False Positive,True,Analyst investigation performed; packet capture and EDR evidence attached.,HIGH,133,52
CSE-B,ALT-02174,ASSET-006,HIGH,Unauthorized Access,2026-04-13 12:02:36,2026-04-13 13:24:39,,,2026-04-13 16:13:24,False,Benign True Positive,False,,HIGH,76,43
CSE-A,ALT-02175,ASSET-068,HIGH,Suspicious Login,2026-04-23 12:58:35,2026-04-23 13:14:17,2026-04-23 13:21:17,2026-04-23 15:37:56,2026-04-23 17:27:10,False,Under Investigation,True,"Reviewed source IP, asset logs and correlated with previous alerts.",HIGH,99,85
CSE-D,ALT-02176,ASSET-084,MEDIUM,Unauthorized Access,2026-02-17 16:21:05,2026-02-17 16:24:19,2026-02-17 16:36:19,2026-02-17 21:05:36,2026-02-17 18:17:54,False,True Positive,True,Analyst investigation performed; packet capture and EDR evidence attached.,MEDIUM,170,153
CSE-B,ALT-02177,ASSET-005,HIGH,Network Anomaly,2026-03-01 09:04:41,2026-03-01 10:00:43,2026-03-01 10:03:43,2026-03-01 10:47:35,2026-03-01 17:33:38,False,False Positive,True,Alert correlated with threat intel; full timeline documented.,HIGH,181,109
CSE-A,ALT-02178,ASSET-013,MEDIUM,Brute Force,2026-01-02 10:48:27,2026-01-02 11:02:49,2026-01-02 11:21:49,2026-01-02 14:22:08,2026-01-02 17:06:48,False,True Positive,True,Investigation completed; evidence recorded and escalated per playbook.,HIGH,146,154
CSE-B,ALT-02179,ASSET-086,MEDIUM,Network Anomaly,2026-03-18 22:12:44,2026-03-18 22:38:35,,,2026-03-19 04:30:46,False,True Positive,False,N/A,MEDIUM,199,185
CSE-B,ALT-02180,ASSET-097,CRITICAL,Data Exfiltration,2026-02-10 15:46:23,2026-02-10 16:42:59,,,2026-02-10 18:13:39,False,Benign True Positive,False,,MEDIUM,196,120
CSE-C,ALT-02181,ASSET-008,CRITICAL,Suspicious Login,2026-04-02 09:22:26,2026-04-02 09:40:37,2026-04-02 09:55:37,2026-04-02 10:11:35,2026-04-02 09:26:14,False,Escalated to Tier-2,True,Investigation completed; evidence recorded and escalated per playbook.,MEDIUM,126,42
CSE-C,ALT-02182,ASSET-008,CRITICAL,Unauthorized Access,2026-01-04 15:22:44,2026-01-04 16:00:40,,,2026-01-04 15:27:05,False,Under Investigation,False,N/A,CRITICAL,134,63
CSE-E,ALT-02183,ASSET-100,LOW,Suspicious Login,2026-02-28 10:41:25,2026-02-28 11:22:11,2026-02-28 11:44:11,2026-02-28 12:52:51,2026-02-28 20:13:40,False,False Positive,True,"Reviewed source IP, asset logs and correlated with previous alerts.",CRITICAL,128,94
CSE-E,ALT-02184,ASSET-051,MEDIUM,Privilege Escalation,2026-06-23 16:18:58,2026-06-23 17:27:42,2026-06-23 17:37:42,2026-06-23 17:56:00,2026-06-24 01:37:50,False,Benign True Positive,True,Alert correlated with threat intel; full timeline documented.,MEDIUM,193,101
CSE-B,ALT-02185,ASSET-072,MEDIUM,Phishing,2026-01-27 09:10:26,2026-01-27 10:13:06,,,2026-01-27 11:59:07,True,False Positive,False,N/A,CRITICAL,114,87
CSE-E,ALT-02186,ASSET-099,MEDIUM,Brute Force,2026-04-08 11:14:07,2026-04-08 11:35:39,2026-04-08 11:47:39,2026-04-08 14:02:01,2026-04-08 20:02:28,True,Escalated to Tier-2,True,Analyst investigation performed; packet capture and EDR evidence attached.,CRITICAL,88,44
CSE-C,ALT-02187,ASSET-037,HIGH,Brute Force,2026-04-03 18:02:47,2026-04-03 18:20:01,2026-04-03 18:32:01,2026-04-03 19:02:25,2026-04-03 19:39:42,False,Under Investigation,True,Investigation completed; evidence recorded and escalated per playbook.,CRITICAL,123,29
CSE-A,ALT-02188,ASSET-035,MEDIUM,Malware,2026-04-17 07:23:04,2026-04-17 07:48:19,2026-04-17 08:08:19,2026-04-17 10:52:34,2026-04-17 16:13:53,False,Benign True Positive,True,Investigation completed; evidence recorded and escalated per playbook.,MEDIUM,159,122
CSE-B,ALT-02189,ASSET-034,LOW,Brute Force,2026-02-09 10:15:40,2026-02-09 10:33:30,2026-02-09 10:46:30,2026-02-09 12:10:10,2026-02-09 12:40:12,False,False Positive,True,"Reviewed source IP, asset logs and correlated with previous alerts.",MEDIUM,199,157
CSE-D,ALT-02190,ASSET-024,CRITICAL,Malware,2026-04-05 15:09:01,2026-04-05 15:30:24,,,2026-04-05 23:22:23,True,Benign True Positive,False,N/A,CRITICAL,112,110
CSE-B,ALT-02191,ASSET-064,MEDIUM,Network Anomaly,2026-02-09 17:27:38,2026-02-09 18:39:41,2026-02-09 18:55:41,2026-02-09 19:11:11,2026-02-09 23:17:09,False,False Positive,True,Analyst investigation performed; packet capture and EDR evidence attached.,MEDIUM,111,97
CSE-B,ALT-02192,ASSET-047,MEDIUM,Unauthorized Access,2026-02-19 10:51:51,2026-02-19 12:03:10,2026-02-19 12:12:10,2026-02-19 12:45:05,2026-02-19 21:51:53,False,False Positive,True,Analyst investigation performed; packet capture and EDR evidence attached.,HIGH,109,83
CSE-B,ALT-02193,ASSET-064,LOW,Malware,2026-01-26 15:00:06,2026-01-26 15:45:44,2026-01-26 15:56:44,2026-01-26 16:44:14,2026-01-26 23:53:38,False,Under Investigation,True,Investigation completed; evidence recorded and escalated per playbook.,MEDIUM,162,128
CSE-B,ALT-02194,ASSET-060,LOW,Brute Force,2026-06-15 12:53:04,2026-06-15 14:23:17,2026-06-15 14:39:17,2026-06-15 16:09:14,2026-06-15 15:58:56,False,Benign True Positive,True,Alert correlated with threat intel; full timeline documented.,HIGH,82,44
CSE-A,ALT-02195,ASSET-030,LOW,Suspicious Login,2026-05-08 14:15:42,2026-05-08 14:37:31,2026-05-08 14:54:31,2026-05-08 19:06:34,2026-05-08 21:21:38,False,Escalated to Tier-2,True,Analyst reviewed logs and confirmed activity with evidence archived.,HIGH,163,130
CSE-D,ALT-02196,ASSET-064,HIGH,Malware,2026-03-26 16:55:53,2026-03-26 17:10:31,2026-03-26 17:34:31,2026-03-26 22:34:00,2026-03-27 05:50:41,False,Escalated to Tier-2,True,Analyst investigation performed; packet capture and EDR evidence attached.,CRITICAL,187,190
CSE-B,ALT-02197,ASSET-058,HIGH,Network Anomaly,2026-03-23 10:18:47,2026-03-23 11:07:57,2026-03-23 11:32:57,2026-03-23 12:30:31,2026-03-23 13:55:51,False,False Positive,True,Alert correlated with threat intel; full timeline documented.,HIGH,94,68
CSE-C,ALT-02198,ASSET-034,CRITICAL,Phishing,2026-01-30 15:24:42,2026-01-30 15:43:02,,,2026-01-30 22:31:50,False,True Positive,False,N/A,MEDIUM,90,45
CSE-D,ALT-02199,ASSET-012,MEDIUM,Brute Force,2026-04-01 12:54:42,2026-04-01 13:17:08,2026-04-01 13:18:08,2026-04-01 17:20:11,2026-04-02 01:47:15,False,True Positive,True,Investigation completed; evidence recorded and escalated per playbook.,HIGH,95,96
CSE-A,ALT-02200,ASSET-059,MEDIUM,Unauthorized Access,2026-04-26 09:19:30,2026-04-26 09:33:07,2026-04-26 09:42:07,2026-04-26 13:08:33,2026-04-26 11:37:46,False,False Positive,True,Alert correlated with threat intel; full timeline documented.,MEDIUM,181,132
CSE-C,ALT-02201,ASSET-048,CRITICAL,Phishing,2026-03-02 09:01:49,2026-03-02 09:07:49,,,2026-03-02 12:23:18,False,False Positive,False,Closed quickly — no notes.,HIGH,188,90
CSE-C,ALT-02202,ASSET-097,MEDIUM,Data Exfiltration,2026-02-05 17:08:30,2026-02-05 17:28:35,,,2026-02-05 17:50:02,False,Under Investigation,False,Closed quickly — no notes.,MEDIUM,109,17
CSE-E,ALT-02203,ASSET-029,LOW,Unauthorized Access,2026-06-29 14:18:44,2026-06-29 15:26:24,2026-06-29 15:40:24,2026-06-29 16:11:17,2026-06-29 21:33:38,False,Under Investigation,True,Alert correlated with threat intel; full timeline documented.,MEDIUM,73,41
CSE-B,ALT-02204,ASSET-007,MEDIUM,Malware,2026-05-06 10:11:40,2026-05-06 11:09:49,2026-05-06 11:11:49,2026-05-06 13:44:40,2026-05-06 13:34:11,False,False Positive,True,Alert correlated with threat intel; full timeline documented.,HIGH,101,66
CSE-B,ALT-02205,ASSET-077,MEDIUM,Network Anomaly,2026-01-15 10:00:17,2026-01-15 10:20:24,2026-01-15 10:39:24,2026-01-15 13:28:18,2026-01-15 18:24:02,False,True Positive,True,Alert correlated with threat intel; full timeline documented.,HIGH,142,96
CSE-E,ALT-02206,ASSET-003,LOW,Unauthorized Access,2026-06-22 16:52:17,2026-06-22 18:15:43,,,2026-06-22 21:14:21,False,False Positive,False,,HIGH,195,128
CSE-D,ALT-02207,ASSET-058,MEDIUM,Suspicious Login,2026-03-07 15:32:22,2026-03-07 15:53:47,,,2026-03-07 23:35:21,False,Escalated to Tier-2,False,N/A,MEDIUM,197,183
CSE-A,ALT-02208,ASSET-050,LOW,Malware,2026-05-26 10:06:57,2026-05-26 10:19:13,2026-05-26 10:30:13,2026-05-26 13:46:14,2026-05-26 14:24:07,False,Escalated to Tier-2,True,Analyst reviewed logs and confirmed activity with evidence archived.,HIGH,99,95
CSE-A,ALT-02209,ASSET-016,LOW,Unauthorized Access,2026-04-25 17:48:04,2026-04-25 17:58:05,2026-04-25 18:16:05,2026-04-25 20:04:23,2026-04-25 23:58:43,False,Under Investigation,True,Alert correlated with threat intel; full timeline documented.,HIGH,137,106
CSE-A,ALT-02210,ASSET-079,MEDIUM,Suspicious Login,2026-06-19 07:23:42,2026-06-19 07:29:05,2026-06-19 07:43:05,2026-06-19 09:58:35,2026-06-19 09:41:55,False,Under Investigation,True,Analyst investigation performed; packet capture and EDR evidence attached.,CRITICAL,93,82
CSE-B,ALT-02211,ASSET-009,HIGH,Malware,2026-01-07 16:30:38,2026-01-07 16:41:57,2026-01-07 16:51:57,2026-01-07 18:09:35,2026-01-07 18:13:46,False,Under Investigation,True,Investigation completed; evidence recorded and escalated per playbook.,HIGH,127,98
CSE-D,ALT-02212,ASSET-007,MEDIUM,Brute Force,2026-06-30 10:14:39,2026-06-30 10:37:49,2026-06-30 10:55:49,2026-06-30 11:37:50,2026-06-30 20:10:43,False,Escalated to Tier-2,True,Analyst investigation performed; packet capture and EDR evidence attached.,HIGH,185,194
CSE-C,ALT-02213,ASSET-053,HIGH,Brute Force,2026-04-20 14:33:55,2026-04-20 15:21:19,2026-04-20 15:37:19,2026-04-20 16:03:48,2026-04-20 22:48:57,False,Escalated to Tier-2,True,"Reviewed source IP, asset logs and correlated with previous alerts.",MEDIUM,150,13
CSE-C,ALT-02214,ASSET-062,MEDIUM,Privilege Escalation,2026-05-22 09:11:16,2026-05-22 09:51:57,,,2026-05-22 16:02:34,False,False Positive,False,N/A,CRITICAL,90,5
CSE-B,ALT-02215,ASSET-083,CRITICAL,Brute Force,2026-05-14 03:09:28,2026-05-14 03:59:05,2026-05-14 04:13:05,2026-05-14 05:03:54,2026-05-14 09:40:45,False,False Positive,True,"Reviewed source IP, asset logs and correlated with previous alerts.",MEDIUM,158,139
CSE-B,ALT-02216,ASSET-018,LOW,Brute Force,2026-06-03 10:24:00,2026-06-03 10:46:55,,,2026-06-03 15:14:08,False,Benign True Positive,False,Closed quickly — no notes.,MEDIUM,183,169
CSE-D,ALT-02217,ASSET-012,CRITICAL,Privilege Escalation,2026-05-28 11:49:27,2026-05-28 12:07:38,2026-05-28 12:29:38,2026-05-28 15:49:25,2026-05-29 00:57:55,True,Under Investigation,True,Investigation completed; evidence recorded and escalated per playbook.,CRITICAL,95,82
CSE-C,ALT-02218,ASSET-027,HIGH,Phishing,2026-01-26 15:19:55,2026-01-26 15:27:08,,,2026-01-26 18:55:59,False,True Positive,False,Closed quickly — no notes.,HIGH,91,27
CSE-E,ALT-02219,ASSET-027,MEDIUM,Brute Force,2026-04-29 11:50:52,2026-04-29 12:36:01,2026-04-29 12:59:01,2026-04-29 14:00:10,2026-04-29 17:01:17,False,True Positive,True,Investigation completed; evidence recorded and escalated per playbook.,HIGH,193,148
CSE-C,ALT-02220,ASSET-040,LOW,Suspicious Login,2026-05-22 12:22:56,2026-05-22 12:38:19,2026-05-22 12:52:19,2026-05-22 13:16:35,2026-05-22 19:32:39,False,True Positive,True,Investigation completed; evidence recorded and escalated per playbook.,MEDIUM,111,40
CSE-A,ALT-02221,ASSET-081,MEDIUM,Suspicious Login,2026-05-13 15:14:47,2026-05-13 15:28:20,2026-05-13 15:34:20,2026-05-13 17:26:15,2026-05-13 16:37:09,False,Under Investigation,True,Alert correlated with threat intel; full timeline documented.,HIGH,191,179
CSE-B,ALT-02222,ASSET-048,HIGH,Malware,2026-04-05 11:16:52,2026-04-05 11:39:18,2026-04-05 11:46:18,2026-04-05 14:41:23,2026-04-05 20:00:41,False,True Positive,True,Alert correlated with threat intel; full timeline documented.,CRITICAL,104,85
CSE-A,ALT-02223,ASSET-095,LOW,Data Exfiltration,2026-03-18 09:44:59,2026-03-18 10:01:29,,,2026-03-18 20:04:01,False,False Positive,False,Closed quickly — no notes.,HIGH,110,124
CSE-E,ALT-02224,ASSET-029,MEDIUM,Malware,2026-05-15 14:40:15,2026-05-15 15:49:26,2026-05-15 16:08:26,2026-05-15 18:34:13,2026-05-15 19:15:11,False,Under Investigation,True,Analyst reviewed logs and confirmed activity with evidence archived.,MEDIUM,169,130
CSE-D,ALT-02225,ASSET-070,MEDIUM,Privilege Escalation,2026-02-19 16:36:50,2026-02-19 16:51:07,2026-02-19 17:02:07,2026-02-19 18:15:17,2026-02-20 00:23:16,False,True Positive,True,Investigation completed; evidence recorded and escalated per playbook.,MEDIUM,164,137
CSE-D,ALT-02226,ASSET-077,LOW,Phishing,2026-02-03 15:35:07,2026-02-03 15:43:40,2026-02-03 15:46:40,2026-02-03 19:13:42,2026-02-04 02:27:17,False,True Positive,True,Alert correlated with threat intel; full timeline documented.,CRITICAL,89,71
CSE-E,ALT-02227,ASSET-048,HIGH,Suspicious Login,2026-06-07 15:30:09,2026-06-07 16:49:42,,,2026-06-07 17:30:01,False,False Positive,False,Closed quickly — no notes.,MEDIUM,97,70
CSE-D,ALT-02228,ASSET-018,MEDIUM,Malware,2026-04-03 14:41:41,2026-04-03 15:04:29,2026-04-03 15:10:29,2026-04-03 18:07:09,2026-04-04 03:48:06,False,True Positive,True,Analyst reviewed logs and confirmed activity with evidence archived.,CRITICAL,101,99
CSE-E,ALT-02229,ASSET-001,MEDIUM,Malware,2026-06-23 18:43:56,2026-06-23 19:54:44,,,2026-06-23 20:51:17,True,Under Investigation,False,Closed quickly — no notes.,HIGH,142,94
CSE-B,ALT-02230,ASSET-063,MEDIUM,Malware,2026-03-04 14:07:32,2026-03-04 14:16:04,2026-03-04 14:34:04,2026-03-04 17:28:36,2026-03-04 19:13:54,False,True Positive,True,Investigation completed; evidence recorded and escalated per playbook.,CRITICAL,98,83
CSE-D,ALT-02231,ASSET-008,LOW,Network Anomaly,2026-05-07 07:15:55,2026-05-07 07:35:45,,,2026-05-07 20:48:22,True,Escalated to Tier-2,False,,MEDIUM,109,101
CSE-B,ALT-02232,ASSET-061,CRITICAL,Network Anomaly,2026-05-26 11:14:49,2026-05-26 12:08:21,2026-05-26 12:17:21,2026-05-26 13:07:28,2026-05-26 13:11:25,False,Under Investigation,True,Analyst investigation performed; packet capture and EDR evidence attached.,CRITICAL,93,75
CSE-A,ALT-02233,ASSET-097,HIGH,Unauthorized Access,2026-04-02 16:31:19,2026-04-02 16:45:19,2026-04-02 16:50:19,2026-04-02 18:53:25,2026-04-02 18:43:50,False,False Positive,True,"Reviewed source IP, asset logs and correlated with previous alerts.",CRITICAL,102,98
CSE-D,ALT-02234,ASSET-012,LOW,Brute Force,2026-01-21 11:50:01,2026-01-21 12:05:14,2026-01-21 12:14:14,2026-01-21 13:28:38,2026-01-21 15:19:09,False,Under Investigation,True,Investigation completed; evidence recorded and escalated per playbook.,HIGH,152,127
CSE-C,ALT-02235,ASSET-023,CRITICAL,Malware,2026-01-05 02:22:29,2026-01-05 03:02:11,,,2026-01-05 02:27:24,False,Under Investigation,False,,CRITICAL,161,76
CSE-E,ALT-02236,ASSET-081,HIGH,Brute Force,2026-03-12 15:36:05,2026-03-12 17:31:50,2026-03-12 17:44:50,2026-03-12 17:59:49,2026-03-13 02:23:59,False,True Positive,True,Alert correlated with threat intel; full timeline documented.,MEDIUM,163,80
CSE-E,ALT-02237,ASSET-074,CRITICAL,Data Exfiltration,2026-06-26 14:59:14,2026-06-26 15:34:27,2026-06-26 15:38:27,2026-06-26 17:26:12,2026-06-26 21:32:31,True,Under Investigation,True,"Reviewed source IP, asset logs and correlated with previous alerts.",CRITICAL,194,106
CSE-A,ALT-02238,ASSET-044,LOW,Privilege Escalation,2026-01-26 11:08:01,2026-01-26 11:28:26,2026-01-26 11:30:26,2026-01-26 13:01:44,2026-01-26 20:22:45,True,Under Investigation,True,Analyst reviewed logs and confirmed activity with evidence archived.,HIGH,167,149
CSE-B,ALT-02239,ASSET-004,HIGH,Malware,2026-02-26 07:41:42,2026-02-26 08:53:05,2026-02-26 09:00:05,2026-02-26 10:01:43,2026-02-26 14:51:00,False,Benign True Positive,True,Analyst reviewed logs and confirmed activity with evidence archived.,MEDIUM,146,83
CSE-D,ALT-02240,ASSET-048,MEDIUM,Malware,2026-01-24 16:20:33,2026-01-24 16:30:14,2026-01-24 16:43:14,2026-01-24 20:03:14,2026-01-24 21:20:50,False,Benign True Positive,True,Analyst reviewed logs and confirmed activity with evidence archived.,MEDIUM,126,123
CSE-C,ALT-02241,ASSET-049,HIGH,Phishing,2026-06-14 10:40:32,2026-06-14 10:48:20,,,2026-06-14 11:18:28,False,True Positive,False,N/A,MEDIUM,103,41
CSE-E,ALT-02242,ASSET-046,CRITICAL,Malware,2026-06-02 17:18:49,2026-06-02 18:07:51,2026-06-02 18:18:51,2026-06-02 18:54:49,2026-06-03 01:12:43,False,False Positive,True,Analyst investigation performed; packet capture and EDR evidence attached.,CRITICAL,94,80
CSE-B,ALT-02243,ASSET-001,MEDIUM,Phishing,2026-02-20 16:21:22,2026-02-20 17:20:56,,,2026-02-21 02:22:46,False,True Positive,False,N/A,CRITICAL,194,107
CSE-B,ALT-02244,ASSET-038,HIGH,Privilege Escalation,2026-02-28 15:25:48,2026-02-28 16:07:53,2026-02-28 16:12:53,2026-02-28 18:18:00,2026-03-01 00:06:11,False,True Positive,True,Analyst investigation performed; packet capture and EDR evidence attached.,HIGH,164,116
CSE-A,ALT-02245,ASSET-076,CRITICAL,Malware,2026-04-20 14:58:19,2026-04-20 15:15:31,,,2026-04-20 20:20:39,False,Benign True Positive,False,Closed quickly — no notes.,CRITICAL,91,73
CSE-A,ALT-02246,ASSET-063,MEDIUM,Suspicious Login,2026-03-08 17:54:07,2026-03-08 18:04:52,2026-03-08 18:14:52,2026-03-08 22:15:54,2026-03-08 22:12:18,True,True Positive,True,"Reviewed source IP, asset logs and correlated with previous alerts.",CRITICAL,134,98
CSE-C,ALT-02247,ASSET-058,CRITICAL,Privilege Escalation,2026-02-21 10:22:12,2026-02-21 10:39:59,2026-02-21 10:53:59,2026-02-21 11:01:10,2026-02-21 10:25:31,False,Benign True Positive,True,Analyst investigation performed; packet capture and EDR evidence attached.,CRITICAL,160,32
CSE-E,ALT-02248,ASSET-008,CRITICAL,Data Exfiltration,2026-06-07 15:55:39,2026-06-07 17:21:36,2026-06-07 17:46:36,2026-06-07 20:10:46,2026-06-07 23:49:03,False,True Positive,True,Analyst investigation performed; packet capture and EDR evidence attached.,MEDIUM,142,86
CSE-D,ALT-02249,ASSET-032,MEDIUM,Network Anomaly,2026-05-23 13:03:10,2026-05-23 13:16:07,2026-05-23 13:25:07,2026-05-23 16:40:10,2026-05-24 01:21:02,False,Escalated to Tier-2,True,Analyst reviewed logs and confirmed activity with evidence archived.,MEDIUM,186,206
CSE-E,ALT-02250,ASSET-020,CRITICAL,Network Anomaly,2026-01-04 19:45:56,2026-01-04 20:12:28,2026-01-04 20:13:28,2026-01-04 20:55:01,2026-01-04 22:26:44,True,Benign True Positive,True,Investigation completed; evidence recorded and escalated per playbook.,CRITICAL,72,44
CSE-E,ALT-02251,ASSET-027,LOW,Privilege Escalation,2026-05-25 11:05:55,2026-05-25 12:58:31,,,2026-05-25 14:00:20,False,False Positive,False,N/A,MEDIUM,80,63
CSE-B,ALT-02252,ASSET-052,CRITICAL,Unauthorized Access,2026-05-06 09:15:46,2026-05-06 10:46:20,2026-05-06 10:48:20,2026-05-06 11:51:55,2026-05-06 13:04:07,False,False Positive,True,Analyst investigation performed; packet capture and EDR evidence attached.,HIGH,86,72
CSE-A,ALT-02253,ASSET-056,LOW,Privilege Escalation,2026-01-04 03:27:37,2026-01-04 03:43:39,2026-01-04 03:59:39,2026-01-04 06:45:37,2026-01-04 10:25:38,False,True Positive,True,Investigation completed; evidence recorded and escalated per playbook.,HIGH,94,97
CSE-E,ALT-02254,ASSET-060,MEDIUM,Unauthorized Access,2026-05-01 14:12:15,2026-05-01 14:32:04,2026-05-01 14:53:04,2026-05-01 16:19:51,2026-05-01 22:00:35,False,False Positive,True,Investigation completed; evidence recorded and escalated per playbook.,HIGH,166,87
CSE-B,ALT-02255,ASSET-088,HIGH,Network Anomaly,2026-02-25 13:30:14,2026-02-25 14:38:02,2026-02-25 15:00:02,2026-02-25 17:47:41,2026-02-25 15:49:22,False,Under Investigation,True,Analyst reviewed logs and confirmed activity with evidence archived.,MEDIUM,97,88
CSE-A,ALT-02256,ASSET-005,MEDIUM,Phishing,2026-02-18 16:39:25,2026-02-18 16:58:06,2026-02-18 17:03:06,2026-02-18 21:37:34,2026-02-19 03:03:11,False,Benign True Positive,True,Alert correlated with threat intel; full timeline documented.,MEDIUM,183,179
CSE-E,ALT-02257,ASSET-028,CRITICAL,Malware,2026-02-10 12:10:55,2026-02-10 12:46:22,,,2026-02-10 16:51:51,True,True Positive,False,Closed quickly — no notes.,CRITICAL,137,68
CSE-B,ALT-02258,ASSET-069,HIGH,Network Anomaly,2026-01-31 19:10:09,2026-01-31 20:07:16,2026-01-31 20:31:16,2026-01-31 21:49:45,2026-01-31 23:31:17,False,True Positive,True,Alert correlated with threat intel; full timeline documented.,HIGH,128,106
CSE-A,ALT-02259,ASSET-052,HIGH,Privilege Escalation,2026-03-31 14:15:55,2026-03-31 14:27:23,2026-03-31 14:34:23,2026-03-31 15:22:04,2026-03-31 21:57:55,False,False Positive,True,Analyst reviewed logs and confirmed activity with evidence archived.,HIGH,140,131
CSE-A,ALT-02260,ASSET-068,MEDIUM,Phishing,2026-02-27 09:46:07,2026-02-27 09:57:42,2026-02-27 10:13:42,2026-02-27 14:48:29,2026-02-27 17:37:05,False,True Positive,True,Analyst reviewed logs and confirmed activity with evidence archived.,MEDIUM,193,189
CSE-A,ALT-02261,ASSET-070,MEDIUM,Malware,2026-06-21 13:51:25,2026-06-21 14:19:10,2026-06-21 14:36:10,2026-06-21 16:18:37,2026-06-21 23:02:23,False,False Positive,True,Analyst reviewed logs and confirmed activity with evidence archived.,HIGH,177,180
CSE-A,ALT-02262,ASSET-100,HIGH,Data Exfiltration,2026-06-26 10:27:12,2026-06-26 10:44:10,2026-06-26 10:49:10,2026-06-26 12:47:43,2026-06-26 16:41:31,True,True Positive,True,Analyst reviewed logs and confirmed activity with evidence archived.,MEDIUM,147,148
CSE-C,ALT-02263,ASSET-013,HIGH,Brute Force,2026-04-13 16:02:16,2026-04-13 16:40:27,,,2026-04-13 21:48:11,False,Under Investigation,False,,CRITICAL,119,63
CSE-B,ALT-02264,ASSET-023,LOW,Suspicious Login,2026-06-12 10:45:35,2026-06-12 10:59:58,2026-06-12 11:06:58,2026-06-12 14:00:35,2026-06-12 17:43:42,False,True Positive,True,"Reviewed source IP, asset logs and correlated with previous alerts.",CRITICAL,171,128
CSE-A,ALT-02265,ASSET-089,MEDIUM,Data Exfiltration,2026-05-09 17:04:48,2026-05-09 17:23:17,2026-05-09 17:28:17,2026-05-09 22:04:48,2026-05-10 04:20:17,False,False Positive,True,Investigation completed; evidence recorded and escalated per playbook.,MEDIUM,147,131
CSE-C,ALT-02266,ASSET-083,MEDIUM,Data Exfiltration,2026-05-31 17:12:34,2026-05-31 17:17:45,,,2026-05-31 19:42:13,False,False Positive,False,N/A,HIGH,171,55
CSE-E,ALT-02267,ASSET-100,LOW,Suspicious Login,2026-04-25 17:49:06,2026-04-25 18:29:33,2026-04-25 18:37:33,2026-04-25 21:13:53,2026-04-26 02:06:10,False,True Positive,True,"Reviewed source IP, asset logs and correlated with previous alerts.",CRITICAL,182,93
CSE-E,ALT-02268,ASSET-036,HIGH,Brute Force,2026-03-29 11:43:14,2026-03-29 11:55:06,2026-03-29 12:11:06,2026-03-29 14:37:07,2026-03-29 17:06:30,False,Escalated to Tier-2,True,Analyst reviewed logs and confirmed activity with evidence archived.,MEDIUM,89,73
CSE-A,ALT-02269,ASSET-058,HIGH,Network Anomaly,2026-01-27 05:24:02,2026-01-27 05:43:14,2026-01-27 05:48:14,2026-01-27 08:28:49,2026-01-27 11:42:46,False,True Positive,True,Alert correlated with threat intel; full timeline documented.,HIGH,151,131
CSE-D,ALT-02270,ASSET-009,LOW,Suspicious Login,2026-04-26 15:57:01,2026-04-26 16:21:27,,,2026-04-27 03:47:23,False,True Positive,False,,MEDIUM,132,130
CSE-A,ALT-02271,ASSET-054,MEDIUM,Network Anomaly,2026-03-16 16:02:37,2026-03-16 16:21:53,2026-03-16 16:35:53,2026-03-16 20:18:52,2026-03-16 21:19:23,False,Under Investigation,True,"Reviewed source IP, asset logs and correlated with previous alerts.",MEDIUM,195,203
CSE-C,ALT-02272,ASSET-088,CRITICAL,Network Anomaly,2026-04-26 17:27:56,2026-04-26 18:02:19,,,2026-04-26 21:15:51,False,True Positive,False,N/A,CRITICAL,179,32
CSE-C,ALT-02273,ASSET-020,HIGH,Suspicious Login,2026-02-18 12:52:02,2026-02-18 13:11:10,2026-02-18 13:22:10,2026-02-18 13:24:21,2026-02-18 20:38:04,False,Under Investigation,True,Investigation completed; evidence recorded and escalated per playbook.,CRITICAL,151,67
CSE-E,ALT-02274,ASSET-093,HIGH,Brute Force,2026-04-12 00:06:14,2026-04-12 01:08:00,2026-04-12 01:33:00,2026-04-12 02:19:37,2026-04-12 01:35:14,False,False Positive,True,Investigation completed; evidence recorded and escalated per playbook.,MEDIUM,147,77
CSE-A,ALT-02275,ASSET-076,MEDIUM,Unauthorized Access,2026-06-06 18:44:00,2026-06-06 19:02:46,2026-06-06 19:13:46,2026-06-06 20:29:46,2026-06-07 02:51:35,False,Benign True Positive,True,Analyst investigation performed; packet capture and EDR evidence attached.,HIGH,80,87
CSE-B,ALT-02276,ASSET-052,MEDIUM,Data Exfiltration,2026-06-23 11:10:39,2026-06-23 11:53:41,2026-06-23 12:09:41,2026-06-23 13:48:18,2026-06-23 15:29:03,False,True Positive,True,Investigation completed; evidence recorded and escalated per playbook.,HIGH,163,115
CSE-C,ALT-02277,ASSET-008,HIGH,Data Exfiltration,2026-06-12 10:12:00,2026-06-12 10:56:58,,,2026-06-12 17:40:46,True,False Positive,False,N/A,MEDIUM,133,74
CSE-B,ALT-02278,ASSET-052,MEDIUM,Phishing,2026-01-30 15:54:00,2026-01-30 16:02:47,2026-01-30 16:15:47,2026-01-30 16:50:13,2026-01-30 22:23:59,False,False Positive,True,Analyst reviewed logs and confirmed activity with evidence archived.,CRITICAL,112,74
CSE-D,ALT-02279,ASSET-003,MEDIUM,Brute Force,2026-05-11 12:38:14,2026-05-11 13:03:11,2026-05-11 13:16:11,2026-05-11 17:22:32,2026-05-11 19:44:05,False,True Positive,True,Alert correlated with threat intel; full timeline documented.,HIGH,104,87
CSE-D,ALT-02280,ASSET-093,CRITICAL,Data Exfiltration,2026-03-02 18:39:10,2026-03-02 19:01:29,2026-03-02 19:20:29,2026-03-02 23:18:06,2026-03-02 20:53:03,False,Under Investigation,True,Alert correlated with threat intel; full timeline documented.,CRITICAL,139,145
CSE-E,ALT-02281,ASSET-058,CRITICAL,Brute Force,2026-03-16 12:17:26,2026-03-16 12:50:45,2026-03-16 12:59:45,2026-03-16 14:29:51,2026-03-16 19:54:52,False,Under Investigation,True,"Reviewed source IP, asset logs and correlated with previous alerts.",HIGH,110,82
CSE-B,ALT-02282,ASSET-077,LOW,Phishing,2026-03-17 10:11:43,2026-03-17 10:36:48,,,2026-03-17 16:38:09,False,Benign True Positive,False,Closed quickly — no notes.,CRITICAL,80,59
CSE-D,ALT-02283,ASSET-090,MEDIUM,Network Anomaly,2026-02-03 01:57:24,2026-02-03 02:19:37,,,2026-02-03 10:57:32,False,True Positive,False,Closed quickly — no notes.,CRITICAL,167,145
CSE-C,ALT-02284,ASSET-035,CRITICAL,Unauthorized Access,2026-05-05 15:28:31,2026-05-05 16:07:54,,,2026-05-05 18:11:41,False,Escalated to Tier-2,False,N/A,CRITICAL,117,40
CSE-D,ALT-02285,ASSET-036,MEDIUM,Privilege Escalation,2026-04-26 11:01:51,2026-04-26 11:07:52,2026-04-26 11:17:52,2026-04-26 14:24:08,2026-04-26 14:55:26,False,Under Investigation,True,Analyst reviewed logs and confirmed activity with evidence archived.,MEDIUM,106,104
CSE-B,ALT-02286,ASSET-002,HIGH,Network Anomaly,2026-04-14 11:03:15,2026-04-14 11:57:39,2026-04-14 12:22:39,2026-04-14 14:47:12,2026-04-14 21:06:17,False,False Positive,True,Alert correlated with threat intel; full timeline documented.,HIGH,192,143
CSE-E,ALT-02287,ASSET-038,LOW,Phishing,2026-02-01 13:05:20,2026-02-01 14:24:22,,,2026-02-01 19:42:01,True,False Positive,False,N/A,CRITICAL,141,68
CSE-D,ALT-02288,ASSET-008,HIGH,Phishing,2026-03-11 11:34:30,2026-03-11 11:53:56,2026-03-11 12:13:56,2026-03-11 15:20:12,2026-03-11 23:58:06,False,True Positive,True,Alert correlated with threat intel; full timeline documented.,HIGH,91,94
CSE-E,ALT-02289,ASSET-015,CRITICAL,Phishing,2026-04-08 08:09:28,2026-04-08 09:23:38,,,2026-04-08 16:52:11,False,Benign True Positive,False,,CRITICAL,165,111
CSE-D,ALT-02290,ASSET-062,CRITICAL,Network Anomaly,2026-04-02 12:15:36,2026-04-02 12:38:19,2026-04-02 12:58:19,2026-04-02 14:41:39,2026-04-02 21:21:12,False,Escalated to Tier-2,True,Alert correlated with threat intel; full timeline documented.,CRITICAL,166,170
CSE-A,ALT-02291,ASSET-072,LOW,Network Anomaly,2026-05-04 15:52:11,2026-05-04 16:07:37,2026-05-04 16:31:37,2026-05-04 21:17:03,2026-05-04 23:46:34,False,True Positive,True,Analyst reviewed logs and confirmed activity with evidence archived.,HIGH,181,167
CSE-A,ALT-02292,ASSET-029,LOW,Suspicious Login,2026-04-15 17:48:26,2026-04-15 17:59:27,2026-04-15 18:12:27,2026-04-15 21:50:50,2026-04-16 04:24:58,False,Under Investigation,True,Investigation completed; evidence recorded and escalated per playbook.,HIGH,114,121
CSE-C,ALT-02293,ASSET-033,LOW,Privilege Escalation,2026-03-15 10:51:41,2026-03-15 11:22:05,2026-03-15 11:40:05,2026-03-15 12:02:07,2026-03-15 17:40:16,False,Under Investigation,True,Analyst reviewed logs and confirmed activity with evidence archived.,MEDIUM,110,32
CSE-E,ALT-02294,ASSET-077,HIGH,Malware,2026-04-01 15:34:20,2026-04-01 15:42:38,2026-04-01 15:55:38,2026-04-01 18:15:05,2026-04-01 23:16:16,True,Escalated to Tier-2,True,Analyst investigation performed; packet capture and EDR evidence attached.,CRITICAL,125,65
CSE-B,ALT-02295,ASSET-012,LOW,Malware,2026-03-11 04:11:59,2026-03-11 04:57:39,2026-03-11 05:14:39,2026-03-11 06:28:23,2026-03-11 13:21:06,False,Escalated to Tier-2,True,"Reviewed source IP, asset logs and correlated with previous alerts.",MEDIUM,114,88
CSE-B,ALT-02296,ASSET-058,LOW,Data Exfiltration,2026-03-03 14:52:53,2026-03-03 16:16:12,,,2026-03-03 18:21:47,False,Under Investigation,False,,HIGH,166,101
CSE-B,ALT-02297,ASSET-018,LOW,Privilege Escalation,2026-01-14 13:48:04,2026-01-14 13:54:17,2026-01-14 14:04:17,2026-01-14 14:25:57,2026-01-14 18:35:59,False,False Positive,True,Alert correlated with threat intel; full timeline documented.,CRITICAL,179,124
CSE-C,ALT-02298,ASSET-039,HIGH,Brute Force,2026-02-02 02:06:14,2026-02-02 02:56:02,,,2026-02-02 06:46:31,False,Benign True Positive,False,N/A,MEDIUM,99,51
CSE-E,ALT-02299,ASSET-056,HIGH,Brute Force,2026-03-18 14:41:13,2026-03-18 15:30:09,,,2026-03-18 18:59:30,False,Escalated to Tier-2,False,Closed quickly — no notes.,CRITICAL,178,142
CSE-A,ALT-02300,ASSET-065,MEDIUM,Brute Force,2026-03-05 17:17:18,2026-03-05 17:41:47,2026-03-05 17:44:47,2026-03-05 20:05:34,2026-03-05 19:11:16,False,Benign True Positive,True,Investigation completed; evidence recorded and escalated per playbook.,MEDIUM,120,93
CSE-B,ALT-02301,ASSET-013,MEDIUM,Malware,2026-03-30 14:22:49,2026-03-30 15:02:15,2026-03-30 15:05:15,2026-03-30 15:43:18,2026-03-30 15:55:57,False,False Positive,True,Alert correlated with threat intel; full timeline documented.,HIGH,159,138
CSE-B,ALT-02302,ASSET-071,MEDIUM,Suspicious Login,2026-03-26 09:01:14,2026-03-26 09:21:34,2026-03-26 09:34:34,2026-03-26 10:58:48,2026-03-26 14:07:51,False,Under Investigation,True,Analyst investigation performed; packet capture and EDR evidence attached.,CRITICAL,152,94
CSE-A,ALT-02303,ASSET-098,MEDIUM,Suspicious Login,2026-02-23 15:03:59,2026-02-23 15:07:29,2026-02-23 15:15:29,2026-02-23 15:38:25,2026-02-23 19:06:06,True,True Positive,True,Investigation completed; evidence recorded and escalated per playbook.,CRITICAL,173,173
CSE-B,ALT-02304,ASSET-048,LOW,Suspicious Login,2026-04-10 14:38:43,2026-04-10 15:30:32,2026-04-10 15:53:32,2026-04-10 17:27:31,2026-04-10 18:32:28,False,Benign True Positive,True,Alert correlated with threat intel; full timeline documented.,HIGH,158,135
CSE-E,ALT-02305,ASSET-068,MEDIUM,Data Exfiltration,2026-06-02 13:56:13,2026-06-02 14:10:14,2026-06-02 14:22:14,2026-06-02 14:47:48,2026-06-02 23:15:36,False,False Positive,True,Analyst investigation performed; packet capture and EDR evidence attached.,MEDIUM,73,56
CSE-C,ALT-02306,ASSET-067,HIGH,Data Exfiltration,2026-06-04 12:23:00,2026-06-04 13:07:54,2026-06-04 13:27:54,2026-06-04 13:47:21,2026-06-04 18:51:35,False,Under Investigation,True,Investigation completed; evidence recorded and escalated per playbook.,CRITICAL,186,80
CSE-D,ALT-02307,ASSET-065,LOW,Privilege Escalation,2026-04-18 14:27:43,2026-04-18 14:53:07,2026-04-18 14:54:07,2026-04-18 16:57:05,2026-04-18 23:31:13,False,Under Investigation,True,"Reviewed source IP, asset logs and correlated with previous alerts.",HIGH,146,134
CSE-A,ALT-02308,ASSET-075,LOW,Malware,2026-06-20 17:17:21,2026-06-20 17:48:03,2026-06-20 17:50:03,2026-06-20 20:14:28,2026-06-20 19:21:59,False,True Positive,True,Analyst investigation performed; packet capture and EDR evidence attached.,CRITICAL,131,139
CSE-C,ALT-02309,ASSET-074,HIGH,Network Anomaly,2026-02-18 09:42:09,2026-02-18 10:02:49,,,2026-02-18 10:29:32,False,Under Investigation,False,Closed quickly — no notes.,HIGH,159,67
CSE-A,ALT-02310,ASSET-056,HIGH,Suspicious Login,2026-01-15 13:34:31,2026-01-15 13:42:10,2026-01-15 14:03:10,2026-01-15 14:54:57,2026-01-16 01:01:01,False,Escalated to Tier-2,True,Alert correlated with threat intel; full timeline documented.,CRITICAL,161,165
CSE-D,ALT-02311,ASSET-070,MEDIUM,Phishing,2026-05-04 09:29:31,2026-05-04 09:54:07,2026-05-04 10:00:07,2026-05-04 14:01:28,2026-05-04 17:09:15,False,Benign True Positive,True,Alert correlated with threat intel; full timeline documented.,CRITICAL,167,176
CSE-A,ALT-02312,ASSET-049,MEDIUM,Brute Force,2026-04-09 17:57:14,2026-04-09 18:04:19,2026-04-09 18:23:19,2026-04-09 19:01:22,2026-04-09 23:51:23,False,False Positive,True,Alert correlated with threat intel; full timeline documented.,MEDIUM,114,88
CSE-E,ALT-02313,ASSET-051,HIGH,Phishing,2026-02-07 13:00:06,2026-02-07 13:55:37,2026-02-07 14:00:37,2026-02-07 15:22:01,2026-02-07 19:08:07,False,False Positive,True,Investigation completed; evidence recorded and escalated per playbook.,CRITICAL,186,153
CSE-D,ALT-02314,ASSET-093,LOW,Suspicious Login,2026-01-19 11:00:02,2026-01-19 11:03:31,2026-01-19 11:23:31,2026-01-19 11:52:03,2026-01-19 20:06:10,False,Under Investigation,True,Investigation completed; evidence recorded and escalated per playbook.,CRITICAL,93,94
CSE-A,ALT-02315,ASSET-052,LOW,Unauthorized Access,2026-03-11 16:18:47,2026-03-11 16:31:21,2026-03-11 16:46:21,2026-03-11 20:07:49,2026-03-11 17:38:17,False,Benign True Positive,True,Analyst investigation performed; packet capture and EDR evidence attached.,HIGH,191,196
CSE-E,ALT-02316,ASSET-052,LOW,Phishing,2026-05-06 02:50:53,2026-05-06 02:58:45,2026-05-06 03:18:45,2026-05-06 06:02:22,2026-05-06 11:38:18,False,Under Investigation,True,"Reviewed source IP, asset logs and correlated with previous alerts.",HIGH,125,97
CSE-A,ALT-02317,ASSET-099,HIGH,Data Exfiltration,2026-02-19 12:37:01,2026-02-19 12:47:40,2026-02-19 12:53:40,2026-02-19 13:22:30,2026-02-19 14:05:40,True,False Positive,True,Alert correlated with threat intel; full timeline documented.,HIGH,123,103
CSE-B,ALT-02318,ASSET-065,LOW,Unauthorized Access,2026-03-16 03:03:27,2026-03-16 03:35:00,2026-03-16 03:38:00,2026-03-16 04:09:30,2026-03-16 07:32:03,False,Under Investigation,True,"Reviewed source IP, asset logs and correlated with previous alerts.",CRITICAL,191,163
CSE-D,ALT-02319,ASSET-022,LOW,Data Exfiltration,2026-01-08 09:54:50,2026-01-08 10:20:48,2026-01-08 10:41:48,2026-01-08 11:03:22,2026-01-08 23:31:15,False,True Positive,True,Analyst investigation performed; packet capture and EDR evidence attached.,MEDIUM,144,112
CSE-B,ALT-02320,ASSET-085,CRITICAL,Privilege Escalation,2026-06-24 15:51:59,2026-06-24 16:58:07,2026-06-24 17:03:07,2026-06-24 19:01:13,2026-06-24 17:28:43,False,True Positive,True,Alert correlated with threat intel; full timeline documented.,MEDIUM,179,168
CSE-B,ALT-02321,ASSET-040,CRITICAL,Suspicious Login,2026-04-18 16:42:07,2026-04-18 16:56:07,2026-04-18 16:57:07,2026-04-18 18:43:41,2026-04-19 00:49:24,False,Benign True Positive,True,Alert correlated with threat intel; full timeline documented.,CRITICAL,130,93
CSE-C,ALT-02322,ASSET-062,HIGH,Privilege Escalation,2026-02-19 13:58:11,2026-02-19 14:20:22,2026-02-19 14:35:22,2026-02-19 14:49:56,2026-02-19 21:47:58,False,Under Investigation,True,Analyst investigation performed; packet capture and EDR evidence attached.,MEDIUM,118,51
CSE-C,ALT-02323,ASSET-079,CRITICAL,Unauthorized Access,2026-01-09 11:44:42,2026-01-09 12:26:57,,,2026-01-09 13:38:13,False,True Positive,False,N/A,HIGH,97,44
CSE-A,ALT-02324,ASSET-076,MEDIUM,Brute Force,2026-06-08 15:29:46,2026-06-08 15:53:26,2026-06-08 15:58:26,2026-06-08 18:07:29,2026-06-09 00:58:24,False,True Positive,True,Investigation completed; evidence recorded and escalated per playbook.,HIGH,169,137
CSE-E,ALT-02325,ASSET-066,LOW,Privilege Escalation,2026-06-25 12:55:14,2026-06-25 14:43:03,2026-06-25 14:53:03,2026-06-25 15:21:28,2026-06-25 15:25:30,False,Under Investigation,True,"Reviewed source IP, asset logs and correlated with previous alerts.",CRITICAL,174,110
CSE-B,ALT-02326,ASSET-008,CRITICAL,Malware,2026-03-31 21:48:33,2026-03-31 22:20:49,,,2026-04-01 02:20:15,True,False Positive,False,Closed quickly — no notes.,MEDIUM,197,148
CSE-B,ALT-02327,ASSET-039,HIGH,Suspicious Login,2026-03-17 08:53:06,2026-03-17 09:52:35,2026-03-17 09:56:35,2026-03-17 12:19:06,2026-03-17 14:29:36,False,True Positive,True,Investigation completed; evidence recorded and escalated per playbook.,CRITICAL,121,76
CSE-B,ALT-02328,ASSET-020,MEDIUM,Network Anomaly,2026-01-07 11:56:37,2026-01-07 12:43:43,2026-01-07 12:49:43,2026-01-07 15:18:28,2026-01-07 13:55:18,False,True Positive,True,Analyst investigation performed; packet capture and EDR evidence attached.,HIGH,182,132
CSE-B,ALT-02329,ASSET-033,CRITICAL,Suspicious Login,2026-03-28 11:13:42,2026-03-28 12:30:40,2026-03-28 12:43:40,2026-03-28 13:45:57,2026-03-28 14:47:19,False,Under Investigation,True,Analyst reviewed logs and confirmed activity with evidence archived.,CRITICAL,178,119
CSE-B,ALT-02330,ASSET-071,HIGH,Unauthorized Access,2026-05-13 03:55:26,2026-05-13 05:15:37,2026-05-13 05:27:37,2026-05-13 05:51:06,2026-05-13 09:59:00,False,True Positive,True,Analyst reviewed logs and confirmed activity with evidence archived.,CRITICAL,136,104
CSE-C,ALT-02331,ASSET-056,CRITICAL,Malware,2026-04-01 15:00:16,2026-04-01 15:44:37,,,2026-04-01 15:04:35,False,False Positive,False,N/A,CRITICAL,120,26
CSE-C,ALT-02332,ASSET-047,HIGH,Suspicious Login,2026-03-07 13:53:52,2026-03-07 14:46:40,,,2026-03-07 18:25:35,True,True Positive,False,,MEDIUM,129,20
CSE-C,ALT-02333,ASSET-081,HIGH,Brute Force,2026-03-09 10:51:02,2026-03-09 11:33:08,2026-03-09 11:58:08,2026-03-09 12:15:03,2026-03-09 16:43:49,False,Escalated to Tier-2,True,"Reviewed source IP, asset logs and correlated with previous alerts.",CRITICAL,163,58
CSE-B,ALT-02334,ASSET-083,LOW,Privilege Escalation,2026-05-14 09:08:43,2026-05-14 09:25:51,2026-05-14 09:28:51,2026-05-14 10:08:47,2026-05-14 18:17:35,True,False Positive,True,Alert correlated with threat intel; full timeline documented.,HIGH,156,101
CSE-A,ALT-02335,ASSET-097,LOW,Brute Force,2026-06-24 13:37:31,2026-06-24 13:58:29,,,2026-06-24 23:41:29,False,True Positive,False,,HIGH,173,143
CSE-A,ALT-02336,ASSET-041,LOW,Phishing,2026-01-25 15:38:20,2026-01-25 15:58:07,2026-01-25 16:03:07,2026-01-25 18:23:36,2026-01-25 21:00:27,True,False Positive,True,Alert correlated with threat intel; full timeline documented.,HIGH,96,86
CSE-B,ALT-02337,ASSET-090,MEDIUM,Unauthorized Access,2026-03-23 16:03:02,2026-03-23 16:09:37,2026-03-23 16:28:37,2026-03-23 18:52:38,2026-03-24 01:38:26,False,True Positive,True,Analyst reviewed logs and confirmed activity with evidence archived.,CRITICAL,70,45
CSE-D,ALT-02338,ASSET-070,MEDIUM,Unauthorized Access,2026-05-15 11:44:50,2026-05-15 12:10:31,2026-05-15 12:15:31,2026-05-15 12:57:29,2026-05-15 13:21:00,True,Escalated to Tier-2,True,"Reviewed source IP, asset logs and correlated with previous alerts.",CRITICAL,177,159
CSE-B,ALT-02339,ASSET-017,HIGH,Network Anomaly,2026-04-07 13:21:10,2026-04-07 13:40:33,2026-04-07 13:52:33,2026-04-07 14:15:10,2026-04-07 15:11:01,True,Under Investigation,True,Analyst investigation performed; packet capture and EDR evidence attached.,HIGH,104,79
CSE-E,ALT-02340,ASSET-075,HIGH,Suspicious Login,2026-06-19 12:41:21,2026-06-19 13:55:10,,,2026-06-19 17:11:55,False,True Positive,False,Closed quickly — no notes.,MEDIUM,194,136
CSE-E,ALT-02341,ASSET-066,HIGH,Brute Force,2026-01-14 12:55:15,2026-01-14 13:46:38,,,2026-01-14 20:08:07,False,True Positive,False,N/A,HIGH,137,81
CSE-E,ALT-02342,ASSET-086,LOW,Brute Force,2026-04-22 09:27:22,2026-04-22 10:14:20,2026-04-22 10:26:20,2026-04-22 11:24:21,2026-04-22 17:38:25,False,Benign True Positive,True,"Reviewed source IP, asset logs and correlated with previous alerts.",MEDIUM,146,71
CSE-E,ALT-02343,ASSET-072,HIGH,Suspicious Login,2026-06-16 16:55:38,2026-06-16 18:40:36,2026-06-16 19:02:36,2026-06-16 19:31:53,2026-06-16 23:35:35,False,Under Investigation,True,Investigation completed; evidence recorded and escalated per playbook.,MEDIUM,100,60
CSE-E,ALT-02344,ASSET-067,HIGH,Phishing,2026-05-18 13:36:37,2026-05-18 14:13:39,,,2026-05-18 17:37:05,False,Escalated to Tier-2,False,N/A,MEDIUM,158,112
CSE-D,ALT-02345,ASSET-042,MEDIUM,Malware,2026-01-15 09:23:22,2026-01-15 09:40:13,2026-01-15 09:59:13,2026-01-15 14:28:31,2026-01-15 23:40:55,False,True Positive,True,"Reviewed source IP, asset logs and correlated with previous alerts.",MEDIUM,164,172
CSE-C,ALT-02346,ASSET-017,HIGH,Privilege Escalation,2026-06-12 09:25:44,2026-06-12 10:11:19,2026-06-12 10:31:19,2026-06-12 10:56:19,2026-06-12 11:24:40,False,Under Investigation,True,Analyst reviewed logs and confirmed activity with evidence archived.,MEDIUM,138,66
CSE-B,ALT-02347,ASSET-007,HIGH,Phishing,2026-05-04 09:04:08,2026-05-04 09:53:15,2026-05-04 09:55:15,2026-05-04 11:41:12,2026-05-04 12:45:34,False,Under Investigation,True,Alert correlated with threat intel; full timeline documented.,HIGH,162,143
CSE-D,ALT-02348,ASSET-086,LOW,Phishing,2026-05-17 13:55:29,2026-05-17 14:09:44,,,2026-05-18 02:52:18,True,False Positive,False,,HIGH,83,85
CSE-A,ALT-02349,ASSET-002,CRITICAL,Unauthorized Access,2026-03-05 16:51:19,2026-03-05 17:14:08,2026-03-05 17:31:08,2026-03-05 17:54:00,2026-03-05 20:16:10,False,True Positive,True,Investigation completed; evidence recorded and escalated per playbook.,HIGH,141,150
CSE-B,ALT-02350,ASSET-042,HIGH,Unauthorized Access,2026-05-23 06:23:59,2026-05-23 07:33:53,2026-05-23 07:45:53,2026-05-23 09:46:16,2026-05-23 13:59:01,False,False Positive,True,Investigation completed; evidence recorded and escalated per playbook.,MEDIUM,162,91
CSE-D,ALT-02351,ASSET-044,HIGH,Network Anomaly,2026-05-15 15:50:19,2026-05-15 16:08:49,2026-05-15 16:10:49,2026-05-15 16:51:52,2026-05-15 23:00:11,False,Benign True Positive,True,"Reviewed source IP, asset logs and correlated with previous alerts.",MEDIUM,110,99
CSE-E,ALT-02352,ASSET-026,HIGH,Phishing,2026-06-12 17:40:18,2026-06-12 18:21:47,2026-06-12 18:25:47,2026-06-12 19:50:10,2026-06-13 00:23:29,False,True Positive,True,Analyst reviewed logs and confirmed activity with evidence archived.,HIGH,179,123
CSE-A,ALT-02353,ASSET-014,LOW,Brute Force,2026-06-01 11:03:12,2026-06-01 11:22:53,2026-06-01 11:34:53,2026-06-01 14:48:13,2026-06-01 16:54:03,True,False Positive,True,Analyst investigation performed; packet capture and EDR evidence attached.,MEDIUM,111,122
CSE-B,ALT-02354,ASSET-034,HIGH,Network Anomaly,2026-04-29 10:22:33,2026-04-29 10:28:28,2026-04-29 10:51:28,2026-04-29 12:32:56,2026-04-29 16:00:20,False,True Positive,True,Alert correlated with threat intel; full timeline documented.,HIGH,70,65
CSE-C,ALT-02355,ASSET-100,MEDIUM,Network Anomaly,2026-01-26 07:37:43,2026-01-26 08:05:19,,,2026-01-26 10:34:57,False,Under Investigation,False,Closed quickly — no notes.,HIGH,179,97
CSE-E,ALT-02356,ASSET-011,HIGH,Unauthorized Access,2026-01-21 10:32:44,2026-01-21 11:45:26,2026-01-21 12:00:26,2026-01-21 13:43:45,2026-01-21 21:07:09,True,False Positive,True,Investigation completed; evidence recorded and escalated per playbook.,MEDIUM,176,120
CSE-A,ALT-02357,ASSET-018,LOW,Network Anomaly,2026-05-25 09:28:55,2026-05-25 09:41:07,2026-05-25 09:46:07,2026-05-25 13:35:08,2026-05-25 15:52:51,False,True Positive,True,Investigation completed; evidence recorded and escalated per playbook.,MEDIUM,182,169
CSE-C,ALT-02358,ASSET-027,MEDIUM,Network Anomaly,2026-04-19 15:23:36,2026-04-19 16:20:29,2026-04-19 16:26:29,2026-04-19 16:42:02,2026-04-19 18:36:31,False,False Positive,True,Analyst reviewed logs and confirmed activity with evidence archived.,CRITICAL,156,62
CSE-C,ALT-02359,ASSET-096,HIGH,Phishing,2026-01-28 13:01:48,2026-01-28 13:50:04,2026-01-28 14:13:04,2026-01-28 14:20:16,2026-01-28 21:05:27,False,True Positive,True,"Reviewed source IP, asset logs and correlated with previous alerts.",CRITICAL,134,34
CSE-A,ALT-02360,ASSET-027,LOW,Unauthorized Access,2026-02-15 15:52:17,2026-02-15 16:18:30,2026-02-15 16:28:30,2026-02-15 17:48:02,2026-02-15 20:28:38,False,True Positive,True,Alert correlated with threat intel; full timeline documented.,CRITICAL,112,103
CSE-B,ALT-02361,ASSET-084,MEDIUM,Brute Force,2026-01-12 00:05:49,2026-01-12 01:31:43,2026-01-12 01:39:43,2026-01-12 03:00:00,2026-01-12 05:34:00,False,True Positive,True,"Reviewed source IP, asset logs and correlated with previous alerts.",MEDIUM,166,153
CSE-B,ALT-02362,ASSET-013,MEDIUM,Unauthorized Access,2026-03-13 15:53:40,2026-03-13 16:21:17,,,2026-03-14 01:18:19,False,False Positive,False,N/A,HIGH,92,65
CSE-B,ALT-02363,ASSET-097,LOW,Brute Force,2026-05-02 12:22:42,2026-05-02 13:16:41,2026-05-02 13:18:41,2026-05-02 14:31:27,2026-05-02 22:55:04,False,True Positive,True,Investigation completed; evidence recorded and escalated per playbook.,CRITICAL,132,95
CSE-D,ALT-02364,ASSET-001,HIGH,Suspicious Login,2026-03-07 14:27:59,2026-03-07 14:53:58,2026-03-07 15:01:58,2026-03-07 15:40:46,2026-03-07 17:12:05,False,Benign True Positive,True,Alert correlated with threat intel; full timeline documented.,CRITICAL,163,158
CSE-B,ALT-02365,ASSET-066,MEDIUM,Suspicious Login,2026-02-20 17:38:31,2026-02-20 17:48:19,2026-02-20 18:06:19,2026-02-20 21:01:33,2026-02-21 00:00:42,False,False Positive,True,"Reviewed source IP, asset logs and correlated with previous alerts.",HIGH,86,62
CSE-E,ALT-02366,ASSET-026,HIGH,Data Exfiltration,2026-06-06 16:29:19,2026-06-06 17:42:09,2026-06-06 18:00:09,2026-06-06 18:15:11,2026-06-07 00:15:40,False,True Positive,True,Investigation completed; evidence recorded and escalated per playbook.,MEDIUM,70,41
CSE-D,ALT-02367,ASSET-051,MEDIUM,Malware,2026-05-28 09:10:19,2026-05-28 09:20:48,2026-05-28 09:32:48,2026-05-28 10:00:54,2026-05-29 00:07:08,True,False Positive,True,Alert correlated with threat intel; full timeline documented.,HIGH,121,118
CSE-A,ALT-02368,ASSET-003,MEDIUM,Privilege Escalation,2026-05-17 20:09:31,2026-05-17 20:39:21,2026-05-17 21:02:21,2026-05-17 22:25:31,2026-05-18 00:17:39,True,True Positive,True,"Reviewed source IP, asset logs and correlated with previous alerts.",CRITICAL,110,113
CSE-A,ALT-02369,ASSET-007,LOW,Unauthorized Access,2026-05-25 10:43:47,2026-05-25 11:13:02,2026-05-25 11:21:02,2026-05-25 14:30:39,2026-05-25 13:31:56,False,Benign True Positive,True,Analyst reviewed logs and confirmed activity with evidence archived.,MEDIUM,99,89
CSE-B,ALT-02370,ASSET-020,LOW,Data Exfiltration,2026-02-10 11:03:17,2026-02-10 11:09:02,2026-02-10 11:30:02,2026-02-10 12:49:01,2026-02-10 16:44:10,False,Benign True Positive,True,Investigation completed; evidence recorded and escalated per playbook.,CRITICAL,131,71
CSE-B,ALT-02371,ASSET-031,LOW,Malware,2026-01-04 12:15:08,2026-01-04 13:17:41,,,2026-01-04 23:05:23,False,True Positive,False,,HIGH,195,149
CSE-C,ALT-02372,ASSET-095,CRITICAL,Suspicious Login,2026-06-04 15:29:07,2026-06-04 16:10:38,,,2026-06-05 00:08:25,False,False Positive,False,,CRITICAL,97,51
CSE-E,ALT-02373,ASSET-031,LOW,Network Anomaly,2026-05-29 07:21:24,2026-05-29 07:35:21,2026-05-29 07:53:21,2026-05-29 08:46:21,2026-05-29 08:40:59,True,True Positive,True,Alert correlated with threat intel; full timeline documented.,HIGH,102,63
CSE-A,ALT-02374,ASSET-086,LOW,Privilege Escalation,2026-04-19 11:47:26,2026-04-19 11:51:57,2026-04-19 12:16:57,2026-04-19 14:13:24,2026-04-19 22:38:06,False,Under Investigation,True,"Reviewed source IP, asset logs and correlated with previous alerts.",HIGH,140,141
CSE-B,ALT-02375,ASSET-093,MEDIUM,Suspicious Login,2026-06-26 17:34:09,2026-06-26 17:47:26,2026-06-26 18:07:26,2026-06-26 18:52:36,2026-06-26 21:01:59,False,True Positive,True,"Reviewed source IP, asset logs and correlated with previous alerts.",MEDIUM,120,90
CSE-B,ALT-02376,ASSET-036,MEDIUM,Data Exfiltration,2026-03-28 09:28:24,2026-03-28 09:51:55,2026-03-28 10:16:55,2026-03-28 12:50:50,2026-03-28 11:05:51,False,True Positive,True,Investigation completed; evidence recorded and escalated per playbook.,CRITICAL,113,73
CSE-B,ALT-02377,ASSET-005,MEDIUM,Suspicious Login,2026-03-06 13:14:28,2026-03-06 13:23:01,2026-03-06 13:44:01,2026-03-06 16:14:15,2026-03-06 17:45:58,False,Benign True Positive,True,Analyst investigation performed; packet capture and EDR evidence attached.,CRITICAL,110,95
CSE-B,ALT-02378,ASSET-083,HIGH,Network Anomaly,2026-03-13 12:21:54,2026-03-13 13:10:29,,,2026-03-13 17:39:42,False,False Positive,False,N/A,MEDIUM,163,137
CSE-E,ALT-02379,ASSET-088,CRITICAL,Data Exfiltration,2026-01-09 13:34:21,2026-01-09 14:50:51,2026-01-09 15:02:51,2026-01-09 15:23:23,2026-01-09 23:23:59,True,Under Investigation,True,"Reviewed source IP, asset logs and correlated with previous alerts.",CRITICAL,71,43
CSE-E,ALT-02380,ASSET-083,MEDIUM,Phishing,2026-05-09 13:26:43,2026-05-09 14:30:01,2026-05-09 14:51:01,2026-05-09 16:25:11,2026-05-09 16:35:18,False,Under Investigation,True,Analyst investigation performed; packet capture and EDR evidence attached.,HIGH,162,80
CSE-D,ALT-02381,ASSET-008,MEDIUM,Suspicious Login,2026-04-28 22:32:00,2026-04-28 22:57:11,2026-04-28 23:02:11,2026-04-29 02:26:02,2026-04-29 10:37:17,False,Benign True Positive,True,Investigation completed; evidence recorded and escalated per playbook.,MEDIUM,191,172
CSE-B,ALT-02382,ASSET-039,MEDIUM,Brute Force,2026-02-06 15:57:28,2026-02-06 16:56:25,2026-02-06 16:57:25,2026-02-06 19:48:24,2026-02-06 21:57:28,False,False Positive,True,Analyst investigation performed; packet capture and EDR evidence attached.,HIGH,133,82
CSE-B,ALT-02383,ASSET-008,LOW,Privilege Escalation,2026-02-20 05:19:01,2026-02-20 06:19:21,2026-02-20 06:43:21,2026-02-20 07:45:29,2026-02-20 07:57:39,False,True Positive,True,Alert correlated with threat intel; full timeline documented.,MEDIUM,123,91
CSE-B,ALT-02384,ASSET-096,LOW,Phishing,2026-02-18 01:28:38,2026-02-18 01:41:59,2026-02-18 01:55:59,2026-02-18 04:17:14,2026-02-18 08:25:14,False,Escalated to Tier-2,True,Analyst reviewed logs and confirmed activity with evidence archived.,MEDIUM,111,102
CSE-D,ALT-02385,ASSET-030,HIGH,Network Anomaly,2026-03-14 16:54:03,2026-03-14 17:09:31,2026-03-14 17:31:31,2026-03-14 21:01:49,2026-03-14 20:57:03,False,Escalated to Tier-2,True,Investigation completed; evidence recorded and escalated per playbook.,CRITICAL,164,168
CSE-E,ALT-02386,ASSET-017,CRITICAL,Malware,2026-01-18 10:51:08,2026-01-18 11:34:01,,,2026-01-18 18:19:26,False,False Positive,False,N/A,CRITICAL,193,114
CSE-A,ALT-02387,ASSET-037,CRITICAL,Phishing,2026-05-30 09:55:42,2026-05-30 10:22:28,2026-05-30 10:28:28,2026-05-30 12:22:12,2026-05-30 16:08:26,False,Escalated to Tier-2,True,Analyst reviewed logs and confirmed activity with evidence archived.,CRITICAL,171,184
CSE-A,ALT-02388,ASSET-094,LOW,Brute Force,2026-02-03 16:49:02,2026-02-03 17:12:56,2026-02-03 17:19:56,2026-02-03 18:12:57,2026-02-04 00:17:46,True,True Positive,True,Investigation completed; evidence recorded and escalated per playbook.,HIGH,138,125
CSE-D,ALT-02389,ASSET-035,MEDIUM,Unauthorized Access,2026-04-24 12:12:41,2026-04-24 12:17:58,2026-04-24 12:34:58,2026-04-24 14:46:20,2026-04-24 18:58:23,True,False Positive,True,Analyst reviewed logs and confirmed activity with evidence archived.,MEDIUM,199,179
CSE-B,ALT-02390,ASSET-034,CRITICAL,Data Exfiltration,2026-05-19 10:47:21,2026-05-19 11:07:28,2026-05-19 11:30:28,2026-05-19 13:26:39,2026-05-19 15:59:41,False,Benign True Positive,True,Alert correlated with threat intel; full timeline documented.,CRITICAL,177,160
CSE-C,ALT-02391,ASSET-001,LOW,Network Anomaly,2026-02-17 11:52:13,2026-02-17 12:01:07,,,2026-02-17 14:03:38,False,True Positive,False,Closed quickly — no notes.,HIGH,131,59
CSE-C,ALT-02392,ASSET-099,HIGH,Suspicious Login,2026-03-18 18:43:33,2026-03-18 19:12:19,,,2026-03-19 00:44:46,False,True Positive,False,N/A,MEDIUM,194,34
CSE-A,ALT-02393,ASSET-093,MEDIUM,Data Exfiltration,2026-01-20 20:09:06,2026-01-20 20:35:51,2026-01-20 21:00:51,2026-01-20 21:45:52,2026-01-21 07:46:34,False,True Positive,True,Analyst investigation performed; packet capture and EDR evidence attached.,MEDIUM,137,143
CSE-E,ALT-02394,ASSET-043,CRITICAL,Suspicious Login,2026-05-13 14:13:46,2026-05-13 14:28:07,,,2026-05-13 20:57:23,False,False Positive,False,Closed quickly — no notes.,CRITICAL,179,96
CSE-D,ALT-02395,ASSET-018,HIGH,Unauthorized Access,2026-06-10 15:43:53,2026-06-10 15:59:50,2026-06-10 16:02:50,2026-06-10 16:59:52,2026-06-10 18:11:39,True,Benign True Positive,True,Investigation completed; evidence recorded and escalated per playbook.,MEDIUM,139,114
CSE-B,ALT-02396,ASSET-011,CRITICAL,Unauthorized Access,2026-05-07 17:49:14,2026-05-07 19:18:38,2026-05-07 19:35:38,2026-05-07 19:57:38,2026-05-07 17:51:30,False,Benign True Positive,True,Alert correlated with threat intel; full timeline documented.,MEDIUM,126,74
CSE-C,ALT-02397,ASSET-020,HIGH,Suspicious Login,2026-01-15 13:14:50,2026-01-15 13:43:14,2026-01-15 14:06:14,2026-01-15 14:20:55,2026-01-15 14:11:19,False,Escalated to Tier-2,True,"Reviewed source IP, asset logs and correlated with previous alerts.",HIGH,131,61
CSE-B,ALT-02398,ASSET-004,HIGH,Unauthorized Access,2026-01-15 19:11:58,2026-01-15 20:10:35,2026-01-15 20:14:35,2026-01-15 20:42:29,2026-01-16 06:07:52,True,True Positive,True,Analyst reviewed logs and confirmed activity with evidence archived.,MEDIUM,116,99
CSE-D,ALT-02399,ASSET-051,MEDIUM,Network Anomaly,2026-02-25 00:42:49,2026-02-25 01:01:15,2026-02-25 01:08:15,2026-02-25 03:15:07,2026-02-25 12:10:56,False,True Positive,True,Analyst investigation performed; packet capture and EDR evidence attached.,MEDIUM,162,179
CSE-A,ALT-02400,ASSET-007,LOW,Privilege Escalation,2026-04-01 09:27:41,2026-04-01 09:31:02,2026-04-01 09:33:02,2026-04-01 10:15:37,2026-04-01 11:00:28,False,True Positive,True,"Reviewed source IP, asset logs and correlated with previous alerts.",MEDIUM,155,152
CSE-C,ALT-02401,ASSET-054,LOW,Privilege Escalation,2026-04-21 10:38:51,2026-04-21 10:44:28,,,2026-04-21 17:40:32,False,False Positive,False,Closed quickly — no notes.,CRITICAL,96,22
CSE-E,ALT-02402,ASSET-002,MEDIUM,Malware,2026-04-23 11:00:48,2026-04-23 12:26:20,2026-04-23 12:36:20,2026-04-23 15:18:16,2026-04-23 16:26:46,False,False Positive,True,Analyst investigation performed; packet capture and EDR evidence attached.,CRITICAL,93,57
CSE-E,ALT-02403,ASSET-026,LOW,Brute Force,2026-01-31 14:51:28,2026-01-31 15:38:51,2026-01-31 16:01:51,2026-01-31 18:57:41,2026-01-31 20:49:03,False,False Positive,True,Analyst reviewed logs and confirmed activity with evidence archived.,MEDIUM,96,57
CSE-C,ALT-02404,ASSET-028,MEDIUM,Suspicious Login,2026-02-15 09:53:45,2026-02-15 10:29:00,,,2026-02-15 11:07:58,False,Under Investigation,False,Closed quickly — no notes.,HIGH,127,46
CSE-C,ALT-02405,ASSET-067,LOW,Network Anomaly,2026-04-05 11:05:04,2026-04-05 12:02:24,2026-04-05 12:24:24,2026-04-05 12:48:55,2026-04-05 14:06:02,False,Under Investigation,True,Investigation completed; evidence recorded and escalated per playbook.,CRITICAL,97,24
CSE-A,ALT-02406,ASSET-002,HIGH,Brute Force,2026-01-01 13:15:40,2026-01-01 13:22:31,2026-01-01 13:39:31,2026-01-01 15:12:25,2026-01-01 18:31:29,True,Under Investigation,True,"Reviewed source IP, asset logs and correlated with previous alerts.",HIGH,158,121
CSE-C,ALT-02407,ASSET-036,HIGH,Privilege Escalation,2026-01-30 13:36:05,2026-01-30 14:13:06,,,2026-01-30 16:46:25,False,Under Investigation,False,Closed quickly — no notes.,CRITICAL,165,42
CSE-D,ALT-02408,ASSET-005,LOW,Unauthorized Access,2026-06-15 11:52:29,2026-06-15 12:17:22,2026-06-15 12:22:22,2026-06-15 16:17:28,2026-06-15 19:05:39,False,Under Investigation,True,Analyst reviewed logs and confirmed activity with evidence archived.,CRITICAL,128,97
CSE-E,ALT-02409,ASSET-074,MEDIUM,Unauthorized Access,2026-04-02 11:25:57,2026-04-02 11:42:42,2026-04-02 11:53:42,2026-04-02 13:37:16,2026-04-02 18:58:39,False,Escalated to Tier-2,True,Analyst investigation performed; packet capture and EDR evidence attached.,MEDIUM,119,87
CSE-C,ALT-02410,ASSET-029,HIGH,Brute Force,2026-05-17 12:58:34,2026-05-17 13:18:09,2026-05-17 13:21:09,2026-05-17 13:48:49,2026-05-17 16:13:25,False,Under Investigation,True,Investigation completed; evidence recorded and escalated per playbook.,MEDIUM,188,54
CSE-D,ALT-02411,ASSET-092,LOW,Malware,2026-06-08 02:06:32,2026-06-08 02:19:00,2026-06-08 02:44:00,2026-06-08 06:58:38,2026-06-08 10:52:25,False,True Positive,True,Investigation completed; evidence recorded and escalated per playbook.,CRITICAL,112,97
CSE-A,ALT-02412,ASSET-052,CRITICAL,Phishing,2026-06-01 17:18:34,2026-06-01 17:45:55,2026-06-01 17:52:55,2026-06-01 20:39:20,2026-06-01 21:14:02,False,False Positive,True,Analyst reviewed logs and confirmed activity with evidence archived.,MEDIUM,199,186
CSE-A,ALT-02413,ASSET-043,CRITICAL,Unauthorized Access,2026-03-23 16:36:32,2026-03-23 16:59:42,2026-03-23 17:04:42,2026-03-23 20:29:36,2026-03-23 19:58:30,False,False Positive,True,Alert correlated with threat intel; full timeline documented.,CRITICAL,85,81
CSE-C,ALT-02414,ASSET-078,MEDIUM,Malware,2026-06-26 15:48:12,2026-06-26 16:23:08,,,2026-06-26 18:52:32,False,Escalated to Tier-2,False,N/A,MEDIUM,156,23
CSE-C,ALT-02415,ASSET-003,MEDIUM,Unauthorized Access,2026-01-12 15:54:50,2026-01-12 16:17:04,2026-01-12 16:35:04,2026-01-12 17:00:01,2026-01-13 00:00:08,False,Escalated to Tier-2,True,"Reviewed source IP, asset logs and correlated with previous alerts.",HIGH,149,70
CSE-E,ALT-02416,ASSET-010,CRITICAL,Phishing,2026-06-30 17:28:33,2026-06-30 18:27:34,2026-06-30 18:29:34,2026-06-30 20:46:19,2026-06-30 22:57:33,False,Under Investigation,True,"Reviewed source IP, asset logs and correlated with previous alerts.",CRITICAL,134,74
CSE-E,ALT-02417,ASSET-040,HIGH,Network Anomaly,2026-05-24 14:11:41,2026-05-24 15:19:29,,,2026-05-24 18:13:25,False,False Positive,False,Closed quickly — no notes.,CRITICAL,104,46
CSE-E,ALT-02418,ASSET-082,HIGH,Malware,2026-06-16 09:56:28,2026-06-16 11:06:55,2026-06-16 11:17:55,2026-06-16 12:47:55,2026-06-16 17:00:07,False,False Positive,True,Analyst reviewed logs and confirmed activity with evidence archived.,HIGH,168,128
CSE-B,ALT-02419,ASSET-012,HIGH,Network Anomaly,2026-02-23 15:38:04,2026-02-23 16:17:15,,,2026-02-23 21:34:20,False,Under Investigation,False,Closed quickly — no notes.,MEDIUM,127,77
CSE-D,ALT-02420,ASSET-047,MEDIUM,Brute Force,2026-06-14 11:40:44,2026-06-14 11:51:25,2026-06-14 12:01:25,2026-06-14 16:55:46,2026-06-14 20:25:58,True,False Positive,True,Analyst reviewed logs and confirmed activity with evidence archived.,MEDIUM,140,119
CSE-A,ALT-02421,ASSET-026,HIGH,Unauthorized Access,2026-01-08 13:21:49,2026-01-08 13:26:27,2026-01-08 13:27:27,2026-01-08 14:12:30,2026-01-08 16:49:47,False,False Positive,True,Analyst investigation performed; packet capture and EDR evidence attached.,MEDIUM,166,147
CSE-D,ALT-02422,ASSET-025,LOW,Network Anomaly,2026-05-14 17:05:30,2026-05-14 17:22:54,2026-05-14 17:23:54,2026-05-14 18:47:08,2026-05-15 02:25:42,True,True Positive,True,Investigation completed; evidence recorded and escalated per playbook.,HIGH,164,171
CSE-E,ALT-02423,ASSET-033,MEDIUM,Suspicious Login,2026-04-18 22:00:49,2026-04-18 23:01:10,2026-04-18 23:09:10,2026-04-19 02:04:34,2026-04-19 05:36:34,False,False Positive,True,Alert correlated with threat intel; full timeline documented.,HIGH,136,60
CSE-E,ALT-02424,ASSET-034,MEDIUM,Data Exfiltration,2026-06-04 15:06:21,2026-06-04 15:41:46,2026-06-04 16:02:46,2026-06-04 16:50:57,2026-06-04 20:35:14,True,False Positive,True,Analyst reviewed logs and confirmed activity with evidence archived.,HIGH,171,99
CSE-E,ALT-02425,ASSET-043,MEDIUM,Malware,2026-01-18 22:21:29,2026-01-18 23:16:18,2026-01-18 23:36:18,2026-01-19 00:24:11,2026-01-19 00:44:35,False,False Positive,True,Alert correlated with threat intel; full timeline documented.,MEDIUM,107,88
CSE-D,ALT-02426,ASSET-041,CRITICAL,Privilege Escalation,2026-06-26 13:37:41,2026-06-26 14:00:30,2026-06-26 14:01:30,2026-06-26 15:24:22,2026-06-27 02:18:59,False,True Positive,True,Analyst investigation performed; packet capture and EDR evidence attached.,HIGH,102,100
CSE-B,ALT-02427,ASSET-033,MEDIUM,Phishing,2026-05-18 10:17:44,2026-05-18 11:17:16,2026-05-18 11:40:16,2026-05-18 14:25:55,2026-05-18 12:34:50,False,False Positive,True,Analyst investigation performed; packet capture and EDR evidence attached.,MEDIUM,114,83
CSE-D,ALT-02428,ASSET-052,LOW,Brute Force,2026-01-29 16:47:12,2026-01-29 17:05:02,,,2026-01-29 23:54:58,False,Under Investigation,False,,CRITICAL,174,163
CSE-D,ALT-02429,ASSET-016,LOW,Data Exfiltration,2026-05-16 12:22:04,2026-05-16 12:33:05,2026-05-16 12:40:05,2026-05-16 13:33:41,2026-05-16 20:20:32,False,Under Investigation,True,Analyst reviewed logs and confirmed activity with evidence archived.,HIGH,119,126
CSE-D,ALT-02430,ASSET-052,MEDIUM,Unauthorized Access,2026-05-03 13:25:11,2026-05-03 13:50:15,2026-05-03 13:56:15,2026-05-03 16:50:44,2026-05-04 01:34:55,True,True Positive,True,Analyst investigation performed; packet capture and EDR evidence attached.,MEDIUM,193,208
CSE-D,ALT-02431,ASSET-041,CRITICAL,Network Anomaly,2026-01-27 16:33:05,2026-01-27 16:55:22,2026-01-27 17:14:22,2026-01-27 20:32:51,2026-01-28 01:42:56,True,True Positive,True,Analyst investigation performed; packet capture and EDR evidence attached.,MEDIUM,87,90
CSE-E,ALT-02432,ASSET-024,HIGH,Brute Force,2026-02-27 08:09:16,2026-02-27 08:57:33,2026-02-27 09:07:33,2026-02-27 11:15:26,2026-02-27 10:29:55,False,False Positive,True,Analyst reviewed logs and confirmed activity with evidence archived.,MEDIUM,86,61
CSE-C,ALT-02433,ASSET-032,CRITICAL,Brute Force,2026-06-04 15:23:52,2026-06-04 15:26:19,,,2026-06-04 15:26:44,False,False Positive,False,N/A,CRITICAL,127,21
CSE-A,ALT-02434,ASSET-038,LOW,Privilege Escalation,2026-03-04 11:59:52,2026-03-04 12:24:57,2026-03-04 12:30:57,2026-03-04 15:38:16,2026-03-04 20:51:17,False,False Positive,True,Alert correlated with threat intel; full timeline documented.,HIGH,165,162
CSE-D,ALT-02435,ASSET-028,MEDIUM,Data Exfiltration,2026-01-25 17:11:00,2026-01-25 17:24:27,2026-01-25 17:48:27,2026-01-25 19:07:50,2026-01-25 21:44:38,True,Under Investigation,True,Analyst investigation performed; packet capture and EDR evidence attached.,HIGH,127,112
CSE-D,ALT-02436,ASSET-052,LOW,Data Exfiltration,2026-04-22 13:00:26,2026-04-22 13:23:20,2026-04-22 13:45:20,2026-04-22 16:40:06,2026-04-23 00:16:52,False,True Positive,True,Investigation completed; evidence recorded and escalated per playbook.,MEDIUM,104,107
CSE-D,ALT-02437,ASSET-010,LOW,Suspicious Login,2026-06-12 09:23:17,2026-06-12 09:30:12,,,2026-06-12 13:00:51,False,True Positive,False,Closed quickly — no notes.,CRITICAL,186,157
CSE-C,ALT-02438,ASSET-003,LOW,Privilege Escalation,2026-01-13 17:14:34,2026-01-13 18:12:44,2026-01-13 18:31:44,2026-01-13 18:56:57,2026-01-13 22:37:52,False,True Positive,True,Analyst investigation performed; packet capture and EDR evidence attached.,CRITICAL,109,50
CSE-E,ALT-02439,ASSET-097,HIGH,Malware,2026-01-27 09:02:49,2026-01-27 10:33:38,2026-01-27 10:45:38,2026-01-27 13:30:00,2026-01-27 19:20:05,True,Benign True Positive,True,Investigation completed; evidence recorded and escalated per playbook.,CRITICAL,169,108
CSE-A,ALT-02440,ASSET-031,HIGH,Malware,2026-01-02 11:09:43,2026-01-02 11:34:00,2026-01-02 11:51:00,2026-01-02 12:14:05,2026-01-02 14:20:52,False,True Positive,True,"Reviewed source IP, asset logs and correlated with previous alerts.",HIGH,197,171
CSE-B,ALT-02441,ASSET-077,HIGH,Brute Force,2026-01-31 11:44:17,2026-01-31 13:02:38,2026-01-31 13:26:38,2026-01-31 16:19:19,2026-01-31 15:46:14,True,Benign True Positive,True,Analyst investigation performed; packet capture and EDR evidence attached.,MEDIUM,97,80
CSE-A,ALT-02442,ASSET-051,MEDIUM,Brute Force,2026-03-02 10:07:31,2026-03-02 10:29:57,2026-03-02 10:52:57,2026-03-02 12:12:58,2026-03-02 21:02:16,False,True Positive,True,Investigation completed; evidence recorded and escalated per playbook.,CRITICAL,152,162
CSE-D,ALT-02443,ASSET-039,LOW,Malware,2026-01-28 11:36:57,2026-01-28 12:00:10,,,2026-01-28 13:18:49,False,True Positive,False,Closed quickly — no notes.,HIGH,188,210
CSE-C,ALT-02444,ASSET-004,LOW,Network Anomaly,2026-02-23 09:03:54,2026-02-23 09:42:20,2026-02-23 09:46:20,2026-02-23 09:59:32,2026-02-23 11:46:11,False,Escalated to Tier-2,True,Investigation completed; evidence recorded and escalated per playbook.,HIGH,112,51
CSE-D,ALT-02445,ASSET-071,LOW,Phishing,2026-06-23 19:08:34,2026-06-23 19:34:28,2026-06-23 19:57:28,2026-06-24 00:48:29,2026-06-24 06:44:59,True,False Positive,True,Investigation completed; evidence recorded and escalated per playbook.,MEDIUM,122,103
CSE-D,ALT-02446,ASSET-013,MEDIUM,Data Exfiltration,2026-02-11 09:32:53,2026-02-11 09:45:50,2026-02-11 10:00:50,2026-02-11 12:43:56,2026-02-11 21:41:26,True,True Positive,True,Analyst reviewed logs and confirmed activity with evidence archived.,HIGH,110,107
CSE-A,ALT-02447,ASSET-065,MEDIUM,Unauthorized Access,2026-05-08 09:27:39,2026-05-08 09:57:22,,,2026-05-08 11:56:54,False,True Positive,False,,MEDIUM,128,114
CSE-C,ALT-02448,ASSET-070,MEDIUM,Data Exfiltration,2026-06-05 09:14:02,2026-06-05 10:05:34,,,2026-06-05 15:25:43,False,Escalated to Tier-2,False,N/A,MEDIUM,131,39
CSE-E,ALT-02449,ASSET-053,MEDIUM,Malware,2026-02-19 12:39:28,2026-02-19 13:44:41,,,2026-02-19 15:02:04,False,Under Investigation,False,,HIGH,148,95
CSE-A,ALT-02450,ASSET-013,MEDIUM,Network Anomaly,2026-05-22 12:13:16,2026-05-22 12:16:02,2026-05-22 12:39:02,2026-05-22 13:55:01,2026-05-22 13:15:22,True,True Positive,True,Investigation completed; evidence recorded and escalated per playbook.,CRITICAL,188,183
CSE-D,ALT-02451,ASSET-093,LOW,Malware,2026-01-10 17:34:52,2026-01-10 17:48:11,2026-01-10 17:52:11,2026-01-10 19:16:54,2026-01-11 06:09:27,False,True Positive,True,"Reviewed source IP, asset logs and correlated with previous alerts.",HIGH,166,146
CSE-C,ALT-02452,ASSET-008,LOW,Unauthorized Access,2026-02-07 15:09:27,2026-02-07 15:15:44,2026-02-07 15:20:44,2026-02-07 15:44:29,2026-02-07 20:13:12,False,Escalated to Tier-2,True,Analyst investigation performed; packet capture and EDR evidence attached.,HIGH,174,27
CSE-B,ALT-02453,ASSET-077,MEDIUM,Brute Force,2026-05-08 03:44:07,2026-05-08 04:02:03,,,2026-05-08 08:31:13,False,Benign True Positive,False,N/A,HIGH,157,141
CSE-D,ALT-02454,ASSET-090,LOW,Suspicious Login,2026-02-01 16:02:45,2026-02-01 16:23:04,2026-02-01 16:46:04,2026-02-01 17:31:04,2026-02-01 18:28:14,False,True Positive,True,Analyst reviewed logs and confirmed activity with evidence archived.,CRITICAL,133,124
CSE-C,ALT-02455,ASSET-040,LOW,Unauthorized Access,2026-06-16 13:11:11,2026-06-16 13:26:46,,,2026-06-16 17:05:18,False,False Positive,False,,CRITICAL,111,22
CSE-A,ALT-02456,ASSET-094,LOW,Phishing,2026-06-19 09:57:20,2026-06-19 10:05:52,2026-06-19 10:29:52,2026-06-19 10:51:13,2026-06-19 17:06:52,False,Escalated to Tier-2,True,Analyst investigation performed; packet capture and EDR evidence attached.,MEDIUM,100,89
CSE-D,ALT-02457,ASSET-048,MEDIUM,Unauthorized Access,2026-02-09 16:36:31,2026-02-09 16:43:36,2026-02-09 17:00:36,2026-02-09 21:26:47,2026-02-09 22:37:35,True,True Positive,True,Alert correlated with threat intel; full timeline documented.,HIGH,197,214
CSE-D,ALT-02458,ASSET-013,LOW,Brute Force,2026-04-06 10:33:35,2026-04-06 10:45:12,2026-04-06 10:57:12,2026-04-06 12:37:51,2026-04-06 16:07:27,False,True Positive,True,Alert correlated with threat intel; full timeline documented.,HIGH,96,88
CSE-C,ALT-02459,ASSET-050,MEDIUM,Network Anomaly,2026-06-14 10:01:42,2026-06-14 10:12:43,,,2026-06-14 11:11:24,False,Escalated to Tier-2,False,N/A,HIGH,103,38
CSE-C,ALT-02460,ASSET-036,CRITICAL,Phishing,2026-06-10 17:22:33,2026-06-10 18:11:40,,,2026-06-10 17:26:21,False,Under Investigation,False,,CRITICAL,91,11
CSE-A,ALT-02461,ASSET-018,HIGH,Phishing,2026-03-20 13:48:15,2026-03-20 14:04:56,2026-03-20 14:26:56,2026-03-20 14:56:50,2026-03-20 20:33:38,False,True Positive,True,Investigation completed; evidence recorded and escalated per playbook.,MEDIUM,140,111
CSE-B,ALT-02462,ASSET-083,MEDIUM,Phishing,2026-05-25 17:04:39,2026-05-25 18:24:26,,,2026-05-25 22:02:48,False,False Positive,False,Closed quickly — no notes.,MEDIUM,89,51
CSE-A,ALT-02463,ASSET-015,LOW,Unauthorized Access,2026-03-16 15:29:28,2026-03-16 15:37:12,2026-03-16 15:50:12,2026-03-16 17:42:25,2026-03-16 23:22:44,True,True Positive,True,Analyst investigation performed; packet capture and EDR evidence attached.,MEDIUM,158,168
CSE-C,ALT-02464,ASSET-090,CRITICAL,Privilege Escalation,2026-06-12 09:46:06,2026-06-12 09:51:15,,,2026-06-12 10:16:01,False,True Positive,False,Closed quickly — no notes.,HIGH,118,21
CSE-B,ALT-02465,ASSET-053,LOW,Brute Force,2026-03-19 10:54:26,2026-03-19 11:08:53,,,2026-03-19 19:41:12,False,Escalated to Tier-2,False,N/A,HIGH,80,55
CSE-E,ALT-02466,ASSET-016,LOW,Privilege Escalation,2026-01-18 04:01:23,2026-01-18 05:09:57,,,2026-01-18 09:40:34,True,True Positive,False,,HIGH,164,138
CSE-D,ALT-02467,ASSET-036,CRITICAL,Unauthorized Access,2026-03-19 15:52:55,2026-03-19 16:00:41,2026-03-19 16:11:41,2026-03-19 20:47:15,2026-03-20 05:39:18,False,False Positive,True,Investigation completed; evidence recorded and escalated per playbook.,HIGH,124,134
CSE-A,ALT-02468,ASSET-036,MEDIUM,Network Anomaly,2026-06-10 17:29:33,2026-06-10 17:40:13,2026-06-10 17:42:13,2026-06-10 18:27:22,2026-06-10 22:52:02,False,True Positive,True,Alert correlated with threat intel; full timeline documented.,HIGH,109,96
CSE-D,ALT-02469,ASSET-057,MEDIUM,Malware,2026-03-15 15:46:50,2026-03-15 16:12:19,2026-03-15 16:30:19,2026-03-15 21:13:23,2026-03-15 18:21:52,True,False Positive,True,Alert correlated with threat intel; full timeline documented.,HIGH,117,124
CSE-C,ALT-02470,ASSET-067,HIGH,Network Anomaly,2026-05-13 15:23:44,2026-05-13 15:33:13,,,2026-05-13 17:57:54,False,True Positive,False,N/A,MEDIUM,156,23
CSE-D,ALT-02471,ASSET-059,HIGH,Phishing,2026-01-31 11:26:17,2026-01-31 11:49:06,2026-01-31 12:01:06,2026-01-31 15:11:48,2026-01-31 23:00:35,False,True Positive,True,Alert correlated with threat intel; full timeline documented.,HIGH,172,139
CSE-A,ALT-02472,ASSET-014,LOW,Privilege Escalation,2026-03-28 00:54:01,2026-03-28 00:58:32,2026-03-28 01:23:32,2026-03-28 03:52:38,2026-03-28 09:45:43,False,False Positive,True,"Reviewed source IP, asset logs and correlated with previous alerts.",HIGH,153,148
CSE-D,ALT-02473,ASSET-020,MEDIUM,Suspicious Login,2026-03-08 15:14:21,2026-03-08 15:37:19,2026-03-08 15:48:19,2026-03-08 16:56:50,2026-03-08 21:32:59,False,False Positive,True,Alert correlated with threat intel; full timeline documented.,MEDIUM,131,112
CSE-C,ALT-02474,ASSET-093,CRITICAL,Phishing,2026-02-09 11:18:50,2026-02-09 11:28:51,,,2026-02-09 11:22:52,False,Under Investigation,False,Closed quickly — no notes.,CRITICAL,96,38
CSE-B,ALT-02475,ASSET-045,MEDIUM,Privilege Escalation,2026-01-09 13:04:10,2026-01-09 13:24:57,2026-01-09 13:37:57,2026-01-09 16:22:09,2026-01-09 14:55:20,False,False Positive,True,"Reviewed source IP, asset logs and correlated with previous alerts.",CRITICAL,169,150
CSE-C,ALT-02476,ASSET-005,LOW,Phishing,2026-03-11 11:09:13,2026-03-11 11:35:29,,,2026-03-11 12:31:35,False,True Positive,False,Closed quickly — no notes.,MEDIUM,176,34
CSE-E,ALT-02477,ASSET-023,HIGH,Unauthorized Access,2026-01-09 16:01:09,2026-01-09 16:37:20,2026-01-09 16:49:20,2026-01-09 17:25:04,2026-01-09 22:24:27,False,False Positive,True,Alert correlated with threat intel; full timeline documented.,MEDIUM,174,83
CSE-D,ALT-02478,ASSET-022,MEDIUM,Brute Force,2026-03-11 12:36:17,2026-03-11 12:43:28,2026-03-11 12:45:28,2026-03-11 15:26:41,2026-03-12 03:12:11,True,False Positive,True,Analyst reviewed logs and confirmed activity with evidence archived.,CRITICAL,151,144
CSE-E,ALT-02479,ASSET-028,LOW,Data Exfiltration,2026-04-13 14:00:10,2026-04-13 15:14:56,2026-04-13 15:17:56,2026-04-13 17:27:45,2026-04-13 23:42:38,False,False Positive,True,Alert correlated with threat intel; full timeline documented.,MEDIUM,84,37
CSE-B,ALT-02480,ASSET-004,CRITICAL,Privilege Escalation,2026-02-14 11:34:13,2026-02-14 12:46:27,2026-02-14 12:52:27,2026-02-14 13:34:40,2026-02-14 14:01:44,True,False Positive,True,Alert correlated with threat intel; full timeline documented.,CRITICAL,117,79
CSE-E,ALT-02481,ASSET-076,HIGH,Phishing,2026-04-15 10:52:59,2026-04-15 12:29:09,2026-04-15 12:42:09,2026-04-15 14:20:29,2026-04-15 15:06:38,False,True Positive,True,Investigation completed; evidence recorded and escalated per playbook.,HIGH,84,41
CSE-D,ALT-02482,ASSET-011,CRITICAL,Unauthorized Access,2026-06-06 01:11:19,2026-06-06 01:29:01,2026-06-06 01:31:01,2026-06-06 03:02:40,2026-06-06 13:33:42,False,True Positive,True,Alert correlated with threat intel; full timeline documented.,CRITICAL,181,158
CSE-D,ALT-02483,ASSET-036,LOW,Suspicious Login,2026-06-08 16:49:59,2026-06-08 16:53:20,2026-06-08 17:04:20,2026-06-08 20:51:09,2026-06-08 21:56:48,False,Escalated to Tier-2,True,"Reviewed source IP, asset logs and correlated with previous alerts.",HIGH,114,118
CSE-A,ALT-02484,ASSET-010,HIGH,Privilege Escalation,2026-01-23 09:32:58,2026-01-23 09:47:18,2026-01-23 10:11:18,2026-01-23 12:26:29,2026-01-23 17:25:49,False,Under Investigation,True,"Reviewed source IP, asset logs and correlated with previous alerts.",MEDIUM,145,122
CSE-C,ALT-02485,ASSET-045,MEDIUM,Suspicious Login,2026-06-24 10:19:25,2026-06-24 10:58:43,,,2026-06-24 12:25:39,False,True Positive,False,,CRITICAL,122,18
CSE-C,ALT-02486,ASSET-031,MEDIUM,Network Anomaly,2026-04-10 15:54:23,2026-04-10 16:38:54,2026-04-10 17:00:54,2026-04-10 17:11:49,2026-04-11 00:09:27,False,Under Investigation,True,Investigation completed; evidence recorded and escalated per playbook.,HIGH,91,32
CSE-B,ALT-02487,ASSET-049,HIGH,Phishing,2026-01-13 12:19:30,2026-01-13 13:29:43,2026-01-13 13:50:43,2026-01-13 14:24:05,2026-01-13 17:06:37,False,False Positive,True,Analyst investigation performed; packet capture and EDR evidence attached.,HIGH,76,53
CSE-D,ALT-02488,ASSET-061,MEDIUM,Unauthorized Access,2026-03-27 09:25:03,2026-03-27 09:32:54,2026-03-27 09:44:54,2026-03-27 10:06:33,2026-03-27 22:21:20,False,True Positive,True,"Reviewed source IP, asset logs and correlated with previous alerts.",MEDIUM,159,126
CSE-B,ALT-02489,ASSET-053,LOW,Network Anomaly,2026-01-23 10:54:13,2026-01-23 11:59:31,2026-01-23 12:05:31,2026-01-23 14:18:23,2026-01-23 16:23:08,False,True Positive,True,Analyst investigation performed; packet capture and EDR evidence attached.,MEDIUM,198,162
CSE-C,ALT-02490,ASSET-019,CRITICAL,Network Anomaly,2026-04-17 11:08:39,2026-04-17 11:25:25,,,2026-04-17 18:00:01,False,Under Investigation,False,,CRITICAL,150,29
CSE-A,ALT-02491,ASSET-003,LOW,Privilege Escalation,2026-06-06 16:06:58,2026-06-06 16:11:40,2026-06-06 16:30:40,2026-06-06 21:05:32,2026-06-07 03:11:14,False,True Positive,True,Analyst reviewed logs and confirmed activity with evidence archived.,HIGH,109,93
CSE-D,ALT-02492,ASSET-062,HIGH,Phishing,2026-03-19 11:10:11,2026-03-19 11:27:34,2026-03-19 11:32:34,2026-03-19 15:07:05,2026-03-20 02:03:42,False,Benign True Positive,True,"Reviewed source IP, asset logs and correlated with previous alerts.",CRITICAL,194,160
CSE-C,ALT-02493,ASSET-055,CRITICAL,Privilege Escalation,2026-01-13 13:23:39,2026-01-13 14:20:16,2026-01-13 14:26:16,2026-01-13 14:47:15,2026-01-13 13:24:44,False,Under Investigation,True,Alert correlated with threat intel; full timeline documented.,CRITICAL,189,104
CSE-C,ALT-02494,ASSET-074,LOW,Data Exfiltration,2026-02-21 16:16:52,2026-02-21 17:03:52,,,2026-02-22 00:27:21,False,True Positive,False,Closed quickly — no notes.,HIGH,185,45
CSE-A,ALT-02495,ASSET-047,LOW,Brute Force,2026-05-12 11:17:42,2026-05-12 11:20:11,2026-05-12 11:44:11,2026-05-12 12:59:48,2026-05-12 21:15:27,False,True Positive,True,Analyst reviewed logs and confirmed activity with evidence archived.,MEDIUM,179,157
CSE-D,ALT-02496,ASSET-049,MEDIUM,Privilege Escalation,2026-01-17 15:38:56,2026-01-17 16:04:51,2026-01-17 16:16:51,2026-01-17 19:33:30,2026-01-18 05:55:28,True,Escalated to Tier-2,True,Analyst investigation performed; packet capture and EDR evidence attached.,MEDIUM,132,128
CSE-A,ALT-02497,ASSET-026,LOW,Suspicious Login,2026-02-20 14:13:36,2026-02-20 14:38:12,2026-02-20 14:50:12,2026-02-20 15:59:06,2026-02-20 19:23:40,False,Benign True Positive,True,Investigation completed; evidence recorded and escalated per playbook.,MEDIUM,112,121
CSE-E,ALT-02498,ASSET-088,CRITICAL,Unauthorized Access,2026-02-09 11:02:31,2026-02-09 12:07:01,,,2026-02-09 15:03:12,True,Under Investigation,False,N/A,HIGH,97,79
CSE-D,ALT-02499,ASSET-070,HIGH,Brute Force,2026-06-21 09:28:58,2026-06-21 09:38:14,2026-06-21 09:42:14,2026-06-21 13:49:34,2026-06-21 11:10:56,True,Escalated to Tier-2,True,Analyst reviewed logs and confirmed activity with evidence archived.,CRITICAL,151,136
CSE-B,ALT-02500,ASSET-038,HIGH,Network Anomaly,2026-01-26 14:21:13,2026-01-26 15:07:18,,,2026-01-26 22:54:04,False,Benign True Positive,False,Closed quickly — no notes.,MEDIUM,86,67
CSE-E,ALT-02501,ASSET-022,MEDIUM,Brute Force,2026-04-08 12:20:48,2026-04-08 13:10:04,2026-04-08 13:13:04,2026-04-08 14:49:59,2026-04-08 17:11:19,False,Benign True Positive,True,Investigation completed; evidence recorded and escalated per playbook.,HIGH,97,63
CSE-E,ALT-02502,ASSET-066,MEDIUM,Suspicious Login,2026-06-26 09:33:25,2026-06-26 10:47:33,2026-06-26 11:08:33,2026-06-26 13:45:30,2026-06-26 17:02:22,False,True Positive,True,Investigation completed; evidence recorded and escalated per playbook.,MEDIUM,158,105
CSE-E,ALT-02503,ASSET-054,HIGH,Brute Force,2026-05-25 17:46:05,2026-05-25 18:45:52,2026-05-25 18:55:52,2026-05-25 21:33:30,2026-05-25 21:00:50,False,True Positive,True,"Reviewed source IP, asset logs and correlated with previous alerts.",HIGH,121,67
CSE-D,ALT-02504,ASSET-097,HIGH,Data Exfiltration,2026-04-17 13:57:54,2026-04-17 14:11:59,2026-04-17 14:25:59,2026-04-17 14:46:19,2026-04-17 19:18:13,False,True Positive,True,Investigation completed; evidence recorded and escalated per playbook.,MEDIUM,168,176
CSE-D,ALT-02505,ASSET-039,CRITICAL,Network Anomaly,2026-06-29 09:04:26,2026-06-29 09:26:14,2026-06-29 09:38:14,2026-06-29 11:56:05,2026-06-29 18:11:04,False,Under Investigation,True,Analyst reviewed logs and confirmed activity with evidence archived.,MEDIUM,129,128
CSE-B,ALT-02506,ASSET-081,LOW,Unauthorized Access,2026-04-25 01:47:17,2026-04-25 02:03:52,2026-04-25 02:23:52,2026-04-25 03:18:56,2026-04-25 04:22:33,False,False Positive,True,Analyst investigation performed; packet capture and EDR evidence attached.,HIGH,168,140
CSE-C,ALT-02507,ASSET-014,CRITICAL,Brute Force,2026-06-05 21:47:23,2026-06-05 22:10:38,,,2026-06-06 01:18:29,True,Benign True Positive,False,Closed quickly — no notes.,CRITICAL,119,39
CSE-A,ALT-02508,ASSET-097,HIGH,Network Anomaly,2026-02-02 16:16:21,2026-02-02 16:27:43,2026-02-02 16:46:43,2026-02-02 17:31:20,2026-02-02 18:43:59,True,Escalated to Tier-2,True,Investigation completed; evidence recorded and escalated per playbook.,CRITICAL,125,111
CSE-A,ALT-02509,ASSET-040,HIGH,Privilege Escalation,2026-06-15 17:39:48,2026-06-15 17:57:59,2026-06-15 18:04:59,2026-06-15 19:36:38,2026-06-16 02:00:30,False,Under Investigation,True,Analyst investigation performed; packet capture and EDR evidence attached.,CRITICAL,125,122
CSE-C,ALT-02510,ASSET-035,MEDIUM,Brute Force,2026-06-05 16:57:26,2026-06-05 17:13:58,2026-06-05 17:26:58,2026-06-05 17:51:49,2026-06-05 18:49:07,False,Under Investigation,True,Analyst investigation performed; packet capture and EDR evidence attached.,CRITICAL,178,51
CSE-D,ALT-02511,ASSET-007,HIGH,Network Anomaly,2026-01-25 10:58:51,2026-01-25 11:14:14,2026-01-25 11:35:14,2026-01-25 14:45:52,2026-01-25 18:09:26,False,Escalated to Tier-2,True,Investigation completed; evidence recorded and escalated per playbook.,HIGH,152,143
CSE-E,ALT-02512,ASSET-016,LOW,Suspicious Login,2026-06-05 16:02:15,2026-06-05 17:48:06,2026-06-05 18:07:06,2026-06-05 20:10:51,2026-06-06 03:06:27,False,Benign True Positive,True,"Reviewed source IP, asset logs and correlated with previous alerts.",HIGH,122,93
CSE-C,ALT-02513,ASSET-040,LOW,Brute Force,2026-03-21 04:03:16,2026-03-21 04:15:14,2026-03-21 04:24:14,2026-03-21 04:36:00,2026-03-21 09:31:39,False,Benign True Positive,True,Analyst reviewed logs and confirmed activity with evidence archived.,MEDIUM,160,84
CSE-D,ALT-02514,ASSET-049,HIGH,Phishing,2026-01-06 12:37:10,2026-01-06 13:02:52,2026-01-06 13:23:52,2026-01-06 17:37:51,2026-01-06 17:28:15,False,False Positive,True,Analyst reviewed logs and confirmed activity with evidence archived.,MEDIUM,182,184
CSE-D,ALT-02515,ASSET-037,LOW,Network Anomaly,2026-05-27 16:40:20,2026-05-27 16:45:02,2026-05-27 17:04:02,2026-05-27 17:33:27,2026-05-28 06:49:54,False,True Positive,True,Investigation completed; evidence recorded and escalated per playbook.,CRITICAL,101,103
CSE-C,ALT-02516,ASSET-007,LOW,Unauthorized Access,2026-01-27 09:42:17,2026-01-27 09:51:02,,,2026-01-27 10:36:34,False,True Positive,False,Closed quickly — no notes.,HIGH,195,45
CSE-E,ALT-02517,ASSET-089,CRITICAL,Suspicious Login,2026-05-30 09:45:04,2026-05-30 11:30:51,,,2026-05-30 09:46:49,True,False Positive,False,Closed quickly — no notes.,CRITICAL,196,114
CSE-C,ALT-02518,ASSET-040,HIGH,Phishing,2026-03-14 15:31:14,2026-03-14 15:44:27,,,2026-03-14 22:42:24,False,Under Investigation,False,,MEDIUM,200,53
CSE-E,ALT-02519,ASSET-095,LOW,Data Exfiltration,2026-03-16 09:54:35,2026-03-16 10:16:53,2026-03-16 10:18:53,2026-03-16 10:54:20,2026-03-16 17:37:35,False,False Positive,True,Analyst reviewed logs and confirmed activity with evidence archived.,CRITICAL,80,47
CSE-E,ALT-02520,ASSET-059,HIGH,Phishing,2026-01-31 23:18:30,2026-02-01 00:58:26,2026-02-01 01:05:26,2026-02-01 02:02:44,2026-02-01 02:07:14,False,Escalated to Tier-2,True,"Reviewed source IP, asset logs and correlated with previous alerts.",CRITICAL,108,80
CSE-E,ALT-02521,ASSET-004,CRITICAL,Unauthorized Access,2026-06-21 16:24:42,2026-06-21 16:54:18,2026-06-21 17:02:18,2026-06-21 17:24:51,2026-06-22 02:12:25,False,Benign True Positive,True,Alert correlated with threat intel; full timeline documented.,HIGH,85,41
CSE-E,ALT-02522,ASSET-046,MEDIUM,Unauthorized Access,2026-05-28 09:06:49,2026-05-28 10:37:57,,,2026-05-28 17:07:25,False,False Positive,False,N/A,HIGH,139,95
CSE-E,ALT-02523,ASSET-030,MEDIUM,Data Exfiltration,2026-03-31 16:42:44,2026-03-31 17:11:17,2026-03-31 17:30:17,2026-03-31 20:00:01,2026-03-31 20:22:36,False,Benign True Positive,True,Alert correlated with threat intel; full timeline documented.,HIGH,137,111
CSE-A,ALT-02524,ASSET-067,HIGH,Network Anomaly,2026-06-12 10:17:16,2026-06-12 10:29:16,2026-06-12 10:49:16,2026-06-12 11:16:57,2026-06-12 21:51:59,False,False Positive,True,"Reviewed source IP, asset logs and correlated with previous alerts.",MEDIUM,158,131
CSE-B,ALT-02525,ASSET-028,MEDIUM,Brute Force,2026-01-07 17:12:14,2026-01-07 17:45:27,,,2026-01-08 01:50:51,False,False Positive,False,,MEDIUM,145,106
CSE-B,ALT-02526,ASSET-082,MEDIUM,Unauthorized Access,2026-04-11 11:55:15,2026-04-11 13:11:38,2026-04-11 13:35:38,2026-04-11 15:05:25,2026-04-11 14:08:42,True,Escalated to Tier-2,True,"Reviewed source IP, asset logs and correlated with previous alerts.",MEDIUM,163,132
CSE-C,ALT-02527,ASSET-018,HIGH,Phishing,2026-05-06 09:04:28,2026-05-06 09:22:31,2026-05-06 09:46:31,2026-05-06 10:15:15,2026-05-06 17:01:00,True,True Positive,True,Analyst investigation performed; packet capture and EDR evidence attached.,CRITICAL,182,73
CSE-C,ALT-02528,ASSET-027,MEDIUM,Malware,2026-02-04 13:17:47,2026-02-04 14:16:27,,,2026-02-04 16:40:03,False,Escalated to Tier-2,False,N/A,CRITICAL,178,34
CSE-B,ALT-02529,ASSET-083,MEDIUM,Suspicious Login,2026-05-11 01:52:09,2026-05-11 03:13:38,2026-05-11 03:24:38,2026-05-11 05:23:58,2026-05-11 05:40:47,False,False Positive,True,Investigation completed; evidence recorded and escalated per playbook.,CRITICAL,179,158
CSE-B,ALT-02530,ASSET-021,HIGH,Malware,2026-02-16 10:45:29,2026-02-16 11:39:56,2026-02-16 11:57:56,2026-02-16 14:42:35,2026-02-16 14:10:53,False,True Positive,True,"Reviewed source IP, asset logs and correlated with previous alerts.",CRITICAL,123,78
CSE-E,ALT-02531,ASSET-039,LOW,Privilege Escalation,2026-05-24 15:16:25,2026-05-24 16:05:50,2026-05-24 16:24:50,2026-05-24 17:13:28,2026-05-24 17:04:27,False,Benign True Positive,True,Investigation completed; evidence recorded and escalated per playbook.,CRITICAL,146,92
CSE-D,ALT-02532,ASSET-085,MEDIUM,Data Exfiltration,2026-04-26 05:59:22,2026-04-26 06:15:21,2026-04-26 06:32:21,2026-04-26 09:48:55,2026-04-26 12:34:52,False,False Positive,True,Alert correlated with threat intel; full timeline documented.,HIGH,143,128
CSE-C,ALT-02533,ASSET-053,CRITICAL,Unauthorized Access,2026-04-04 01:47:25,2026-04-04 02:18:03,,,2026-04-04 01:51:20,False,False Positive,False,,CRITICAL,111,33
CSE-E,ALT-02534,ASSET-024,MEDIUM,Privilege Escalation,2026-01-12 18:37:03,2026-01-12 20:22:52,2026-01-12 20:35:52,2026-01-12 22:25:45,2026-01-13 03:27:06,False,Under Investigation,True,Analyst reviewed logs and confirmed activity with evidence archived.,HIGH,78,53
CSE-D,ALT-02535,ASSET-023,HIGH,Network Anomaly,2026-03-26 11:46:01,2026-03-26 12:08:40,2026-03-26 12:19:40,2026-03-26 14:03:47,2026-03-27 02:13:29,False,False Positive,True,"Reviewed source IP, asset logs and correlated with previous alerts.",HIGH,166,166
CSE-D,ALT-02536,ASSET-017,LOW,Suspicious Login,2026-05-07 14:31:46,2026-05-07 14:37:42,2026-05-07 14:54:42,2026-05-07 19:06:58,2026-05-07 23:40:22,True,Benign True Positive,True,Analyst investigation performed; packet capture and EDR evidence attached.,MEDIUM,122,108
CSE-E,ALT-02537,ASSET-045,HIGH,Privilege Escalation,2026-02-27 07:44:21,2026-02-27 08:54:16,2026-02-27 09:13:16,2026-02-27 11:53:56,2026-02-27 10:27:43,False,True Positive,True,Analyst investigation performed; packet capture and EDR evidence attached.,MEDIUM,156,82
CSE-D,ALT-02538,ASSET-016,MEDIUM,Privilege Escalation,2026-01-21 09:07:36,2026-01-21 09:31:38,2026-01-21 09:34:38,2026-01-21 14:04:20,2026-01-21 23:24:14,False,Under Investigation,True,Investigation completed; evidence recorded and escalated per playbook.,CRITICAL,194,187
CSE-B,ALT-02539,ASSET-058,MEDIUM,Malware,2026-05-25 10:38:59,2026-05-25 10:50:19,2026-05-25 11:00:19,2026-05-25 13:58:07,2026-05-25 17:58:59,False,Benign True Positive,True,Investigation completed; evidence recorded and escalated per playbook.,MEDIUM,138,79
CSE-E,ALT-02540,ASSET-012,MEDIUM,Data Exfiltration,2026-03-09 09:55:22,2026-03-09 11:17:09,2026-03-09 11:20:09,2026-03-09 11:29:54,2026-03-09 14:28:10,False,Escalated to Tier-2,True,Investigation completed; evidence recorded and escalated per playbook.,MEDIUM,117,79
CSE-C,ALT-02541,ASSET-075,CRITICAL,Malware,2026-04-30 11:58:20,2026-04-30 12:20:22,,,2026-04-30 11:59:58,False,False Positive,False,,MEDIUM,93,55
CSE-D,ALT-02542,ASSET-100,HIGH,Unauthorized Access,2026-05-31 12:36:48,2026-05-31 12:50:40,2026-05-31 13:08:40,2026-05-31 15:38:30,2026-05-31 17:20:04,False,True Positive,True,Analyst investigation performed; packet capture and EDR evidence attached.,MEDIUM,155,165
CSE-B,ALT-02543,ASSET-077,MEDIUM,Malware,2026-06-27 11:14:56,2026-06-27 11:37:22,2026-06-27 11:59:22,2026-06-27 12:33:14,2026-06-27 18:44:58,False,Under Investigation,True,Investigation completed; evidence recorded and escalated per playbook.,CRITICAL,75,71
CSE-B,ALT-02544,ASSET-061,MEDIUM,Brute Force,2026-01-05 12:50:22,2026-01-05 13:05:04,2026-01-05 13:25:04,2026-01-05 14:36:27,2026-01-05 20:07:41,True,Escalated to Tier-2,True,Analyst investigation performed; packet capture and EDR evidence attached.,CRITICAL,136,105
CSE-E,ALT-02545,ASSET-091,HIGH,Unauthorized Access,2026-02-21 15:07:36,2026-02-21 17:03:08,2026-02-21 17:12:08,2026-02-21 19:48:52,2026-02-21 21:36:54,False,False Positive,True,Analyst reviewed logs and confirmed activity with evidence archived.,HIGH,70,37
CSE-A,ALT-02546,ASSET-081,MEDIUM,Brute Force,2026-01-31 12:59:50,2026-01-31 13:17:29,2026-01-31 13:39:29,2026-01-31 15:15:42,2026-01-31 15:38:46,False,True Positive,True,"Reviewed source IP, asset logs and correlated with previous alerts.",MEDIUM,81,75
CSE-B,ALT-02547,ASSET-095,MEDIUM,Network Anomaly,2026-06-04 13:11:47,2026-06-04 14:22:18,2026-06-04 14:42:18,2026-06-04 17:32:20,2026-06-04 16:02:30,False,True Positive,True,Analyst investigation performed; packet capture and EDR evidence attached.,CRITICAL,199,181
CSE-A,ALT-02548,ASSET-005,HIGH,Phishing,2026-06-18 08:09:55,2026-06-18 08:22:02,2026-06-18 08:39:02,2026-06-18 09:44:28,2026-06-18 19:07:24,False,Under Investigation,True,Investigation completed; evidence recorded and escalated per playbook.,MEDIUM,98,96
CSE-E,ALT-02549,ASSET-029,MEDIUM,Malware,2026-06-30 21:34:11,2026-06-30 22:44:29,2026-06-30 22:53:29,2026-06-30 23:23:00,2026-07-01 01:17:03,False,Benign True Positive,True,Analyst reviewed logs and confirmed activity with evidence archived.,MEDIUM,94,53
CSE-C,ALT-02550,ASSET-007,CRITICAL,Malware,2026-02-27 02:01:53,2026-02-27 02:24:40,,,2026-02-27 02:03:24,False,Under Investigation,False,,CRITICAL,199,35
CSE-E,ALT-02551,ASSET-035,HIGH,Privilege Escalation,2026-03-15 10:23:05,2026-03-15 11:17:33,2026-03-15 11:19:33,2026-03-15 13:10:43,2026-03-15 20:28:41,False,Under Investigation,True,Analyst reviewed logs and confirmed activity with evidence archived.,CRITICAL,166,108
CSE-C,ALT-02552,ASSET-049,MEDIUM,Data Exfiltration,2026-04-10 11:10:07,2026-04-10 11:59:51,2026-04-10 12:23:51,2026-04-10 12:35:53,2026-04-10 13:13:06,False,Escalated to Tier-2,True,Analyst reviewed logs and confirmed activity with evidence archived.,HIGH,178,100
CSE-C,ALT-02553,ASSET-037,CRITICAL,Suspicious Login,2026-05-25 17:59:18,2026-05-25 18:32:55,,,2026-05-25 18:03:05,False,Under Investigation,False,,HIGH,129,75
CSE-A,ALT-02554,ASSET-047,MEDIUM,Privilege Escalation,2026-04-16 13:23:37,2026-04-16 13:25:53,2026-04-16 13:36:53,2026-04-16 14:43:48,2026-04-16 19:19:09,False,Benign True Positive,True,Investigation completed; evidence recorded and escalated per playbook.,HIGH,146,111
CSE-C,ALT-02555,ASSET-011,CRITICAL,Suspicious Login,2026-06-30 17:26:34,2026-06-30 18:10:25,2026-06-30 18:23:25,2026-06-30 18:36:20,2026-06-30 23:42:39,False,False Positive,True,Analyst reviewed logs and confirmed activity with evidence archived.,HIGH,109,18
CSE-A,ALT-02556,ASSET-016,HIGH,Unauthorized Access,2026-06-29 17:31:21,2026-06-29 17:41:54,2026-06-29 17:48:54,2026-06-29 22:13:25,2026-06-29 20:42:41,False,False Positive,True,Alert correlated with threat intel; full timeline documented.,MEDIUM,112,113
CSE-C,ALT-02557,ASSET-045,CRITICAL,Privilege Escalation,2026-01-01 17:59:43,2026-01-01 18:14:00,,,2026-01-01 18:01:54,False,False Positive,False,Closed quickly — no notes.,CRITICAL,176,22
CSE-B,ALT-02558,ASSET-023,HIGH,Network Anomaly,2026-04-27 15:21:10,2026-04-27 15:38:10,2026-04-27 15:55:10,2026-04-27 16:48:50,2026-04-27 22:22:32,False,False Positive,True,Alert correlated with threat intel; full timeline documented.,MEDIUM,127,73
CSE-E,ALT-02559,ASSET-078,MEDIUM,Privilege Escalation,2026-01-26 17:55:22,2026-01-26 19:37:54,2026-01-26 20:00:54,2026-01-26 22:34:27,2026-01-27 05:03:01,False,Under Investigation,True,Analyst reviewed logs and confirmed activity with evidence archived.,HIGH,116,80
CSE-E,ALT-02560,ASSET-025,HIGH,Suspicious Login,2026-06-14 13:21:12,2026-06-14 13:51:54,,,2026-06-14 19:43:15,False,False Positive,False,N/A,CRITICAL,186,140
CSE-D,ALT-02561,ASSET-098,HIGH,Malware,2026-03-11 12:40:11,2026-03-11 12:51:20,2026-03-11 12:58:20,2026-03-11 13:30:15,2026-03-12 00:19:01,True,Benign True Positive,True,Analyst reviewed logs and confirmed activity with evidence archived.,HIGH,94,82
CSE-B,ALT-02562,ASSET-011,HIGH,Data Exfiltration,2026-01-01 17:29:48,2026-01-01 17:56:07,2026-01-01 18:13:07,2026-01-01 19:20:00,2026-01-01 18:56:06,False,Under Investigation,True,Analyst investigation performed; packet capture and EDR evidence attached.,MEDIUM,112,81
CSE-E,ALT-02563,ASSET-023,LOW,Unauthorized Access,2026-06-03 01:42:09,2026-06-03 02:26:03,2026-06-03 02:43:03,2026-06-03 05:36:14,2026-06-03 05:37:20,False,Benign True Positive,True,Alert correlated with threat intel; full timeline documented.,MEDIUM,182,113
CSE-A,ALT-02564,ASSET-036,MEDIUM,Data Exfiltration,2026-01-22 16:54:31,2026-01-22 17:13:07,2026-01-22 17:27:07,2026-01-22 21:09:29,2026-01-22 19:48:03,False,True Positive,True,Analyst reviewed logs and confirmed activity with evidence archived.,CRITICAL,82,85
CSE-D,ALT-02565,ASSET-097,MEDIUM,Brute Force,2026-06-20 07:35:06,2026-06-20 07:49:14,2026-06-20 08:05:14,2026-06-20 11:28:19,2026-06-20 09:23:15,True,Under Investigation,True,Analyst reviewed logs and confirmed activity with evidence archived.,HIGH,140,145
CSE-E,ALT-02566,ASSET-010,LOW,Network Anomaly,2026-06-14 13:36:54,2026-06-14 15:24:22,,,2026-06-15 01:08:39,False,False Positive,False,,MEDIUM,128,98
CSE-A,ALT-02567,ASSET-005,HIGH,Brute Force,2026-05-18 15:56:12,2026-05-18 16:25:42,,,2026-05-18 19:05:47,True,Benign True Positive,False,Closed quickly — no notes.,MEDIUM,106,110
CSE-A,ALT-02568,ASSET-021,HIGH,Suspicious Login,2026-03-01 15:11:02,2026-03-01 15:25:52,2026-03-01 15:35:52,2026-03-01 20:36:38,2026-03-01 22:09:02,False,True Positive,True,"Reviewed source IP, asset logs and correlated with previous alerts.",HIGH,188,200
CSE-C,ALT-02569,ASSET-096,LOW,Phishing,2026-05-07 10:18:27,2026-05-07 10:57:32,2026-05-07 11:09:32,2026-05-07 11:40:10,2026-05-07 13:02:56,False,Benign True Positive,True,Analyst reviewed logs and confirmed activity with evidence archived.,MEDIUM,126,19
CSE-D,ALT-02570,ASSET-036,HIGH,Phishing,2026-04-22 15:33:47,2026-04-22 15:39:57,2026-04-22 16:02:57,2026-04-22 20:24:21,2026-04-23 01:04:16,False,False Positive,True,Analyst reviewed logs and confirmed activity with evidence archived.,MEDIUM,176,153
CSE-B,ALT-02571,ASSET-084,HIGH,Suspicious Login,2026-06-27 16:17:16,2026-06-27 16:40:39,2026-06-27 16:55:39,2026-06-27 19:16:42,2026-06-27 21:48:53,False,Benign True Positive,True,Alert correlated with threat intel; full timeline documented.,MEDIUM,80,64
CSE-C,ALT-02572,ASSET-099,LOW,Network Anomaly,2026-02-26 16:18:02,2026-02-26 16:26:24,2026-02-26 16:37:24,2026-02-26 16:47:20,2026-02-26 21:54:47,False,True Positive,True,Analyst investigation performed; packet capture and EDR evidence attached.,MEDIUM,183,96
CSE-C,ALT-02573,ASSET-068,MEDIUM,Phishing,2026-01-02 09:23:43,2026-01-02 10:11:59,2026-01-02 10:32:59,2026-01-02 10:49:38,2026-01-02 16:32:32,False,Under Investigation,True,Analyst reviewed logs and confirmed activity with evidence archived.,MEDIUM,120,30
CSE-C,ALT-02574,ASSET-045,LOW,Data Exfiltration,2026-04-20 13:29:40,2026-04-20 14:06:08,2026-04-20 14:26:08,2026-04-20 14:42:44,2026-04-20 21:01:56,False,False Positive,True,Analyst investigation performed; packet capture and EDR evidence attached.,MEDIUM,110,47
CSE-A,ALT-02575,ASSET-058,LOW,Phishing,2026-02-24 11:51:51,2026-02-24 12:09:11,2026-02-24 12:18:11,2026-02-24 16:47:07,2026-02-24 18:29:14,False,Under Investigation,True,Analyst investigation performed; packet capture and EDR evidence attached.,HIGH,162,173
CSE-B,ALT-02576,ASSET-078,LOW,Data Exfiltration,2026-01-15 03:39:21,2026-01-15 04:51:21,2026-01-15 05:04:21,2026-01-15 07:01:54,2026-01-15 09:48:44,True,Under Investigation,True,Analyst investigation performed; packet capture and EDR evidence attached.,MEDIUM,110,96
CSE-D,ALT-02577,ASSET-041,CRITICAL,Suspicious Login,2026-04-29 12:41:28,2026-04-29 12:46:29,2026-04-29 13:10:29,2026-04-29 14:41:15,2026-04-29 20:03:24,False,False Positive,True,Analyst investigation performed; packet capture and EDR evidence attached.,CRITICAL,188,177
CSE-A,ALT-02578,ASSET-062,MEDIUM,Suspicious Login,2026-01-11 13:11:24,2026-01-11 13:15:38,2026-01-11 13:16:38,2026-01-11 14:04:56,2026-01-11 20:57:55,False,True Positive,True,Investigation completed; evidence recorded and escalated per playbook.,CRITICAL,152,163
CSE-C,ALT-02579,ASSET-004,CRITICAL,Malware,2026-02-24 14:35:33,2026-02-24 14:36:57,,,2026-02-24 14:38:35,False,False Positive,False,,CRITICAL,123,37
CSE-E,ALT-02580,ASSET-011,CRITICAL,Network Anomaly,2026-05-02 07:59:30,2026-05-02 08:32:10,2026-05-02 08:46:10,2026-05-02 11:18:00,2026-05-02 11:50:41,False,Escalated to Tier-2,True,"Reviewed source IP, asset logs and correlated with previous alerts.",CRITICAL,183,111
CSE-A,ALT-02581,ASSET-044,MEDIUM,Network Anomaly,2026-01-15 12:40:08,2026-01-15 12:53:48,2026-01-15 13:06:48,2026-01-15 16:37:35,2026-01-15 22:55:48,False,True Positive,True,Analyst reviewed logs and confirmed activity with evidence archived.,MEDIUM,183,161
CSE-D,ALT-02582,ASSET-005,CRITICAL,Malware,2026-01-26 11:33:48,2026-01-26 11:39:56,2026-01-26 11:45:56,2026-01-26 15:23:31,2026-01-26 23:07:58,True,Under Investigation,True,"Reviewed source IP, asset logs and correlated with previous alerts.",CRITICAL,89,94
CSE-A,ALT-02583,ASSET-079,LOW,Data Exfiltration,2026-03-10 10:54:00,2026-03-10 11:21:24,2026-03-10 11:35:24,2026-03-10 16:16:21,2026-03-10 13:12:26,False,True Positive,True,Alert correlated with threat intel; full timeline documented.,HIGH,90,93
CSE-B,ALT-02584,ASSET-058,LOW,Suspicious Login,2026-02-08 15:30:16,2026-02-08 15:53:14,,,2026-02-08 22:00:46,False,True Positive,False,N/A,CRITICAL,86,80
CSE-A,ALT-02585,ASSET-085,LOW,Suspicious Login,2026-03-25 14:08:50,2026-03-25 14:37:28,2026-03-25 14:48:28,2026-03-25 15:21:38,2026-03-25 18:03:25,False,Under Investigation,True,Investigation completed; evidence recorded and escalated per playbook.,MEDIUM,98,103
CSE-E,ALT-02586,ASSET-060,CRITICAL,Network Anomaly,2026-03-30 14:36:00,2026-03-30 16:33:10,2026-03-30 16:42:10,2026-03-30 19:33:59,2026-03-30 21:08:33,True,True Positive,True,"Reviewed source IP, asset logs and correlated with previous alerts.",CRITICAL,183,114
CSE-B,ALT-02587,ASSET-036,HIGH,Suspicious Login,2026-01-05 12:31:39,2026-01-05 13:57:47,2026-01-05 14:01:47,2026-01-05 16:21:13,2026-01-05 21:43:40,False,Under Investigation,True,Alert correlated with threat intel; full timeline documented.,HIGH,112,71
CSE-E,ALT-02588,ASSET-021,CRITICAL,Data Exfiltration,2026-06-07 14:06:39,2026-06-07 15:06:53,2026-06-07 15:25:53,2026-06-07 17:09:19,2026-06-07 22:59:04,False,True Positive,True,Alert correlated with threat intel; full timeline documented.,MEDIUM,181,148
CSE-E,ALT-02589,ASSET-042,MEDIUM,Malware,2026-03-07 16:49:07,2026-03-07 17:47:26,,,2026-03-07 23:48:21,False,Under Investigation,False,N/A,HIGH,137,102
CSE-C,ALT-02590,ASSET-060,HIGH,Brute Force,2026-03-04 16:41:07,2026-03-04 17:04:19,2026-03-04 17:19:19,2026-03-04 17:38:06,2026-03-04 19:12:59,False,Under Investigation,True,Analyst investigation performed; packet capture and EDR evidence attached.,MEDIUM,108,53
CSE-D,ALT-02591,ASSET-094,LOW,Unauthorized Access,2026-03-24 13:56:08,2026-03-24 14:14:03,2026-03-24 14:34:03,2026-03-24 17:17:30,2026-03-24 21:04:43,False,True Positive,True,Investigation completed; evidence recorded and escalated per playbook.,CRITICAL,83,64
CSE-C,ALT-02592,ASSET-043,CRITICAL,Unauthorized Access,2026-03-25 19:13:18,2026-03-25 19:37:15,,,2026-03-25 21:25:28,False,False Positive,False,N/A,CRITICAL,139,36
CSE-B,ALT-02593,ASSET-079,LOW,Unauthorized Access,2026-04-04 22:53:23,2026-04-04 23:37:01,,,2026-04-05 00:12:51,False,Under Investigation,False,,HIGH,98,66
CSE-D,ALT-02594,ASSET-046,MEDIUM,Brute Force,2026-06-06 15:14:43,2026-06-06 15:31:13,,,2026-06-06 21:50:09,True,Escalated to Tier-2,False,,MEDIUM,147,120
CSE-B,ALT-02595,ASSET-082,HIGH,Privilege Escalation,2026-03-04 11:44:35,2026-03-04 11:58:42,2026-03-04 12:13:42,2026-03-04 14:02:03,2026-03-04 13:34:06,False,Benign True Positive,True,Analyst reviewed logs and confirmed activity with evidence archived.,HIGH,164,152
CSE-B,ALT-02596,ASSET-058,CRITICAL,Privilege Escalation,2026-01-17 10:34:03,2026-01-17 10:42:44,,,2026-01-17 10:38:34,False,Under Investigation,False,,HIGH,72,66
CSE-B,ALT-02597,ASSET-065,HIGH,Data Exfiltration,2026-02-12 15:11:26,2026-02-12 15:45:10,2026-02-12 15:48:10,2026-02-12 17:12:25,2026-02-12 17:17:39,False,Under Investigation,True,Analyst reviewed logs and confirmed activity with evidence archived.,MEDIUM,191,179
CSE-A,ALT-02598,ASSET-026,HIGH,Suspicious Login,2026-04-21 13:58:08,2026-04-21 14:18:22,2026-04-21 14:31:22,2026-04-21 16:58:08,2026-04-21 16:57:40,False,False Positive,True,Alert correlated with threat intel; full timeline documented.,MEDIUM,173,156
CSE-D,ALT-02599,ASSET-063,MEDIUM,Suspicious Login,2026-06-26 14:20:58,2026-06-26 14:32:53,2026-06-26 14:50:53,2026-06-26 17:31:35,2026-06-26 19:58:08,False,False Positive,True,Alert correlated with threat intel; full timeline documented.,MEDIUM,97,104
CSE-D,ALT-02600,ASSET-045,LOW,Suspicious Login,2026-06-16 16:49:58,2026-06-16 17:10:33,,,2026-06-16 21:12:44,False,True Positive,False,N/A,MEDIUM,83,83
CSE-B,ALT-02601,ASSET-095,CRITICAL,Malware,2026-01-29 15:49:07,2026-01-29 16:08:55,,,2026-01-29 22:08:46,True,True Positive,False,Closed quickly — no notes.,CRITICAL,158,118
CSE-E,ALT-02602,ASSET-017,HIGH,Suspicious Login,2026-04-21 12:40:15,2026-04-21 13:57:36,,,2026-04-21 14:30:38,False,Benign True Positive,False,N/A,MEDIUM,159,135
CSE-C,ALT-02603,ASSET-040,LOW,Suspicious Login,2026-06-13 12:31:29,2026-06-13 13:26:21,,,2026-06-13 15:37:27,False,Benign True Positive,False,N/A,HIGH,182,82
CSE-A,ALT-02604,ASSET-023,HIGH,Brute Force,2026-01-30 14:59:07,2026-01-30 15:16:22,2026-01-30 15:28:22,2026-01-30 20:28:34,2026-01-30 18:27:19,False,False Positive,True,Alert correlated with threat intel; full timeline documented.,CRITICAL,91,83
CSE-C,ALT-02605,ASSET-075,HIGH,Network Anomaly,2026-05-21 16:48:59,2026-05-21 16:54:13,2026-05-21 17:16:13,2026-05-21 17:46:51,2026-05-21 20:13:10,False,Under Investigation,True,"Reviewed source IP, asset logs and correlated with previous alerts.",CRITICAL,97,48
CSE-E,ALT-02606,ASSET-020,LOW,Suspicious Login,2026-03-26 17:15:13,2026-03-26 18:38:40,,,2026-03-26 22:30:34,False,True Positive,False,,CRITICAL,106,88
CSE-E,ALT-02607,ASSET-096,MEDIUM,Network Anomaly,2026-05-23 17:03:30,2026-05-23 17:50:36,2026-05-23 18:03:36,2026-05-23 20:57:04,2026-05-23 19:04:20,False,Under Investigation,True,"Reviewed source IP, asset logs and correlated with previous alerts.",MEDIUM,79,62
CSE-E,ALT-02608,ASSET-027,MEDIUM,Suspicious Login,2026-05-20 15:45:33,2026-05-20 16:33:09,,,2026-05-20 18:18:35,False,Benign True Positive,False,Closed quickly — no notes.,CRITICAL,91,45
CSE-E,ALT-02609,ASSET-030,HIGH,Malware,2026-02-13 11:08:06,2026-02-13 12:19:08,2026-02-13 12:42:08,2026-02-13 15:35:58,2026-02-13 16:55:56,False,True Positive,True,Analyst reviewed logs and confirmed activity with evidence archived.,MEDIUM,101,64
CSE-B,ALT-02610,ASSET-011,MEDIUM,Brute Force,2026-04-20 13:37:05,2026-04-20 14:07:49,,,2026-04-20 18:44:40,False,Escalated to Tier-2,False,Closed quickly — no notes.,HIGH,144,113
CSE-C,ALT-02611,ASSET-083,LOW,Phishing,2026-02-20 16:55:41,2026-02-20 17:15:31,2026-02-20 17:37:31,2026-02-20 18:04:28,2026-02-20 23:53:02,False,False Positive,True,Alert correlated with threat intel; full timeline documented.,MEDIUM,143,67
CSE-A,ALT-02612,ASSET-065,MEDIUM,Brute Force,2026-04-13 11:59:56,2026-04-13 12:13:10,2026-04-13 12:21:10,2026-04-13 16:17:22,2026-04-13 18:38:39,False,False Positive,True,Analyst reviewed logs and confirmed activity with evidence archived.,MEDIUM,131,140
CSE-A,ALT-02613,ASSET-047,HIGH,Privilege Escalation,2026-01-06 15:30:27,2026-01-06 15:45:29,,,2026-01-07 03:27:12,False,False Positive,False,N/A,MEDIUM,134,99
CSE-D,ALT-02614,ASSET-009,MEDIUM,Unauthorized Access,2026-04-06 12:34:08,2026-04-06 12:48:56,,,2026-04-06 18:26:51,True,Benign True Positive,False,Closed quickly — no notes.,CRITICAL,114,88
CSE-B,ALT-02615,ASSET-081,MEDIUM,Phishing,2026-05-12 10:51:37,2026-05-12 11:45:40,2026-05-12 11:48:40,2026-05-12 14:15:22,2026-05-12 12:23:37,False,True Positive,True,"Reviewed source IP, asset logs and correlated with previous alerts.",CRITICAL,101,84
CSE-E,ALT-02616,ASSET-017,MEDIUM,Suspicious Login,2026-05-03 10:37:32,2026-05-03 11:58:08,,,2026-05-03 14:11:47,False,Under Investigation,False,N/A,CRITICAL,155,72
CSE-A,ALT-02617,ASSET-017,MEDIUM,Privilege Escalation,2026-04-27 09:08:06,2026-04-27 09:26:08,,,2026-04-27 17:41:51,False,Benign True Positive,False,Closed quickly — no notes.,HIGH,119,110
CSE-C,ALT-02618,ASSET-015,CRITICAL,Data Exfiltration,2026-02-13 15:53:55,2026-02-13 16:22:16,,,2026-02-13 15:58:07,False,Under Investigation,False,,CRITICAL,191,88
CSE-D,ALT-02619,ASSET-015,LOW,Privilege Escalation,2026-03-29 17:23:27,2026-03-29 17:46:50,2026-03-29 18:03:50,2026-03-29 19:24:10,2026-03-30 07:38:46,False,Under Investigation,True,Alert correlated with threat intel; full timeline documented.,HIGH,156,124
CSE-D,ALT-02620,ASSET-037,HIGH,Privilege Escalation,2026-03-06 12:18:26,2026-03-06 12:26:00,2026-03-06 12:50:00,2026-03-06 14:44:18,2026-03-06 17:25:50,False,True Positive,True,Analyst reviewed logs and confirmed activity with evidence archived.,HIGH,171,163
CSE-D,ALT-02621,ASSET-028,LOW,Network Anomaly,2026-03-25 14:02:27,2026-03-25 14:26:47,2026-03-25 14:35:47,2026-03-25 19:25:56,2026-03-26 00:14:41,False,Escalated to Tier-2,True,Analyst reviewed logs and confirmed activity with evidence archived.,HIGH,151,145
CSE-B,ALT-02622,ASSET-086,LOW,Privilege Escalation,2026-05-11 17:21:30,2026-05-11 18:02:22,2026-05-11 18:27:22,2026-05-11 20:01:25,2026-05-11 19:38:43,True,False Positive,True,"Reviewed source IP, asset logs and correlated with previous alerts.",HIGH,83,68
CSE-D,ALT-02623,ASSET-096,HIGH,Unauthorized Access,2026-06-08 16:19:44,2026-06-08 16:44:58,2026-06-08 16:53:58,2026-06-08 19:39:28,2026-06-08 19:05:12,False,True Positive,True,Alert correlated with threat intel; full timeline documented.,CRITICAL,182,177
CSE-B,ALT-02624,ASSET-099,HIGH,Brute Force,2026-01-07 16:49:52,2026-01-07 17:12:31,2026-01-07 17:32:31,2026-01-07 19:31:57,2026-01-07 23:57:57,False,Escalated to Tier-2,True,Alert correlated with threat intel; full timeline documented.,CRITICAL,177,160
CSE-A,ALT-02625,ASSET-096,LOW,Data Exfiltration,2026-02-24 15:02:54,2026-02-24 15:26:25,2026-02-24 15:36:25,2026-02-24 16:39:27,2026-02-24 20:28:37,False,Escalated to Tier-2,True,Analyst investigation performed; packet capture and EDR evidence attached.,MEDIUM,94,82
CSE-A,ALT-02626,ASSET-007,HIGH,Phishing,2026-01-10 13:11:21,2026-01-10 13:37:09,2026-01-10 13:53:09,2026-01-10 15:07:07,2026-01-10 17:44:52,False,True Positive,True,Alert correlated with threat intel; full timeline documented.,CRITICAL,165,125
CSE-D,ALT-02627,ASSET-045,HIGH,Unauthorized Access,2026-06-29 17:33:59,2026-06-29 17:44:29,2026-06-29 18:01:29,2026-06-29 22:32:14,2026-06-30 02:43:02,False,Escalated to Tier-2,True,Analyst investigation performed; packet capture and EDR evidence attached.,MEDIUM,160,162
CSE-E,ALT-02628,ASSET-054,LOW,Privilege Escalation,2026-04-30 17:08:05,2026-04-30 17:25:23,,,2026-05-01 01:40:21,False,Under Investigation,False,,CRITICAL,83,72
CSE-B,ALT-02629,ASSET-039,LOW,Privilege Escalation,2026-01-25 12:29:08,2026-01-25 13:37:50,2026-01-25 13:50:50,2026-01-25 15:36:23,2026-01-25 23:23:32,False,False Positive,True,Alert correlated with threat intel; full timeline documented.,CRITICAL,75,49
CSE-C,ALT-02630,ASSET-028,CRITICAL,Data Exfiltration,2026-01-13 04:46:16,2026-01-13 04:53:22,2026-01-13 04:59:22,2026-01-13 05:03:08,2026-01-13 08:25:16,False,Escalated to Tier-2,True,Alert correlated with threat intel; full timeline documented.,HIGH,126,48
CSE-D,ALT-02631,ASSET-039,CRITICAL,Unauthorized Access,2026-06-26 09:31:34,2026-06-26 09:42:24,,,2026-06-26 13:31:12,False,False Positive,False,N/A,CRITICAL,134,128
CSE-A,ALT-02632,ASSET-045,HIGH,Network Anomaly,2026-04-16 11:35:07,2026-04-16 11:58:01,2026-04-16 12:08:01,2026-04-16 15:07:26,2026-04-16 17:30:47,False,Under Investigation,True,Analyst reviewed logs and confirmed activity with evidence archived.,MEDIUM,199,198
CSE-B,ALT-02633,ASSET-005,MEDIUM,Phishing,2026-05-23 21:52:36,2026-05-23 23:13:21,,,2026-05-24 00:50:32,False,Escalated to Tier-2,False,,HIGH,154,115
CSE-C,ALT-02634,ASSET-027,CRITICAL,Malware,2026-02-14 16:41:02,2026-02-14 16:55:27,,,2026-02-15 00:03:58,False,False Positive,False,,CRITICAL,129,21
CSE-D,ALT-02635,ASSET-014,HIGH,Network Anomaly,2026-04-11 10:16:48,2026-04-11 10:34:38,2026-04-11 10:54:38,2026-04-11 13:40:24,2026-04-11 22:32:17,True,True Positive,True,"Reviewed source IP, asset logs and correlated with previous alerts.",HIGH,143,155
CSE-B,ALT-02636,ASSET-076,CRITICAL,Privilege Escalation,2026-01-23 11:30:01,2026-01-23 12:37:44,2026-01-23 12:45:44,2026-01-23 13:10:58,2026-01-23 14:09:26,False,Escalated to Tier-2,True,"Reviewed source IP, asset logs and correlated with previous alerts.",CRITICAL,177,151
CSE-C,ALT-02637,ASSET-099,CRITICAL,Unauthorized Access,2026-04-11 10:34:17,2026-04-11 10:57:47,2026-04-11 11:11:47,2026-04-11 11:24:46,2026-04-11 14:59:36,False,True Positive,True,Analyst investigation performed; packet capture and EDR evidence attached.,CRITICAL,155,43
CSE-D,ALT-02638,ASSET-082,HIGH,Network Anomaly,2026-02-01 12:19:54,2026-02-01 12:44:35,2026-02-01 12:47:35,2026-02-01 17:14:59,2026-02-01 13:46:17,False,Escalated to Tier-2,True,Alert correlated with threat intel; full timeline documented.,CRITICAL,96,82
CSE-E,ALT-02639,ASSET-097,LOW,Suspicious Login,2026-03-12 12:07:28,2026-03-12 13:17:22,2026-03-12 13:24:22,2026-03-12 13:30:06,2026-03-12 17:27:00,False,False Positive,True,Analyst reviewed logs and confirmed activity with evidence archived.,CRITICAL,143,88
CSE-E,ALT-02640,ASSET-025,HIGH,Brute Force,2026-06-18 18:26:26,2026-06-18 19:41:07,,,2026-06-19 04:49:38,False,Benign True Positive,False,Closed quickly — no notes.,MEDIUM,71,41
CSE-B,ALT-02641,ASSET-042,HIGH,Unauthorized Access,2026-05-09 12:31:30,2026-05-09 13:22:53,,,2026-05-09 22:15:27,False,Under Investigation,False,N/A,HIGH,168,149
CSE-A,ALT-02642,ASSET-054,MEDIUM,Phishing,2026-04-18 09:18:58,2026-04-18 09:37:05,2026-04-18 09:42:05,2026-04-18 11:25:27,2026-04-18 16:41:06,False,True Positive,True,Alert correlated with threat intel; full timeline documented.,HIGH,176,146
CSE-A,ALT-02643,ASSET-063,MEDIUM,Privilege Escalation,2026-04-05 22:04:41,2026-04-05 22:20:55,2026-04-05 22:45:55,2026-04-06 00:18:37,2026-04-06 06:18:06,True,Benign True Positive,True,Alert correlated with threat intel; full timeline documented.,HIGH,80,68
CSE-B,ALT-02644,ASSET-031,LOW,Malware,2026-05-04 02:04:03,2026-05-04 02:27:19,2026-05-04 02:52:19,2026-05-04 05:13:02,2026-05-04 07:36:26,False,Benign True Positive,True,Alert correlated with threat intel; full timeline documented.,HIGH,169,138
CSE-B,ALT-02645,ASSET-075,MEDIUM,Data Exfiltration,2026-06-06 08:23:32,2026-06-06 08:54:18,2026-06-06 09:09:18,2026-06-06 11:03:53,2026-06-06 12:59:53,False,False Positive,True,Analyst investigation performed; packet capture and EDR evidence attached.,MEDIUM,108,70
CSE-D,ALT-02646,ASSET-063,HIGH,Unauthorized Access,2026-05-18 15:27:22,2026-05-18 15:35:09,2026-05-18 15:46:09,2026-05-18 16:20:40,2026-05-19 04:42:49,False,False Positive,True,Analyst investigation performed; packet capture and EDR evidence attached.,CRITICAL,160,139
CSE-E,ALT-02647,ASSET-093,MEDIUM,Malware,2026-04-07 08:43:59,2026-04-07 10:05:24,2026-04-07 10:12:24,2026-04-07 11:11:23,2026-04-07 13:31:02,False,Under Investigation,True,Investigation completed; evidence recorded and escalated per playbook.,HIGH,171,105
CSE-D,ALT-02648,ASSET-062,MEDIUM,Unauthorized Access,2026-02-17 09:57:28,2026-02-17 10:11:56,2026-02-17 10:26:56,2026-02-17 15:17:50,2026-02-17 18:45:38,False,Benign True Positive,True,Alert correlated with threat intel; full timeline documented.,CRITICAL,88,91
CSE-C,ALT-02649,ASSET-006,MEDIUM,Network Anomaly,2026-03-09 17:06:50,2026-03-09 17:44:47,,,2026-03-09 18:21:10,False,Under Investigation,False,,MEDIUM,110,56
CSE-D,ALT-02650,ASSET-051,HIGH,Data Exfiltration,2026-03-03 17:03:31,2026-03-03 17:11:55,2026-03-03 17:28:55,2026-03-03 22:18:12,2026-03-03 20:05:34,False,False Positive,True,Analyst investigation performed; packet capture and EDR evidence attached.,CRITICAL,98,89
CSE-D,ALT-02651,ASSET-060,HIGH,Privilege Escalation,2026-05-01 16:58:25,2026-05-01 17:07:03,2026-05-01 17:23:03,2026-05-01 18:53:54,2026-05-02 05:23:47,False,True Positive,True,Alert correlated with threat intel; full timeline documented.,CRITICAL,198,196
CSE-B,ALT-02652,ASSET-073,MEDIUM,Privilege Escalation,2026-05-15 00:16:01,2026-05-15 01:35:40,,,2026-05-15 09:25:07,False,Escalated to Tier-2,False,N/A,CRITICAL,138,111
CSE-A,ALT-02653,ASSET-031,LOW,Brute Force,2026-03-10 14:17:32,2026-03-10 14:44:01,2026-03-10 14:56:01,2026-03-10 19:20:24,2026-03-10 19:20:54,False,Under Investigation,True,Investigation completed; evidence recorded and escalated per playbook.,MEDIUM,187,163
CSE-D,ALT-02654,ASSET-031,HIGH,Malware,2026-05-05 16:35:29,2026-05-05 16:41:38,2026-05-05 17:04:38,2026-05-05 20:58:57,2026-05-06 06:09:21,True,Escalated to Tier-2,True,Alert correlated with threat intel; full timeline documented.,CRITICAL,84,67
CSE-A,ALT-02655,ASSET-041,HIGH,Privilege Escalation,2026-01-16 16:15:53,2026-01-16 16:31:44,2026-01-16 16:51:44,2026-01-16 21:07:32,2026-01-17 02:52:59,False,Benign True Positive,True,Alert correlated with threat intel; full timeline documented.,CRITICAL,125,107
CSE-D,ALT-02656,ASSET-080,MEDIUM,Malware,2026-01-30 17:36:57,2026-01-30 17:41:06,2026-01-30 17:43:06,2026-01-30 22:12:27,2026-01-30 19:36:07,False,Under Investigation,True,Analyst reviewed logs and confirmed activity with evidence archived.,MEDIUM,124,111
CSE-E,ALT-02657,ASSET-040,HIGH,Suspicious Login,2026-02-06 08:44:20,2026-02-06 09:34:47,2026-02-06 09:41:47,2026-02-06 10:32:55,2026-02-06 15:10:34,False,Escalated to Tier-2,True,Analyst reviewed logs and confirmed activity with evidence archived.,CRITICAL,91,51
CSE-E,ALT-02658,ASSET-087,HIGH,Brute Force,2026-04-25 12:23:13,2026-04-25 12:34:28,2026-04-25 12:45:28,2026-04-25 14:42:05,2026-04-25 13:41:58,True,Under Investigation,True,Investigation completed; evidence recorded and escalated per playbook.,MEDIUM,164,115
CSE-D,ALT-02659,ASSET-004,LOW,Data Exfiltration,2026-04-16 22:12:50,2026-04-16 22:17:41,2026-04-16 22:33:41,2026-04-17 01:17:43,2026-04-17 10:20:48,True,Under Investigation,True,Analyst investigation performed; packet capture and EDR evidence attached.,MEDIUM,153,156
CSE-E,ALT-02660,ASSET-100,CRITICAL,Phishing,2026-03-22 16:31:56,2026-03-22 18:20:29,2026-03-22 18:45:29,2026-03-22 21:19:25,2026-03-23 03:23:05,False,True Positive,True,Analyst investigation performed; packet capture and EDR evidence attached.,HIGH,84,45
CSE-E,ALT-02661,ASSET-096,HIGH,Privilege Escalation,2026-04-09 19:06:59,2026-04-09 19:36:46,2026-04-09 19:40:46,2026-04-09 20:24:27,2026-04-09 20:56:02,False,False Positive,True,Alert correlated with threat intel; full timeline documented.,MEDIUM,177,106
CSE-E,ALT-02662,ASSET-064,CRITICAL,Phishing,2026-03-11 20:16:55,2026-03-11 20:52:29,,,2026-03-12 02:32:58,True,Under Investigation,False,Closed quickly — no notes.,HIGH,165,92
CSE-C,ALT-02663,ASSET-075,HIGH,Malware,2026-03-28 11:36:14,2026-03-28 11:39:08,,,2026-03-28 12:24:01,False,Escalated to Tier-2,False,N/A,HIGH,129,29
CSE-A,ALT-02664,ASSET-047,MEDIUM,Brute Force,2026-02-05 22:57:49,2026-02-05 23:23:03,2026-02-05 23:25:03,2026-02-06 03:13:28,2026-02-06 06:33:30,False,Under Investigation,True,Investigation completed; evidence recorded and escalated per playbook.,CRITICAL,124,122
CSE-C,ALT-02665,ASSET-035,MEDIUM,Network Anomaly,2026-04-20 12:37:52,2026-04-20 13:30:22,,,2026-04-20 18:48:28,False,False Positive,False,,CRITICAL,109,57
CSE-A,ALT-02666,ASSET-040,LOW,Privilege Escalation,2026-02-09 15:36:51,2026-02-09 16:05:52,2026-02-09 16:06:52,2026-02-09 17:32:21,2026-02-09 21:29:23,True,Under Investigation,True,Alert correlated with threat intel; full timeline documented.,CRITICAL,166,159
CSE-A,ALT-02667,ASSET-032,HIGH,Malware,2026-02-03 16:06:48,2026-02-03 16:29:56,2026-02-03 16:44:56,2026-02-03 18:38:36,2026-02-03 19:06:46,True,Under Investigation,True,Analyst investigation performed; packet capture and EDR evidence attached.,CRITICAL,195,211
CSE-A,ALT-02668,ASSET-041,LOW,Privilege Escalation,2026-02-11 09:13:13,2026-02-11 09:24:37,2026-02-11 09:31:37,2026-02-11 11:19:09,2026-02-11 14:40:17,True,False Positive,True,Alert correlated with threat intel; full timeline documented.,HIGH,195,209
CSE-D,ALT-02669,ASSET-007,LOW,Malware,2026-06-18 18:54:02,2026-06-18 18:57:05,2026-06-18 19:15:05,2026-06-18 22:30:03,2026-06-19 05:14:12,False,Under Investigation,True,"Reviewed source IP, asset logs and correlated with previous alerts.",MEDIUM,189,164
CSE-E,ALT-02670,ASSET-037,LOW,Privilege Escalation,2026-04-27 09:50:30,2026-04-27 10:54:09,,,2026-04-27 15:59:48,False,Escalated to Tier-2,False,N/A,MEDIUM,99,63
CSE-A,ALT-02671,ASSET-055,LOW,Phishing,2026-04-20 14:49:16,2026-04-20 14:54:45,2026-04-20 14:55:45,2026-04-20 18:39:43,2026-04-20 22:44:38,True,False Positive,True,Investigation completed; evidence recorded and escalated per playbook.,HIGH,126,107
CSE-C,ALT-02672,ASSET-100,CRITICAL,Unauthorized Access,2026-02-26 17:28:27,2026-02-26 17:56:50,,,2026-02-26 18:40:00,False,False Positive,False,Closed quickly — no notes.,CRITICAL,192,68
CSE-B,ALT-02673,ASSET-092,HIGH,Unauthorized Access,2026-03-10 14:17:39,2026-03-10 15:44:45,2026-03-10 15:57:45,2026-03-10 16:27:04,2026-03-10 18:59:20,False,False Positive,True,Alert correlated with threat intel; full timeline documented.,HIGH,85,67
CSE-B,ALT-02674,ASSET-059,CRITICAL,Privilege Escalation,2026-01-22 10:19:43,2026-01-22 10:50:05,2026-01-22 10:54:05,2026-01-22 12:53:02,2026-01-22 19:58:23,False,True Positive,True,Analyst reviewed logs and confirmed activity with evidence archived.,MEDIUM,119,83
CSE-B,ALT-02675,ASSET-035,LOW,Brute Force,2026-05-04 02:35:39,2026-05-04 03:33:14,2026-05-04 03:39:14,2026-05-04 05:12:47,2026-05-04 09:52:56,False,Escalated to Tier-2,True,Analyst investigation performed; packet capture and EDR evidence attached.,MEDIUM,100,63
CSE-D,ALT-02676,ASSET-074,HIGH,Network Anomaly,2026-03-20 09:28:55,2026-03-20 09:45:07,2026-03-20 09:50:07,2026-03-20 13:39:13,2026-03-20 16:40:33,False,False Positive,True,Alert correlated with threat intel; full timeline documented.,MEDIUM,87,81
CSE-B,ALT-02677,ASSET-066,LOW,Phishing,2026-02-08 10:28:32,2026-02-08 10:38:10,2026-02-08 10:49:10,2026-02-08 12:14:14,2026-02-08 13:17:28,True,Escalated to Tier-2,True,Analyst investigation performed; packet capture and EDR evidence attached.,MEDIUM,130,86
CSE-A,ALT-02678,ASSET-023,CRITICAL,Unauthorized Access,2026-01-23 09:49:57,2026-01-23 10:18:38,2026-01-23 10:27:38,2026-01-23 11:42:57,2026-01-23 15:15:09,False,True Positive,True,Investigation completed; evidence recorded and escalated per playbook.,CRITICAL,128,122
CSE-D,ALT-02679,ASSET-035,LOW,Brute Force,2026-04-08 14:05:04,2026-04-08 14:19:00,2026-04-08 14:26:00,2026-04-08 18:44:27,2026-04-08 19:55:00,False,True Positive,True,Analyst investigation performed; packet capture and EDR evidence attached.,CRITICAL,142,128
CSE-E,ALT-02680,ASSET-063,CRITICAL,Brute Force,2026-05-27 10:44:42,2026-05-27 11:28:39,2026-05-27 11:38:39,2026-05-27 14:13:01,2026-05-27 18:00:59,False,True Positive,True,Analyst reviewed logs and confirmed activity with evidence archived.,CRITICAL,79,67
CSE-B,ALT-02681,ASSET-060,MEDIUM,Unauthorized Access,2026-01-20 17:39:03,2026-01-20 18:52:19,2026-01-20 19:09:19,2026-01-20 21:27:15,2026-01-21 01:54:11,False,False Positive,True,Analyst reviewed logs and confirmed activity with evidence archived.,MEDIUM,120,92
CSE-E,ALT-02682,ASSET-087,MEDIUM,Network Anomaly,2026-01-05 13:08:17,2026-01-05 13:45:38,2026-01-05 13:46:38,2026-01-05 16:40:38,2026-01-05 14:12:54,False,Under Investigation,True,Alert correlated with threat intel; full timeline documented.,HIGH,82,56
CSE-D,ALT-02683,ASSET-042,HIGH,Malware,2026-01-08 15:26:15,2026-01-08 15:50:23,2026-01-08 16:05:23,2026-01-08 17:53:33,2026-01-09 06:10:54,True,False Positive,True,"Reviewed source IP, asset logs and correlated with previous alerts.",CRITICAL,186,162
CSE-D,ALT-02684,ASSET-098,LOW,Privilege Escalation,2026-05-30 16:55:14,2026-05-30 17:08:27,2026-05-30 17:13:27,2026-05-30 18:52:53,2026-05-30 22:35:04,True,Escalated to Tier-2,True,Investigation completed; evidence recorded and escalated per playbook.,HIGH,106,119
CSE-D,ALT-02685,ASSET-091,LOW,Phishing,2026-04-05 14:55:51,2026-04-05 15:17:28,2026-04-05 15:22:28,2026-04-05 19:12:31,2026-04-05 17:21:13,True,False Positive,True,Alert correlated with threat intel; full timeline documented.,HIGH,139,114
CSE-C,ALT-02686,ASSET-037,CRITICAL,Data Exfiltration,2026-01-30 13:12:18,2026-01-30 13:19:08,2026-01-30 13:39:08,2026-01-30 14:08:13,2026-01-30 13:16:37,False,Benign True Positive,True,"Reviewed source IP, asset logs and correlated with previous alerts.",CRITICAL,95,8
CSE-E,ALT-02687,ASSET-072,LOW,Suspicious Login,2026-02-12 13:25:13,2026-02-12 14:17:07,2026-02-12 14:37:07,2026-02-12 15:30:41,2026-02-12 20:09:06,False,False Positive,True,Analyst investigation performed; packet capture and EDR evidence attached.,HIGH,109,68
CSE-D,ALT-02688,ASSET-080,HIGH,Network Anomaly,2026-03-24 13:37:39,2026-03-24 13:54:08,2026-03-24 14:06:08,2026-03-24 17:02:14,2026-03-24 23:42:02,False,False Positive,True,"Reviewed source IP, asset logs and correlated with previous alerts.",MEDIUM,135,112
CSE-D,ALT-02689,ASSET-067,MEDIUM,Unauthorized Access,2026-03-30 01:59:13,2026-03-30 02:04:00,2026-03-30 02:10:00,2026-03-30 03:30:40,2026-03-30 07:15:14,False,Escalated to Tier-2,True,Analyst reviewed logs and confirmed activity with evidence archived.,HIGH,180,157
CSE-C,ALT-02690,ASSET-028,CRITICAL,Phishing,2026-03-15 12:39:52,2026-03-15 13:31:13,,,2026-03-15 12:42:31,False,False Positive,False,N/A,CRITICAL,133,54
CSE-B,ALT-02691,ASSET-092,LOW,Privilege Escalation,2026-01-17 13:53:50,2026-01-17 14:47:16,,,2026-01-17 22:39:50,False,Benign True Positive,False,,MEDIUM,108,100
CSE-D,ALT-02692,ASSET-092,HIGH,Privilege Escalation,2026-05-02 14:10:57,2026-05-02 14:15:58,2026-05-02 14:37:58,2026-05-02 15:32:00,2026-05-03 05:13:59,True,Under Investigation,True,"Reviewed source IP, asset logs and correlated with previous alerts.",CRITICAL,154,136
CSE-A,ALT-02693,ASSET-053,HIGH,Unauthorized Access,2026-06-02 11:19:12,2026-06-02 11:25:47,2026-06-02 11:34:47,2026-06-02 12:40:03,2026-06-02 14:59:13,False,Benign True Positive,True,"Reviewed source IP, asset logs and correlated with previous alerts.",MEDIUM,175,138
CSE-C,ALT-02694,ASSET-065,HIGH,Network Anomaly,2026-01-28 09:37:17,2026-01-28 09:58:24,,,2026-01-28 14:28:58,False,Under Investigation,False,Closed quickly — no notes.,MEDIUM,188,84
CSE-A,ALT-02695,ASSET-006,MEDIUM,Brute Force,2026-02-23 14:05:11,2026-02-23 14:14:09,2026-02-23 14:36:09,2026-02-23 18:12:21,2026-02-23 21:02:59,False,Benign True Positive,True,Investigation completed; evidence recorded and escalated per playbook.,CRITICAL,171,155
CSE-B,ALT-02696,ASSET-100,CRITICAL,Privilege Escalation,2026-04-24 16:45:15,2026-04-24 17:12:27,2026-04-24 17:16:27,2026-04-24 18:51:45,2026-04-25 01:27:02,False,False Positive,True,Investigation completed; evidence recorded and escalated per playbook.,CRITICAL,116,104
CSE-D,ALT-02697,ASSET-073,HIGH,Data Exfiltration,2026-01-04 16:23:32,2026-01-04 16:44:37,2026-01-04 16:56:37,2026-01-04 17:18:07,2026-01-05 01:12:08,False,Escalated to Tier-2,True,Analyst investigation performed; packet capture and EDR evidence attached.,HIGH,152,132
CSE-A,ALT-02698,ASSET-015,LOW,Brute Force,2026-06-10 16:51:17,2026-06-10 17:05:24,2026-06-10 17:27:24,2026-06-10 18:25:02,2026-06-10 18:26:33,False,False Positive,True,Analyst reviewed logs and confirmed activity with evidence archived.,HIGH,196,170
CSE-B,ALT-02699,ASSET-069,LOW,Network Anomaly,2026-02-23 12:27:10,2026-02-23 13:32:12,2026-02-23 13:57:12,2026-02-23 16:33:50,2026-02-23 21:00:39,False,Under Investigation,True,Alert correlated with threat intel; full timeline documented.,HIGH,138,83
CSE-D,ALT-02700,ASSET-096,HIGH,Brute Force,2026-01-16 15:54:22,2026-01-16 15:58:41,2026-01-16 16:07:41,2026-01-16 20:18:54,2026-01-16 23:51:27,False,Under Investigation,True,Analyst investigation performed; packet capture and EDR evidence attached.,CRITICAL,82,74
CSE-D,ALT-02701,ASSET-067,CRITICAL,Malware,2026-02-22 11:27:29,2026-02-22 11:40:05,2026-02-22 11:58:05,2026-02-22 16:52:42,2026-02-22 23:04:33,False,Escalated to Tier-2,True,Investigation completed; evidence recorded and escalated per playbook.,CRITICAL,100,83
CSE-E,ALT-02702,ASSET-098,HIGH,Privilege Escalation,2026-02-12 11:52:22,2026-02-12 13:28:17,,,2026-02-12 21:16:19,False,Benign True Positive,False,N/A,CRITICAL,97,70
CSE-C,ALT-02703,ASSET-035,CRITICAL,Brute Force,2026-03-23 14:09:47,2026-03-23 14:17:05,2026-03-23 14:19:05,2026-03-23 14:38:27,2026-03-23 20:37:20,False,Under Investigation,True,Analyst reviewed logs and confirmed activity with evidence archived.,MEDIUM,178,47
CSE-D,ALT-02704,ASSET-077,HIGH,Suspicious Login,2026-02-13 10:20:28,2026-02-13 10:26:48,2026-02-13 10:49:48,2026-02-13 12:57:32,2026-02-14 00:04:43,True,True Positive,True,Analyst investigation performed; packet capture and EDR evidence attached.,MEDIUM,130,100
CSE-B,ALT-02705,ASSET-056,HIGH,Brute Force,2026-04-27 13:43:08,2026-04-27 14:35:51,2026-04-27 14:54:51,2026-04-27 16:42:24,2026-04-27 18:16:19,False,Escalated to Tier-2,True,Investigation completed; evidence recorded and escalated per playbook.,HIGH,115,60
CSE-E,ALT-02706,ASSET-060,MEDIUM,Brute Force,2026-02-12 15:33:24,2026-02-12 15:54:23,2026-02-12 16:00:23,2026-02-12 18:22:25,2026-02-13 00:38:23,False,Benign True Positive,True,Analyst investigation performed; packet capture and EDR evidence attached.,HIGH,73,55
CSE-B,ALT-02707,ASSET-031,HIGH,Brute Force,2026-06-25 10:19:04,2026-06-25 11:24:25,2026-06-25 11:32:25,2026-06-25 12:07:53,2026-06-25 14:13:07,False,Under Investigation,True,Analyst reviewed logs and confirmed activity with evidence archived.,HIGH,191,106
CSE-A,ALT-02708,ASSET-031,HIGH,Data Exfiltration,2026-04-30 11:47:35,2026-04-30 12:03:46,2026-04-30 12:10:46,2026-04-30 16:24:51,2026-04-30 15:09:48,False,True Positive,True,Alert correlated with threat intel; full timeline documented.,CRITICAL,80,62
CSE-C,ALT-02709,ASSET-079,LOW,Unauthorized Access,2026-03-11 13:17:58,2026-03-11 14:16:02,2026-03-11 14:24:02,2026-03-11 14:29:01,2026-03-11 17:38:07,False,Under Investigation,True,Analyst reviewed logs and confirmed activity with evidence archived.,CRITICAL,159,68
CSE-B,ALT-02710,ASSET-082,HIGH,Unauthorized Access,2026-02-20 14:09:56,2026-02-20 14:41:57,2026-02-20 15:01:57,2026-02-20 15:14:10,2026-02-20 17:12:12,True,Under Investigation,True,Investigation completed; evidence recorded and escalated per playbook.,HIGH,167,116
CSE-B,ALT-02711,ASSET-040,HIGH,Unauthorized Access,2026-06-30 10:25:47,2026-06-30 11:09:07,2026-06-30 11:26:07,2026-06-30 14:14:15,2026-06-30 14:02:03,False,True Positive,True,"Reviewed source IP, asset logs and correlated with previous alerts.",HIGH,152,131
CSE-D,ALT-02712,ASSET-088,LOW,Data Exfiltration,2026-03-07 15:56:22,2026-03-07 16:12:51,2026-03-07 16:20:51,2026-03-07 18:29:13,2026-03-07 19:15:33,False,True Positive,True,"Reviewed source IP, asset logs and correlated with previous alerts.",HIGH,80,85
CSE-A,ALT-02713,ASSET-082,HIGH,Brute Force,2026-03-24 11:39:19,2026-03-24 11:49:48,2026-03-24 11:50:48,2026-03-24 15:57:44,2026-03-24 12:48:54,False,True Positive,True,Investigation completed; evidence recorded and escalated per playbook.,CRITICAL,104,105
CSE-A,ALT-02714,ASSET-052,HIGH,Malware,2026-06-22 15:29:38,2026-06-22 15:52:03,2026-06-22 16:06:03,2026-06-22 18:53:13,2026-06-22 19:13:49,True,Escalated to Tier-2,True,Alert correlated with threat intel; full timeline documented.,MEDIUM,113,110
CSE-B,ALT-02715,ASSET-001,HIGH,Unauthorized Access,2026-05-11 17:12:39,2026-05-11 18:13:09,2026-05-11 18:26:09,2026-05-11 20:33:49,2026-05-12 01:18:47,False,Benign True Positive,True,"Reviewed source IP, asset logs and correlated with previous alerts.",MEDIUM,92,74
CSE-B,ALT-02716,ASSET-070,CRITICAL,Suspicious Login,2026-01-25 00:02:10,2026-01-25 01:29:36,2026-01-25 01:45:36,2026-01-25 02:21:14,2026-01-25 07:03:30,False,Benign True Positive,True,Analyst investigation performed; packet capture and EDR evidence attached.,CRITICAL,187,125
CSE-D,ALT-02717,ASSET-052,LOW,Data Exfiltration,2026-05-20 14:34:44,2026-05-20 14:41:09,2026-05-20 14:55:09,2026-05-20 19:34:05,2026-05-20 18:22:41,False,True Positive,True,"Reviewed source IP, asset logs and correlated with previous alerts.",CRITICAL,179,139
CSE-E,ALT-02718,ASSET-071,LOW,Unauthorized Access,2026-01-18 15:17:39,2026-01-18 15:44:18,,,2026-01-18 21:54:46,False,True Positive,False,,HIGH,81,45
CSE-B,ALT-02719,ASSET-047,CRITICAL,Data Exfiltration,2026-03-15 17:14:47,2026-03-15 17:28:52,2026-03-15 17:33:52,2026-03-15 19:39:05,2026-03-15 20:21:49,True,False Positive,True,Analyst reviewed logs and confirmed activity with evidence archived.,HIGH,94,74
CSE-E,ALT-02720,ASSET-009,MEDIUM,Malware,2026-04-29 12:21:02,2026-04-29 14:07:15,2026-04-29 14:31:15,2026-04-29 16:57:24,2026-04-29 18:21:51,False,Benign True Positive,True,"Reviewed source IP, asset logs and correlated with previous alerts.",CRITICAL,100,88
CSE-E,ALT-02721,ASSET-092,MEDIUM,Network Anomaly,2026-03-04 16:48:38,2026-03-04 17:14:06,2026-03-04 17:29:06,2026-03-04 19:13:34,2026-03-04 20:19:21,False,Benign True Positive,True,Analyst investigation performed; packet capture and EDR evidence attached.,CRITICAL,103,71
CSE-D,ALT-02722,ASSET-072,HIGH,Phishing,2026-03-07 17:41:24,2026-03-07 17:53:53,2026-03-07 17:54:53,2026-03-07 21:36:02,2026-03-08 01:25:26,True,Benign True Positive,True,Analyst reviewed logs and confirmed activity with evidence archived.,HIGH,183,180
CSE-A,ALT-02723,ASSET-011,MEDIUM,Network Anomaly,2026-02-06 17:46:05,2026-02-06 17:50:18,2026-02-06 17:51:18,2026-02-06 22:31:35,2026-02-07 05:37:31,False,Escalated to Tier-2,True,"Reviewed source IP, asset logs and correlated with previous alerts.",HIGH,150,114
CSE-D,ALT-02724,ASSET-022,MEDIUM,Data Exfiltration,2026-02-19 14:45:00,2026-02-19 15:01:48,,,2026-02-19 21:48:51,False,True Positive,False,N/A,HIGH,185,191
CSE-E,ALT-02725,ASSET-088,MEDIUM,Malware,2026-02-06 13:47:41,2026-02-06 14:26:29,,,2026-02-06 16:20:12,False,True Positive,False,Closed quickly — no notes.,MEDIUM,115,59
CSE-E,ALT-02726,ASSET-086,LOW,Privilege Escalation,2026-01-30 22:20:41,2026-01-30 23:19:55,2026-01-30 23:36:55,2026-01-31 00:08:07,2026-01-30 23:59:52,False,False Positive,True,Alert correlated with threat intel; full timeline documented.,CRITICAL,79,44
CSE-B,ALT-02727,ASSET-030,HIGH,Privilege Escalation,2026-06-03 14:34:08,2026-06-03 15:26:07,,,2026-06-03 19:31:40,False,Under Investigation,False,N/A,HIGH,88,79
CSE-D,ALT-02728,ASSET-084,HIGH,Phishing,2026-04-22 17:32:17,2026-04-22 17:49:23,2026-04-22 17:55:23,2026-04-22 18:41:13,2026-04-23 08:03:26,False,Under Investigation,True,Analyst reviewed logs and confirmed activity with evidence archived.,CRITICAL,123,121
CSE-C,ALT-02729,ASSET-096,MEDIUM,Brute Force,2026-05-22 10:23:58,2026-05-22 10:32:50,,,2026-05-22 13:19:14,False,True Positive,False,,HIGH,133,55
CSE-D,ALT-02730,ASSET-051,MEDIUM,Malware,2026-01-25 01:38:34,2026-01-25 01:44:28,2026-01-25 01:52:28,2026-01-25 04:59:55,2026-01-25 16:35:33,False,Under Investigation,True,"Reviewed source IP, asset logs and correlated with previous alerts.",CRITICAL,137,114
CSE-E,ALT-02731,ASSET-057,HIGH,Phishing,2026-04-30 16:50:05,2026-04-30 18:04:09,,,2026-05-01 03:33:23,False,Benign True Positive,False,,MEDIUM,159,128
CSE-C,ALT-02732,ASSET-012,HIGH,Malware,2026-06-10 12:09:33,2026-06-10 12:20:39,2026-06-10 12:43:39,2026-06-10 12:48:23,2026-06-10 19:50:11,False,Under Investigation,True,Investigation completed; evidence recorded and escalated per playbook.,MEDIUM,128,50
CSE-C,ALT-02733,ASSET-098,MEDIUM,Phishing,2026-04-08 14:03:09,2026-04-08 14:54:29,,,2026-04-08 17:48:06,False,Under Investigation,False,,CRITICAL,101,37
CSE-E,ALT-02734,ASSET-050,LOW,Data Exfiltration,2026-03-05 09:07:03,2026-03-05 09:45:09,2026-03-05 09:48:09,2026-03-05 12:43:14,2026-03-05 10:54:22,True,Under Investigation,True,"Reviewed source IP, asset logs and correlated with previous alerts.",CRITICAL,71,38
CSE-D,ALT-02735,ASSET-067,MEDIUM,Unauthorized Access,2026-05-23 16:03:19,2026-05-23 16:27:53,2026-05-23 16:32:53,2026-05-23 17:03:52,2026-05-24 02:22:24,True,True Positive,True,Analyst investigation performed; packet capture and EDR evidence attached.,MEDIUM,193,150
CSE-E,ALT-02736,ASSET-029,HIGH,Unauthorized Access,2026-06-04 13:47:16,2026-06-04 15:46:32,2026-06-04 15:58:32,2026-06-04 17:55:41,2026-06-05 00:42:20,False,True Positive,True,Investigation completed; evidence recorded and escalated per playbook.,MEDIUM,174,142
CSE-D,ALT-02737,ASSET-057,HIGH,Brute Force,2026-04-15 13:39:37,2026-04-15 14:03:35,2026-04-15 14:07:35,2026-04-15 18:27:22,2026-04-15 18:21:39,False,True Positive,True,"Reviewed source IP, asset logs and correlated with previous alerts.",CRITICAL,182,167
CSE-D,ALT-02738,ASSET-047,HIGH,Network Anomaly,2026-02-04 15:11:50,2026-02-04 15:31:26,2026-02-04 15:43:26,2026-02-04 20:20:42,2026-02-05 06:18:17,False,True Positive,True,Analyst reviewed logs and confirmed activity with evidence archived.,MEDIUM,91,92
CSE-D,ALT-02739,ASSET-015,HIGH,Privilege Escalation,2026-04-09 23:39:17,2026-04-09 23:45:00,2026-04-09 23:58:00,2026-04-10 03:32:26,2026-04-10 02:22:21,False,Under Investigation,True,Alert correlated with threat intel; full timeline documented.,MEDIUM,185,146
CSE-D,ALT-02740,ASSET-044,CRITICAL,Malware,2026-06-27 17:59:49,2026-06-27 18:20:01,2026-06-27 18:39:01,2026-06-27 22:30:32,2026-06-28 09:03:57,False,False Positive,True,Analyst investigation performed; packet capture and EDR evidence attached.,CRITICAL,90,78
CSE-B,ALT-02741,ASSET-036,HIGH,Phishing,2026-05-18 17:48:26,2026-05-18 18:01:58,2026-05-18 18:26:58,2026-05-18 21:23:42,2026-05-18 21:47:46,True,True Positive,True,Analyst investigation performed; packet capture and EDR evidence attached.,MEDIUM,111,92
CSE-D,ALT-02742,ASSET-002,MEDIUM,Data Exfiltration,2026-02-03 04:13:44,2026-02-03 04:37:44,2026-02-03 04:45:44,2026-02-03 06:53:41,2026-02-03 14:55:20,False,True Positive,True,Analyst investigation performed; packet capture and EDR evidence attached.,CRITICAL,86,74
CSE-C,ALT-02743,ASSET-077,HIGH,Malware,2026-01-28 01:26:56,2026-01-28 01:49:23,2026-01-28 01:50:23,2026-01-28 01:57:16,2026-01-28 05:59:58,False,Under Investigation,True,Investigation completed; evidence recorded and escalated per playbook.,CRITICAL,131,46
CSE-D,ALT-02744,ASSET-097,LOW,Malware,2026-03-11 15:44:38,2026-03-11 15:49:27,2026-03-11 16:08:27,2026-03-11 17:21:00,2026-03-12 05:56:00,False,True Positive,True,"Reviewed source IP, asset logs and correlated with previous alerts.",HIGH,128,109
CSE-D,ALT-02745,ASSET-024,CRITICAL,Data Exfiltration,2026-04-10 22:55:30,2026-04-10 22:59:59,2026-04-10 23:14:59,2026-04-11 02:12:10,2026-04-11 11:37:35,False,Escalated to Tier-2,True,Analyst investigation performed; packet capture and EDR evidence attached.,MEDIUM,125,134
CSE-E,ALT-02746,ASSET-061,MEDIUM,Brute Force,2026-06-21 10:38:44,2026-06-21 11:01:00,2026-06-21 11:07:00,2026-06-21 13:05:48,2026-06-21 12:02:23,True,False Positive,True,Alert correlated with threat intel; full timeline documented.,HIGH,156,73
CSE-B,ALT-02747,ASSET-008,HIGH,Brute Force,2026-05-20 15:34:28,2026-05-20 16:46:05,2026-05-20 16:47:05,2026-05-20 17:17:19,2026-05-20 19:12:03,False,False Positive,True,Analyst investigation performed; packet capture and EDR evidence attached.,HIGH,141,120
CSE-C,ALT-02748,ASSET-040,LOW,Malware,2026-01-26 14:17:13,2026-01-26 14:54:09,,,2026-01-26 20:53:57,False,Escalated to Tier-2,False,N/A,CRITICAL,139,26
CSE-E,ALT-02749,ASSET-040,MEDIUM,Data Exfiltration,2026-04-02 06:18:13,2026-04-02 07:15:55,2026-04-02 07:23:55,2026-04-02 08:27:58,2026-04-02 07:52:10,False,Under Investigation,True,Analyst investigation performed; packet capture and EDR evidence attached.,HIGH,198,109
CSE-B,ALT-02750,ASSET-010,LOW,Malware,2026-06-02 15:36:35,2026-06-02 16:34:41,2026-06-02 16:57:41,2026-06-02 19:52:53,2026-06-03 01:08:17,False,False Positive,True,Analyst reviewed logs and confirmed activity with evidence archived.,MEDIUM,198,174
CSE-D,ALT-02751,ASSET-008,MEDIUM,Brute Force,2026-04-30 15:21:07,2026-04-30 15:25:55,2026-04-30 15:48:55,2026-04-30 19:03:20,2026-04-30 21:52:25,False,True Positive,True,"Reviewed source IP, asset logs and correlated with previous alerts.",MEDIUM,172,163
CSE-B,ALT-02752,ASSET-099,MEDIUM,Privilege Escalation,2026-04-27 20:09:44,2026-04-27 20:58:07,2026-04-27 21:00:07,2026-04-27 22:10:26,2026-04-27 22:43:29,False,Under Investigation,True,Investigation completed; evidence recorded and escalated per playbook.,HIGH,130,73
CSE-D,ALT-02753,ASSET-059,LOW,Network Anomaly,2026-04-06 12:11:01,2026-04-06 12:18:08,2026-04-06 12:36:08,2026-04-06 14:23:00,2026-04-06 16:55:44,False,True Positive,True,Analyst investigation performed; packet capture and EDR evidence attached.,CRITICAL,175,151
CSE-D,ALT-02754,ASSET-062,LOW,Malware,2026-06-20 09:04:42,2026-06-20 09:12:51,2026-06-20 09:21:51,2026-06-20 14:02:29,2026-06-20 23:27:00,True,False Positive,True,"Reviewed source IP, asset logs and correlated with previous alerts.",MEDIUM,133,128
CSE-C,ALT-02755,ASSET-063,LOW,Unauthorized Access,2026-05-20 12:10:17,2026-05-20 12:19:05,2026-05-20 12:29:05,2026-05-20 12:35:31,2026-05-20 17:48:37,False,Under Investigation,True,Analyst investigation performed; packet capture and EDR evidence attached.,HIGH,150,72
CSE-D,ALT-02756,ASSET-088,LOW,Privilege Escalation,2026-06-23 15:20:25,2026-06-23 15:31:48,2026-06-23 15:54:48,2026-06-23 17:41:05,2026-06-24 00:11:24,False,False Positive,True,"Reviewed source IP, asset logs and correlated with previous alerts.",CRITICAL,163,162
CSE-C,ALT-02757,ASSET-057,CRITICAL,Privilege Escalation,2026-02-06 17:53:31,2026-02-06 18:50:44,2026-02-06 18:53:44,2026-02-06 19:13:13,2026-02-06 17:55:47,False,Under Investigation,True,Alert correlated with threat intel; full timeline documented.,HIGH,189,37
CSE-A,ALT-02758,ASSET-057,LOW,Malware,2026-02-19 16:29:54,2026-02-19 16:56:46,2026-02-19 17:12:46,2026-02-19 21:01:49,2026-02-20 02:54:18,False,Benign True Positive,True,Alert correlated with threat intel; full timeline documented.,MEDIUM,180,149
CSE-A,ALT-02759,ASSET-093,HIGH,Malware,2026-06-20 11:04:30,2026-06-20 11:23:48,2026-06-20 11:28:48,2026-06-20 12:19:13,2026-06-20 16:37:37,False,True Positive,True,"Reviewed source IP, asset logs and correlated with previous alerts.",HIGH,120,122
CSE-B,ALT-02760,ASSET-066,CRITICAL,Brute Force,2026-03-17 23:05:54,2026-03-17 23:40:39,2026-03-18 00:01:39,2026-03-18 02:44:11,2026-03-18 09:15:26,False,False Positive,True,Alert correlated with threat intel; full timeline documented.,HIGH,134,98
CSE-A,ALT-02761,ASSET-040,LOW,Brute Force,2026-05-07 14:58:36,2026-05-07 15:08:15,2026-05-07 15:10:15,2026-05-07 16:20:12,2026-05-07 22:11:59,False,True Positive,True,Investigation completed; evidence recorded and escalated per playbook.,CRITICAL,97,82
CSE-C,ALT-02762,ASSET-011,HIGH,Privilege Escalation,2026-05-05 12:20:58,2026-05-05 12:42:05,2026-05-05 12:50:05,2026-05-05 12:56:05,2026-05-05 14:23:56,False,Under Investigation,True,"Reviewed source IP, asset logs and correlated with previous alerts.",CRITICAL,100,27
CSE-B,ALT-02763,ASSET-020,CRITICAL,Phishing,2026-06-03 09:32:46,2026-06-03 10:46:02,2026-06-03 11:08:02,2026-06-03 12:33:54,2026-06-03 19:33:17,False,Benign True Positive,True,Investigation completed; evidence recorded and escalated per playbook.,CRITICAL,87,59
CSE-A,ALT-02764,ASSET-027,MEDIUM,Data Exfiltration,2026-04-17 13:28:39,2026-04-17 13:46:54,2026-04-17 14:03:54,2026-04-17 14:24:27,2026-04-17 21:11:32,False,Under Investigation,True,Investigation completed; evidence recorded and escalated per playbook.,CRITICAL,180,163
CSE-E,ALT-02765,ASSET-073,HIGH,Privilege Escalation,2026-04-20 10:49:57,2026-04-20 12:17:09,2026-04-20 12:38:09,2026-04-20 13:19:25,2026-04-20 19:24:03,False,False Positive,True,Investigation completed; evidence recorded and escalated per playbook.,HIGH,77,54
CSE-D,ALT-02766,ASSET-071,LOW,Malware,2026-05-27 17:57:12,2026-05-27 18:01:04,2026-05-27 18:15:04,2026-05-27 20:58:29,2026-05-28 03:36:01,False,False Positive,True,Investigation completed; evidence recorded and escalated per playbook.,HIGH,114,97
CSE-D,ALT-02767,ASSET-076,LOW,Data Exfiltration,2026-01-22 13:46:50,2026-01-22 13:53:33,2026-01-22 14:12:33,2026-01-22 15:56:02,2026-01-23 00:52:48,False,Under Investigation,True,Investigation completed; evidence recorded and escalated per playbook.,HIGH,167,131
CSE-A,ALT-02768,ASSET-050,HIGH,Brute Force,2026-03-29 11:21:41,2026-03-29 11:45:13,2026-03-29 11:52:13,2026-03-29 15:23:45,2026-03-29 13:02:33,False,True Positive,True,Investigation completed; evidence recorded and escalated per playbook.,MEDIUM,101,112
CSE-A,ALT-02769,ASSET-096,CRITICAL,Network Anomaly,2026-05-08 10:19:39,2026-05-08 10:23:27,2026-05-08 10:29:27,2026-05-08 12:06:13,2026-05-08 15:15:45,False,False Positive,True,Alert correlated with threat intel; full timeline documented.,CRITICAL,139,153
CSE-C,ALT-02770,ASSET-092,HIGH,Data Exfiltration,2026-01-20 07:07:08,2026-01-20 07:21:22,,,2026-01-20 14:34:44,False,False Positive,False,N/A,HIGH,151,31
CSE-E,ALT-02771,ASSET-018,HIGH,Suspicious Login,2026-01-20 13:44:48,2026-01-20 14:33:26,,,2026-01-21 00:16:35,False,True Positive,False,Closed quickly — no notes.,MEDIUM,90,45
CSE-E,ALT-02772,ASSET-008,MEDIUM,Data Exfiltration,2026-06-07 12:30:01,2026-06-07 13:36:35,2026-06-07 13:40:35,2026-06-07 14:18:34,2026-06-07 21:59:36,False,False Positive,True,Investigation completed; evidence recorded and escalated per playbook.,HIGH,117,91
CSE-C,ALT-02773,ASSET-097,LOW,Privilege Escalation,2026-03-18 17:00:20,2026-03-18 17:42:58,,,2026-03-18 18:55:12,False,Benign True Positive,False,,MEDIUM,143,67
CSE-B,ALT-02774,ASSET-013,CRITICAL,Malware,2026-02-03 15:36:51,2026-02-03 16:19:11,2026-02-03 16:33:11,2026-02-03 17:37:47,2026-02-04 01:50:29,False,True Positive,True,Investigation completed; evidence recorded and escalated per playbook.,MEDIUM,73,45
CSE-E,ALT-02775,ASSET-001,MEDIUM,Network Anomaly,2026-02-04 12:11:44,2026-02-04 13:59:14,2026-02-04 14:05:14,2026-02-04 16:15:54,2026-02-04 17:02:38,False,True Positive,True,Analyst reviewed logs and confirmed activity with evidence archived.,CRITICAL,182,144
CSE-E,ALT-02776,ASSET-073,CRITICAL,Data Exfiltration,2026-04-22 21:45:19,2026-04-22 23:02:50,2026-04-22 23:23:50,2026-04-23 02:08:42,2026-04-22 23:30:36,False,Benign True Positive,True,Investigation completed; evidence recorded and escalated per playbook.,MEDIUM,138,79
CSE-B,ALT-02777,ASSET-023,HIGH,Suspicious Login,2026-02-18 09:27:11,2026-02-18 09:42:07,2026-02-18 09:46:07,2026-02-18 12:01:37,2026-02-18 10:57:07,True,Under Investigation,True,Analyst reviewed logs and confirmed activity with evidence archived.,CRITICAL,84,55
CSE-B,ALT-02778,ASSET-069,CRITICAL,Data Exfiltration,2026-05-28 15:32:49,2026-05-28 15:44:22,2026-05-28 15:45:22,2026-05-28 17:04:49,2026-05-28 15:36:56,True,False Positive,True,Alert correlated with threat intel; full timeline documented.,CRITICAL,160,149
CSE-A,ALT-02779,ASSET-024,LOW,Network Anomaly,2026-02-19 15:41:26,2026-02-19 15:53:29,2026-02-19 16:10:29,2026-02-19 20:57:09,2026-02-19 22:51:58,False,Under Investigation,True,Analyst investigation performed; packet capture and EDR evidence attached.,HIGH,197,162
CSE-A,ALT-02780,ASSET-020,HIGH,Privilege Escalation,2026-01-14 14:12:57,2026-01-14 14:42:18,2026-01-14 14:49:18,2026-01-14 16:09:05,2026-01-14 16:30:17,False,Benign True Positive,True,Alert correlated with threat intel; full timeline documented.,MEDIUM,115,128
CSE-D,ALT-02781,ASSET-022,MEDIUM,Phishing,2026-06-12 16:21:57,2026-06-12 16:33:21,2026-06-12 16:46:21,2026-06-12 21:00:46,2026-06-13 00:35:00,False,True Positive,True,Investigation completed; evidence recorded and escalated per playbook.,MEDIUM,119,88
CSE-A,ALT-02782,ASSET-024,LOW,Brute Force,2026-02-24 15:08:16,2026-02-24 15:16:44,2026-02-24 15:32:44,2026-02-24 16:36:45,2026-02-24 20:08:16,False,True Positive,True,Alert correlated with threat intel; full timeline documented.,CRITICAL,188,193
CSE-E,ALT-02783,ASSET-036,MEDIUM,Data Exfiltration,2026-05-04 11:48:41,2026-05-04 13:26:50,,,2026-05-04 17:52:07,False,True Positive,False,,CRITICAL,196,121
CSE-E,ALT-02784,ASSET-097,LOW,Unauthorized Access,2026-01-21 09:51:02,2026-01-21 09:58:58,2026-01-21 10:01:58,2026-01-21 10:38:31,2026-01-21 13:10:39,False,False Positive,True,Alert correlated with threat intel; full timeline documented.,CRITICAL,125,85
CSE-C,ALT-02785,ASSET-003,HIGH,Brute Force,2026-03-15 15:44:37,2026-03-15 16:27:20,2026-03-15 16:35:20,2026-03-15 16:39:40,2026-03-15 22:11:42,False,True Positive,True,Investigation completed; evidence recorded and escalated per playbook.,HIGH,137,44
CSE-D,ALT-02786,ASSET-082,HIGH,Data Exfiltration,2026-01-29 12:48:47,2026-01-29 13:14:22,2026-01-29 13:21:22,2026-01-29 17:47:25,2026-01-29 19:01:39,False,False Positive,True,Analyst investigation performed; packet capture and EDR evidence attached.,HIGH,93,97
CSE-E,ALT-02787,ASSET-058,CRITICAL,Privilege Escalation,2026-06-23 10:51:35,2026-06-23 11:35:46,2026-06-23 11:41:46,2026-06-23 13:30:33,2026-06-23 19:44:48,True,Under Investigation,True,Investigation completed; evidence recorded and escalated per playbook.,CRITICAL,194,134
CSE-A,ALT-02788,ASSET-050,MEDIUM,Data Exfiltration,2026-04-13 14:01:50,2026-04-13 14:27:42,2026-04-13 14:30:42,2026-04-13 16:20:12,2026-04-13 19:10:47,False,False Positive,True,Analyst investigation performed; packet capture and EDR evidence attached.,CRITICAL,162,148
CSE-D,ALT-02789,ASSET-095,LOW,Malware,2026-04-22 14:07:07,2026-04-22 14:25:34,2026-04-22 14:38:34,2026-04-22 14:59:13,2026-04-22 21:58:59,False,True Positive,True,Investigation completed; evidence recorded and escalated per playbook.,MEDIUM,103,95
CSE-A,ALT-02790,ASSET-034,LOW,Network Anomaly,2026-03-22 14:11:14,2026-03-22 14:24:49,2026-03-22 14:25:49,2026-03-22 18:53:09,2026-03-22 18:32:33,False,True Positive,True,"Reviewed source IP, asset logs and correlated with previous alerts.",HIGH,200,164
CSE-E,ALT-02791,ASSET-049,HIGH,Brute Force,2026-05-13 11:02:42,2026-05-13 12:08:02,2026-05-13 12:26:02,2026-05-13 14:21:15,2026-05-13 17:57:44,False,Benign True Positive,True,Investigation completed; evidence recorded and escalated per playbook.,MEDIUM,113,59
CSE-E,ALT-02792,ASSET-032,LOW,Suspicious Login,2026-03-28 18:02:49,2026-03-28 18:37:52,2026-03-28 18:49:52,2026-03-28 21:10:55,2026-03-29 02:54:15,False,Escalated to Tier-2,True,Analyst investigation performed; packet capture and EDR evidence attached.,CRITICAL,144,95
CSE-E,ALT-02793,ASSET-065,MEDIUM,Data Exfiltration,2026-03-16 18:38:15,2026-03-16 18:54:12,2026-03-16 19:19:12,2026-03-16 20:11:40,2026-03-17 03:03:06,False,Escalated to Tier-2,True,"Reviewed source IP, asset logs and correlated with previous alerts.",MEDIUM,143,71
CSE-B,ALT-02794,ASSET-014,CRITICAL,Brute Force,2026-05-23 17:05:05,2026-05-23 18:12:33,,,2026-05-23 17:07:03,False,False Positive,False,,HIGH,198,133
CSE-A,ALT-02795,ASSET-011,CRITICAL,Malware,2026-01-08 03:04:14,2026-01-08 03:13:17,2026-01-08 03:35:17,2026-01-08 05:17:03,2026-01-08 13:18:54,True,Escalated to Tier-2,True,Analyst reviewed logs and confirmed activity with evidence archived.,CRITICAL,111,120
CSE-E,ALT-02796,ASSET-054,HIGH,Privilege Escalation,2026-06-19 10:19:37,2026-06-19 10:44:06,,,2026-06-19 15:41:24,False,False Positive,False,,MEDIUM,152,94
CSE-C,ALT-02797,ASSET-081,HIGH,Brute Force,2026-04-06 21:41:34,2026-04-06 22:30:27,2026-04-06 22:43:27,2026-04-06 22:56:06,2026-04-07 01:28:58,False,Escalated to Tier-2,True,Alert correlated with threat intel; full timeline documented.,MEDIUM,103,25
CSE-A,ALT-02798,ASSET-075,MEDIUM,Malware,2026-05-11 07:36:33,2026-05-11 08:06:41,2026-05-11 08:19:41,2026-05-11 11:32:08,2026-05-11 18:32:11,False,Under Investigation,True,Analyst reviewed logs and confirmed activity with evidence archived.,HIGH,193,150
CSE-D,ALT-02799,ASSET-046,MEDIUM,Brute Force,2026-04-09 11:41:46,2026-04-09 12:06:15,2026-04-09 12:28:15,2026-04-09 12:56:58,2026-04-10 02:57:55,False,Under Investigation,True,Analyst investigation performed; packet capture and EDR evidence attached.,HIGH,195,204
CSE-D,ALT-02800,ASSET-068,MEDIUM,Network Anomaly,2026-04-24 14:27:38,2026-04-24 14:44:09,2026-04-24 14:51:09,2026-04-24 19:25:10,2026-04-24 23:37:29,True,Under Investigation,True,Analyst reviewed logs and confirmed activity with evidence archived.,CRITICAL,163,167
CSE-B,ALT-02801,ASSET-058,LOW,Data Exfiltration,2026-05-25 16:58:49,2026-05-25 17:40:33,2026-05-25 18:02:33,2026-05-25 18:52:00,2026-05-26 02:42:58,False,False Positive,True,Alert correlated with threat intel; full timeline documented.,CRITICAL,164,108
CSE-A,ALT-02802,ASSET-022,LOW,Privilege Escalation,2026-02-09 16:50:56,2026-02-09 16:59:04,2026-02-09 17:06:04,2026-02-09 17:22:44,2026-02-10 02:30:55,False,False Positive,True,Investigation completed; evidence recorded and escalated per playbook.,MEDIUM,145,130
CSE-B,ALT-02803,ASSET-057,LOW,Suspicious Login,2026-05-31 14:54:21,2026-05-31 16:02:46,2026-05-31 16:09:46,2026-05-31 16:29:18,2026-06-01 01:42:59,False,Benign True Positive,True,Analyst investigation performed; packet capture and EDR evidence attached.,HIGH,87,81
CSE-E,ALT-02804,ASSET-082,LOW,Malware,2026-04-17 10:25:22,2026-04-17 12:04:40,2026-04-17 12:14:40,2026-04-17 13:35:19,2026-04-17 20:52:59,False,False Positive,True,Analyst reviewed logs and confirmed activity with evidence archived.,HIGH,143,96
CSE-D,ALT-02805,ASSET-081,HIGH,Network Anomaly,2026-02-10 14:23:53,2026-02-10 14:44:17,2026-02-10 14:51:17,2026-02-10 18:42:40,2026-02-11 02:15:33,True,Escalated to Tier-2,True,Analyst reviewed logs and confirmed activity with evidence archived.,MEDIUM,168,174
CSE-B,ALT-02806,ASSET-080,HIGH,Unauthorized Access,2026-02-11 17:24:03,2026-02-11 17:39:59,2026-02-11 17:44:59,2026-02-11 18:15:22,2026-02-12 01:24:27,True,Benign True Positive,True,Alert correlated with threat intel; full timeline documented.,CRITICAL,189,108
CSE-A,ALT-02807,ASSET-023,HIGH,Privilege Escalation,2026-06-06 11:42:45,2026-06-06 12:12:47,2026-06-06 12:15:47,2026-06-06 16:55:42,2026-06-06 22:21:46,False,True Positive,True,Analyst investigation performed; packet capture and EDR evidence attached.,CRITICAL,93,106
CSE-D,ALT-02808,ASSET-039,CRITICAL,Malware,2026-02-18 13:08:06,2026-02-18 13:30:11,2026-02-18 13:40:11,2026-02-18 14:41:41,2026-02-18 19:15:37,False,True Positive,True,Investigation completed; evidence recorded and escalated per playbook.,HIGH,103,109
CSE-C,ALT-02809,ASSET-053,HIGH,Brute Force,2026-04-17 10:17:47,2026-04-17 10:57:52,2026-04-17 11:11:52,2026-04-17 11:26:04,2026-04-17 17:11:04,False,False Positive,True,Analyst reviewed logs and confirmed activity with evidence archived.,MEDIUM,155,38
CSE-A,ALT-02810,ASSET-003,MEDIUM,Phishing,2026-03-09 12:03:57,2026-03-09 12:31:17,2026-03-09 12:32:17,2026-03-09 13:19:53,2026-03-09 20:19:40,False,True Positive,True,Analyst reviewed logs and confirmed activity with evidence archived.,MEDIUM,163,148
CSE-D,ALT-02811,ASSET-041,MEDIUM,Brute Force,2026-02-23 14:16:50,2026-02-23 14:28:59,2026-02-23 14:37:59,2026-02-23 19:33:58,2026-02-23 20:10:48,False,Benign True Positive,True,Alert correlated with threat intel; full timeline documented.,CRITICAL,197,150
CSE-C,ALT-02812,ASSET-007,CRITICAL,Privilege Escalation,2026-01-20 09:27:02,2026-01-20 10:24:26,,,2026-01-20 09:30:42,False,Under Investigation,False,N/A,CRITICAL,164,21
CSE-D,ALT-02813,ASSET-013,LOW,Phishing,2026-03-02 09:03:48,2026-03-02 09:21:33,2026-03-02 09:41:33,2026-03-02 10:47:09,2026-03-02 21:23:34,False,Escalated to Tier-2,True,"Reviewed source IP, asset logs and correlated with previous alerts.",MEDIUM,189,164
CSE-B,ALT-02814,ASSET-014,MEDIUM,Unauthorized Access,2026-02-02 12:45:08,2026-02-02 14:00:35,2026-02-02 14:24:35,2026-02-02 14:59:42,2026-02-02 17:23:20,False,False Positive,True,Analyst investigation performed; packet capture and EDR evidence attached.,CRITICAL,124,63
CSE-D,ALT-02815,ASSET-088,HIGH,Data Exfiltration,2026-05-17 12:36:58,2026-05-17 12:59:37,2026-05-17 13:11:37,2026-05-17 14:26:03,2026-05-17 23:43:42,False,False Positive,True,Alert correlated with threat intel; full timeline documented.,MEDIUM,135,109
CSE-A,ALT-02816,ASSET-022,CRITICAL,Suspicious Login,2026-06-06 05:05:15,2026-06-06 05:15:00,2026-06-06 05:19:00,2026-06-06 07:41:46,2026-06-06 07:24:57,False,False Positive,True,"Reviewed source IP, asset logs and correlated with previous alerts.",CRITICAL,138,137
CSE-C,ALT-02817,ASSET-086,MEDIUM,Malware,2026-03-11 09:28:36,2026-03-11 09:45:42,2026-03-11 10:00:42,2026-03-11 10:24:13,2026-03-11 16:33:35,False,True Positive,True,Analyst reviewed logs and confirmed activity with evidence archived.,HIGH,112,20
CSE-B,ALT-02818,ASSET-090,HIGH,Unauthorized Access,2026-05-21 10:39:25,2026-05-21 11:08:49,2026-05-21 11:24:49,2026-05-21 11:31:02,2026-05-21 19:00:43,False,Benign True Positive,True,Analyst investigation performed; packet capture and EDR evidence attached.,MEDIUM,182,161
CSE-B,ALT-02819,ASSET-018,HIGH,Suspicious Login,2026-02-05 16:23:12,2026-02-05 17:26:07,2026-02-05 17:33:07,2026-02-05 19:18:39,2026-02-05 20:38:28,False,True Positive,True,Analyst reviewed logs and confirmed activity with evidence archived.,MEDIUM,194,182
CSE-C,ALT-02820,ASSET-094,HIGH,Malware,2026-03-13 13:49:44,2026-03-13 13:56:12,2026-03-13 14:03:12,2026-03-13 14:13:29,2026-03-13 14:17:34,False,False Positive,True,Analyst reviewed logs and confirmed activity with evidence archived.,CRITICAL,178,43
CSE-B,ALT-02821,ASSET-001,HIGH,Data Exfiltration,2026-06-11 14:06:53,2026-06-11 14:46:35,2026-06-11 14:54:35,2026-06-11 16:11:21,2026-06-11 17:18:11,False,False Positive,True,Investigation completed; evidence recorded and escalated per playbook.,MEDIUM,185,136
CSE-D,ALT-02822,ASSET-058,HIGH,Brute Force,2026-03-24 09:28:58,2026-03-24 09:44:25,2026-03-24 10:07:25,2026-03-24 10:22:31,2026-03-24 13:41:36,True,True Positive,True,Alert correlated with threat intel; full timeline documented.,HIGH,95,80
CSE-E,ALT-02823,ASSET-094,LOW,Suspicious Login,2026-03-14 11:12:27,2026-03-14 11:31:49,2026-03-14 11:48:49,2026-03-14 14:49:32,2026-03-14 12:02:09,False,False Positive,True,"Reviewed source IP, asset logs and correlated with previous alerts.",CRITICAL,82,48
CSE-D,ALT-02824,ASSET-099,MEDIUM,Malware,2026-06-02 12:06:10,2026-06-02 12:09:47,2026-06-02 12:21:47,2026-06-02 14:07:27,2026-06-02 13:14:28,False,False Positive,True,Analyst reviewed logs and confirmed activity with evidence archived.,CRITICAL,161,142
CSE-D,ALT-02825,ASSET-022,MEDIUM,Data Exfiltration,2026-01-13 17:21:55,2026-01-13 17:42:03,2026-01-13 18:01:03,2026-01-13 18:21:13,2026-01-13 20:10:04,True,Benign True Positive,True,Investigation completed; evidence recorded and escalated per playbook.,CRITICAL,156,146
CSE-C,ALT-02826,ASSET-071,MEDIUM,Data Exfiltration,2026-03-27 23:35:51,2026-03-28 00:24:33,2026-03-28 00:31:33,2026-03-28 00:39:00,2026-03-28 02:42:44,False,False Positive,True,Analyst reviewed logs and confirmed activity with evidence archived.,CRITICAL,173,58
CSE-A,ALT-02827,ASSET-075,CRITICAL,Network Anomaly,2026-05-17 10:48:50,2026-05-17 11:01:53,2026-05-17 11:19:53,2026-05-17 14:22:02,2026-05-17 20:25:25,False,False Positive,True,Investigation completed; evidence recorded and escalated per playbook.,HIGH,166,127
CSE-A,ALT-02828,ASSET-057,LOW,Brute Force,2026-02-17 17:42:26,2026-02-17 17:56:28,2026-02-17 18:15:28,2026-02-17 22:24:12,2026-02-18 04:32:45,False,True Positive,True,Investigation completed; evidence recorded and escalated per playbook.,CRITICAL,154,161
CSE-D,ALT-02829,ASSET-089,HIGH,Network Anomaly,2026-03-05 14:52:39,2026-03-05 15:16:30,2026-03-05 15:17:30,2026-03-05 16:26:39,2026-03-06 02:33:06,False,True Positive,True,Investigation completed; evidence recorded and escalated per playbook.,CRITICAL,177,148
CSE-E,ALT-02830,ASSET-098,LOW,Network Anomaly,2026-05-19 14:33:40,2026-05-19 15:40:44,2026-05-19 16:02:44,2026-05-19 16:55:35,2026-05-19 21:53:27,False,Under Investigation,True,Analyst investigation performed; packet capture and EDR evidence attached.,MEDIUM,194,97
CSE-C,ALT-02831,ASSET-029,HIGH,Network Anomaly,2026-01-14 10:30:38,2026-01-14 11:22:43,,,2026-01-14 18:04:41,False,Benign True Positive,False,N/A,HIGH,118,63
CSE-B,ALT-02832,ASSET-070,CRITICAL,Network Anomaly,2026-02-15 09:11:21,2026-02-15 10:36:26,2026-02-15 10:54:26,2026-02-15 13:19:07,2026-02-15 12:59:08,False,Benign True Positive,True,Alert correlated with threat intel; full timeline documented.,CRITICAL,86,56
CSE-A,ALT-02833,ASSET-040,HIGH,Privilege Escalation,2026-06-06 10:57:39,2026-06-06 11:04:25,2026-06-06 11:15:25,2026-06-06 14:21:32,2026-06-06 15:19:39,False,False Positive,True,Alert correlated with threat intel; full timeline documented.,HIGH,115,93
CSE-D,ALT-02834,ASSET-050,LOW,Malware,2026-01-01 09:59:56,2026-01-01 10:05:48,2026-01-01 10:19:48,2026-01-01 12:41:23,2026-01-01 14:11:05,False,True Positive,True,"Reviewed source IP, asset logs and correlated with previous alerts.",HIGH,113,127
CSE-C,ALT-02835,ASSET-052,CRITICAL,Brute Force,2026-06-14 17:32:41,2026-06-14 18:16:02,,,2026-06-14 23:42:09,False,Escalated to Tier-2,False,,HIGH,95,45
CSE-C,ALT-02836,ASSET-079,HIGH,Phishing,2026-05-17 06:59:01,2026-05-17 07:18:40,2026-05-17 07:35:40,2026-05-17 07:39:18,2026-05-17 07:55:40,False,False Positive,True,Analyst reviewed logs and confirmed activity with evidence archived.,HIGH,167,54
CSE-B,ALT-02837,ASSET-074,LOW,Data Exfiltration,2026-01-22 11:52:24,2026-01-22 12:46:42,2026-01-22 13:09:42,2026-01-22 14:15:27,2026-01-22 20:54:04,True,False Positive,True,Analyst reviewed logs and confirmed activity with evidence archived.,HIGH,180,122
CSE-A,ALT-02838,ASSET-064,CRITICAL,Network Anomaly,2026-01-29 10:47:28,2026-01-29 11:08:52,2026-01-29 11:09:52,2026-01-29 14:11:30,2026-01-29 12:20:26,False,True Positive,True,"Reviewed source IP, asset logs and correlated with previous alerts.",CRITICAL,168,150
CSE-B,ALT-02839,ASSET-019,MEDIUM,Brute Force,2026-05-15 16:25:24,2026-05-15 17:12:40,,,2026-05-15 22:04:38,False,False Positive,False,,MEDIUM,175,135
CSE-A,ALT-02840,ASSET-032,CRITICAL,Unauthorized Access,2026-06-30 13:04:11,2026-06-30 13:07:16,2026-06-30 13:09:16,2026-06-30 15:15:17,2026-06-30 22:49:23,False,False Positive,True,Alert correlated with threat intel; full timeline documented.,CRITICAL,122,133
CSE-A,ALT-02841,ASSET-056,CRITICAL,Brute Force,2026-02-12 16:54:26,2026-02-12 17:00:22,2026-02-12 17:04:22,2026-02-12 21:58:23,2026-02-12 22:17:41,True,False Positive,True,Alert correlated with threat intel; full timeline documented.,MEDIUM,82,68
CSE-B,ALT-02842,ASSET-086,LOW,Privilege Escalation,2026-06-05 16:01:20,2026-06-05 17:09:25,2026-06-05 17:18:25,2026-06-05 18:40:20,2026-06-06 02:57:44,False,False Positive,True,Investigation completed; evidence recorded and escalated per playbook.,MEDIUM,160,94
CSE-A,ALT-02843,ASSET-022,HIGH,Malware,2026-01-18 22:30:45,2026-01-18 22:40:46,2026-01-18 22:59:46,2026-01-18 23:25:07,2026-01-19 10:26:05,False,False Positive,True,Investigation completed; evidence recorded and escalated per playbook.,HIGH,198,170
CSE-D,ALT-02844,ASSET-024,MEDIUM,Network Anomaly,2026-02-25 22:58:03,2026-02-25 23:15:00,2026-02-25 23:39:00,2026-02-26 03:19:31,2026-02-26 12:13:09,False,Benign True Positive,True,Investigation completed; evidence recorded and escalated per playbook.,CRITICAL,187,160
CSE-D,ALT-02845,ASSET-029,MEDIUM,Network Anomaly,2026-01-03 14:55:50,2026-01-03 15:14:54,2026-01-03 15:19:54,2026-01-03 17:57:17,2026-01-04 05:49:24,False,True Positive,True,Analyst reviewed logs and confirmed activity with evidence archived.,HIGH,166,172
CSE-E,ALT-02846,ASSET-023,CRITICAL,Brute Force,2026-05-26 11:29:29,2026-05-26 11:50:17,,,2026-05-26 11:31:51,False,False Positive,False,Closed quickly — no notes.,CRITICAL,199,92
CSE-B,ALT-02847,ASSET-071,LOW,Unauthorized Access,2026-01-26 13:26:08,2026-01-26 14:29:06,,,2026-01-26 16:23:48,False,Escalated to Tier-2,False,,CRITICAL,121,94
CSE-A,ALT-02848,ASSET-044,CRITICAL,Privilege Escalation,2026-06-25 13:42:53,2026-06-25 14:12:39,2026-06-25 14:36:39,2026-06-25 17:29:40,2026-06-25 21:18:53,True,Under Investigation,True,Alert correlated with threat intel; full timeline documented.,HIGH,108,94
CSE-B,ALT-02849,ASSET-076,LOW,Network Anomaly,2026-03-28 10:49:49,2026-03-28 12:00:05,2026-03-28 12:08:05,2026-03-28 13:13:29,2026-03-28 15:04:12,False,Under Investigation,True,Investigation completed; evidence recorded and escalated per playbook.,HIGH,163,153
CSE-A,ALT-02850,ASSET-011,MEDIUM,Data Exfiltration,2026-06-16 09:48:13,2026-06-16 09:54:23,2026-06-16 10:19:23,2026-06-16 15:17:08,2026-06-16 11:26:52,True,False Positive,True,Analyst investigation performed; packet capture and EDR evidence attached.,MEDIUM,185,196
CSE-C,ALT-02851,ASSET-084,HIGH,Brute Force,2026-02-04 12:33:06,2026-02-04 12:45:12,,,2026-02-04 20:39:56,False,True Positive,False,,CRITICAL,163,72
CSE-C,ALT-02852,ASSET-089,CRITICAL,Privilege Escalation,2026-06-11 17:04:57,2026-06-11 17:33:44,,,2026-06-11 17:07:23,False,False Positive,False,,MEDIUM,105,42
CSE-C,ALT-02853,ASSET-028,HIGH,Suspicious Login,2026-02-23 01:36:59,2026-02-23 01:46:10,2026-02-23 01:52:10,2026-02-23 01:58:24,2026-02-23 02:52:35,False,False Positive,True,Alert correlated with threat intel; full timeline documented.,MEDIUM,114,49
CSE-A,ALT-02854,ASSET-008,LOW,Network Anomaly,2026-06-10 10:07:04,2026-06-10 10:11:24,2026-06-10 10:31:24,2026-06-10 12:08:52,2026-06-10 21:27:23,False,True Positive,True,Analyst reviewed logs and confirmed activity with evidence archived.,HIGH,140,125
CSE-B,ALT-02855,ASSET-006,CRITICAL,Brute Force,2026-01-24 13:11:04,2026-01-24 13:21:08,2026-01-24 13:25:08,2026-01-24 13:37:51,2026-01-24 14:41:00,False,Benign True Positive,True,Investigation completed; evidence recorded and escalated per playbook.,CRITICAL,169,156
CSE-D,ALT-02856,ASSET-077,LOW,Brute Force,2026-01-06 15:06:13,2026-01-06 15:23:56,2026-01-06 15:28:56,2026-01-06 19:39:45,2026-01-06 20:19:48,False,True Positive,True,Analyst investigation performed; packet capture and EDR evidence attached.,CRITICAL,123,124
CSE-C,ALT-02857,ASSET-055,CRITICAL,Malware,2026-05-06 13:58:38,2026-05-06 14:52:24,,,2026-05-06 14:02:58,False,False Positive,False,N/A,CRITICAL,173,77
CSE-B,ALT-02858,ASSET-019,HIGH,Phishing,2026-05-29 10:07:04,2026-05-29 11:03:06,2026-05-29 11:12:06,2026-05-29 14:10:57,2026-05-29 20:50:49,False,False Positive,True,Alert correlated with threat intel; full timeline documented.,CRITICAL,138,118
CSE-E,ALT-02859,ASSET-034,LOW,Phishing,2026-04-27 22:47:50,2026-04-27 23:31:24,2026-04-27 23:43:24,2026-04-28 02:38:49,2026-04-28 05:13:43,False,True Positive,True,Analyst investigation performed; packet capture and EDR evidence attached.,CRITICAL,164,108
CSE-E,ALT-02860,ASSET-085,CRITICAL,Suspicious Login,2026-04-08 17:11:04,2026-04-08 17:44:16,,,2026-04-09 03:16:24,False,Under Investigation,False,,HIGH,103,59
CSE-C,ALT-02861,ASSET-086,HIGH,Privilege Escalation,2026-06-13 11:26:46,2026-06-13 12:04:35,2026-06-13 12:11:35,2026-06-13 12:27:46,2026-06-13 19:26:01,False,Benign True Positive,True,Analyst reviewed logs and confirmed activity with evidence archived.,CRITICAL,169,92
CSE-E,ALT-02862,ASSET-066,CRITICAL,Data Exfiltration,2026-03-07 15:44:10,2026-03-07 15:55:55,2026-03-07 16:02:55,2026-03-07 18:32:02,2026-03-07 15:46:45,False,Under Investigation,True,Analyst investigation performed; packet capture and EDR evidence attached.,CRITICAL,152,67
CSE-E,ALT-02863,ASSET-099,MEDIUM,Privilege Escalation,2026-03-28 09:37:25,2026-03-28 10:47:32,2026-03-28 11:09:32,2026-03-28 11:36:48,2026-03-28 13:29:01,False,False Positive,True,Alert correlated with threat intel; full timeline documented.,MEDIUM,174,91
CSE-D,ALT-02864,ASSET-078,LOW,Network Anomaly,2026-02-15 17:37:53,2026-02-15 17:43:50,2026-02-15 17:55:50,2026-02-15 21:40:45,2026-02-15 20:09:35,False,True Positive,True,Investigation completed; evidence recorded and escalated per playbook.,HIGH,106,100
CSE-C,ALT-02865,ASSET-027,CRITICAL,Data Exfiltration,2026-03-04 14:29:20,2026-03-04 14:48:41,,,2026-03-04 14:31:28,False,Under Investigation,False,N/A,CRITICAL,135,64
CSE-A,ALT-02866,ASSET-076,MEDIUM,Data Exfiltration,2026-01-07 23:56:09,2026-01-08 00:19:08,2026-01-08 00:42:08,2026-01-08 01:17:18,2026-01-08 02:14:59,False,False Positive,True,Investigation completed; evidence recorded and escalated per playbook.,HIGH,184,194
CSE-D,ALT-02867,ASSET-089,LOW,Data Exfiltration,2026-06-28 11:48:24,2026-06-28 12:12:50,2026-06-28 12:14:50,2026-06-28 12:39:32,2026-06-28 23:25:32,False,True Positive,True,Analyst reviewed logs and confirmed activity with evidence archived.,MEDIUM,154,149
CSE-C,ALT-02868,ASSET-056,MEDIUM,Privilege Escalation,2026-06-01 10:58:09,2026-06-01 11:04:22,2026-06-01 11:11:22,2026-06-01 11:14:29,2026-06-01 14:17:36,False,Escalated to Tier-2,True,"Reviewed source IP, asset logs and correlated with previous alerts.",MEDIUM,139,38
CSE-D,ALT-02869,ASSET-043,CRITICAL,Network Anomaly,2026-06-12 16:25:19,2026-06-12 16:36:20,2026-06-12 16:39:20,2026-06-12 19:11:52,2026-06-12 18:51:59,False,Escalated to Tier-2,True,"Reviewed source IP, asset logs and correlated with previous alerts.",MEDIUM,143,119
CSE-C,ALT-02870,ASSET-067,HIGH,Data Exfiltration,2026-02-11 14:32:56,2026-02-11 15:26:18,2026-02-11 15:31:18,2026-02-11 15:46:10,2026-02-11 18:12:09,False,Benign True Positive,True,Analyst investigation performed; packet capture and EDR evidence attached.,MEDIUM,183,52
CSE-B,ALT-02871,ASSET-002,HIGH,Phishing,2026-05-29 11:33:50,2026-05-29 12:47:30,,,2026-05-29 20:14:26,False,False Positive,False,N/A,CRITICAL,172,138
CSE-B,ALT-02872,ASSET-084,MEDIUM,Phishing,2026-03-21 09:32:20,2026-03-21 10:00:02,2026-03-21 10:14:02,2026-03-21 10:45:18,2026-03-21 17:52:55,False,Escalated to Tier-2,True,Analyst reviewed logs and confirmed activity with evidence archived.,HIGH,187,152
CSE-C,ALT-02873,ASSET-001,MEDIUM,Malware,2026-01-12 22:29:56,2026-01-12 23:23:36,,,2026-01-13 01:17:17,False,Escalated to Tier-2,False,,MEDIUM,146,50
CSE-E,ALT-02874,ASSET-038,LOW,Network Anomaly,2026-05-24 10:25:03,2026-05-24 11:03:35,2026-05-24 11:07:35,2026-05-24 12:42:24,2026-05-24 11:54:22,False,False Positive,True,Analyst investigation performed; packet capture and EDR evidence attached.,HIGH,184,126
CSE-A,ALT-02875,ASSET-052,HIGH,Phishing,2026-05-08 08:53:00,2026-05-08 09:16:32,2026-05-08 09:33:32,2026-05-08 13:46:03,2026-05-08 15:59:26,False,True Positive,True,Analyst investigation performed; packet capture and EDR evidence attached.,HIGH,186,153
CSE-A,ALT-02876,ASSET-080,LOW,Data Exfiltration,2026-04-27 09:34:40,2026-04-27 09:39:05,2026-04-27 09:49:05,2026-04-27 10:11:24,2026-04-27 17:17:49,False,True Positive,True,Alert correlated with threat intel; full timeline documented.,MEDIUM,199,191
CSE-E,ALT-02877,ASSET-053,CRITICAL,Brute Force,2026-03-22 12:10:49,2026-03-22 14:09:21,2026-03-22 14:24:21,2026-03-22 16:06:52,2026-03-22 21:57:42,True,False Positive,True,Alert correlated with threat intel; full timeline documented.,MEDIUM,182,123
CSE-B,ALT-02878,ASSET-064,MEDIUM,Brute Force,2026-04-07 15:46:04,2026-04-07 17:14:49,2026-04-07 17:27:49,2026-04-07 19:45:12,2026-04-08 00:05:45,True,True Positive,True,Analyst investigation performed; packet capture and EDR evidence attached.,CRITICAL,196,134
CSE-B,ALT-02879,ASSET-074,HIGH,Data Exfiltration,2026-03-11 12:28:11,2026-03-11 13:14:16,2026-03-11 13:17:16,2026-03-11 13:28:26,2026-03-11 22:39:28,False,Under Investigation,True,Analyst investigation performed; packet capture and EDR evidence attached.,MEDIUM,87,52
CSE-A,ALT-02880,ASSET-017,CRITICAL,Suspicious Login,2026-01-12 22:04:29,2026-01-12 22:31:48,2026-01-12 22:54:48,2026-01-12 23:57:08,2026-01-13 00:55:25,False,True Positive,True,Alert correlated with threat intel; full timeline documented.,CRITICAL,103,100
CSE-C,ALT-02881,ASSET-083,HIGH,Suspicious Login,2026-03-09 16:18:47,2026-03-09 16:20:19,,,2026-03-09 20:55:21,False,Under Investigation,False,N/A,MEDIUM,147,30
CSE-D,ALT-02882,ASSET-085,LOW,Suspicious Login,2026-03-26 14:17:43,2026-03-26 14:33:46,,,2026-03-27 02:13:42,True,True Positive,False,Closed quickly — no notes.,CRITICAL,131,125
CSE-B,ALT-02883,ASSET-053,LOW,Malware,2026-05-04 05:56:36,2026-05-04 06:59:45,2026-05-04 07:24:45,2026-05-04 08:30:29,2026-05-04 16:25:26,False,True Positive,True,Analyst reviewed logs and confirmed activity with evidence archived.,MEDIUM,131,81
CSE-C,ALT-02884,ASSET-042,HIGH,Network Anomaly,2026-04-03 01:35:35,2026-04-03 01:48:11,,,2026-04-03 08:00:23,False,Under Investigation,False,,HIGH,199,68
CSE-B,ALT-02885,ASSET-087,MEDIUM,Phishing,2026-01-01 05:14:28,2026-01-01 06:25:40,2026-01-01 06:30:40,2026-01-01 09:24:04,2026-01-01 11:38:19,False,True Positive,True,Analyst investigation performed; packet capture and EDR evidence attached.,MEDIUM,187,146
CSE-C,ALT-02886,ASSET-017,HIGH,Brute Force,2026-03-30 17:22:40,2026-03-30 18:01:50,2026-03-30 18:22:50,2026-03-30 18:25:43,2026-03-30 18:32:47,False,Under Investigation,True,Alert correlated with threat intel; full timeline documented.,CRITICAL,156,30
CSE-A,ALT-02887,ASSET-020,CRITICAL,Suspicious Login,2026-06-02 09:08:26,2026-06-02 09:30:56,2026-06-02 09:48:56,2026-06-02 11:15:36,2026-06-02 21:02:16,True,Benign True Positive,True,Investigation completed; evidence recorded and escalated per playbook.,CRITICAL,96,85
CSE-D,ALT-02888,ASSET-099,MEDIUM,Data Exfiltration,2026-03-23 07:24:49,2026-03-23 07:32:34,2026-03-23 07:40:34,2026-03-23 09:21:05,2026-03-23 12:22:53,False,True Positive,True,"Reviewed source IP, asset logs and correlated with previous alerts.",MEDIUM,188,148
CSE-E,ALT-02889,ASSET-065,MEDIUM,Brute Force,2026-03-07 19:56:41,2026-03-07 21:17:58,2026-03-07 21:39:58,2026-03-07 22:27:40,2026-03-08 01:22:41,False,True Positive,True,"Reviewed source IP, asset logs and correlated with previous alerts.",MEDIUM,147,92
CSE-A,ALT-02890,ASSET-088,MEDIUM,Network Anomaly,2026-01-21 10:36:49,2026-01-21 10:55:14,2026-01-21 10:59:14,2026-01-21 13:16:55,2026-01-21 19:17:13,False,True Positive,True,"Reviewed source IP, asset logs and correlated with previous alerts.",MEDIUM,90,92
CSE-C,ALT-02891,ASSET-064,MEDIUM,Phishing,2026-04-25 17:09:01,2026-04-25 17:55:04,,,2026-04-25 23:28:02,False,Under Investigation,False,N/A,MEDIUM,188,37
CSE-C,ALT-02892,ASSET-035,MEDIUM,Network Anomaly,2026-02-21 17:23:16,2026-02-21 17:57:11,,,2026-02-21 18:43:44,False,Escalated to Tier-2,False,N/A,MEDIUM,108,41
CSE-D,ALT-02893,ASSET-063,MEDIUM,Data Exfiltration,2026-01-01 16:45:31,2026-01-01 16:54:58,2026-01-01 17:07:58,2026-01-01 21:30:46,2026-01-02 02:34:20,False,False Positive,True,Investigation completed; evidence recorded and escalated per playbook.,MEDIUM,173,175
CSE-D,ALT-02894,ASSET-038,LOW,Data Exfiltration,2026-03-01 12:47:32,2026-03-01 12:56:03,2026-03-01 13:15:03,2026-03-01 13:49:14,2026-03-01 23:02:49,False,Benign True Positive,True,"Reviewed source IP, asset logs and correlated with previous alerts.",MEDIUM,87,80
CSE-C,ALT-02895,ASSET-078,MEDIUM,Network Anomaly,2026-04-08 20:53:10,2026-04-08 21:23:57,,,2026-04-08 23:02:44,False,True Positive,False,,HIGH,109,19
CSE-E,ALT-02896,ASSET-089,LOW,Privilege Escalation,2026-02-10 11:16:48,2026-02-10 12:20:08,2026-02-10 12:35:08,2026-02-10 13:43:05,2026-02-10 15:19:11,True,Under Investigation,True,Alert correlated with threat intel; full timeline documented.,MEDIUM,75,37
CSE-C,ALT-02897,ASSET-089,MEDIUM,Privilege Escalation,2026-06-27 16:50:55,2026-06-27 17:10:25,2026-06-27 17:14:25,2026-06-27 17:18:21,2026-06-27 21:23:10,False,False Positive,True,Alert correlated with threat intel; full timeline documented.,HIGH,167,80
CSE-A,ALT-02898,ASSET-097,LOW,Network Anomaly,2026-02-01 17:19:40,2026-02-01 17:37:13,2026-02-01 18:01:13,2026-02-01 22:39:16,2026-02-01 18:41:04,True,True Positive,True,"Reviewed source IP, asset logs and correlated with previous alerts.",HIGH,97,85
CSE-A,ALT-02899,ASSET-008,LOW,Malware,2026-05-24 14:09:07,2026-05-24 14:39:41,2026-05-24 14:43:41,2026-05-24 17:42:26,2026-05-24 15:43:32,True,Benign True Positive,True,Investigation completed; evidence recorded and escalated per playbook.,MEDIUM,109,96
CSE-B,ALT-02900,ASSET-094,LOW,Phishing,2026-02-22 13:15:28,2026-02-22 13:48:34,2026-02-22 14:11:34,2026-02-22 16:42:57,2026-02-22 18:56:09,False,Benign True Positive,True,Analyst reviewed logs and confirmed activity with evidence archived.,HIGH,197,167
CSE-E,ALT-02901,ASSET-070,MEDIUM,Suspicious Login,2026-06-27 11:16:55,2026-06-27 13:08:25,2026-06-27 13:28:25,2026-06-27 16:04:34,2026-06-27 17:34:21,False,Benign True Positive,True,Analyst investigation performed; packet capture and EDR evidence attached.,HIGH,94,66
CSE-B,ALT-02902,ASSET-084,CRITICAL,Unauthorized Access,2026-04-28 12:21:58,2026-04-28 12:32:47,2026-04-28 12:35:47,2026-04-28 14:20:24,2026-04-28 17:26:21,False,True Positive,True,Analyst reviewed logs and confirmed activity with evidence archived.,HIGH,174,153
CSE-C,ALT-02903,ASSET-095,MEDIUM,Brute Force,2026-01-31 10:23:02,2026-01-31 10:30:23,2026-01-31 10:36:23,2026-01-31 10:53:12,2026-01-31 13:35:44,False,False Positive,True,"Reviewed source IP, asset logs and correlated with previous alerts.",CRITICAL,154,70
CSE-D,ALT-02904,ASSET-022,HIGH,Phishing,2026-02-14 00:33:08,2026-02-14 00:40:49,2026-02-14 00:46:49,2026-02-14 05:10:33,2026-02-14 04:22:56,False,Under Investigation,True,Investigation completed; evidence recorded and escalated per playbook.,HIGH,173,193
CSE-B,ALT-02905,ASSET-047,HIGH,Brute Force,2026-06-29 13:54:04,2026-06-29 14:48:28,,,2026-06-30 00:33:38,False,False Positive,False,,MEDIUM,182,111
CSE-D,ALT-02906,ASSET-089,HIGH,Phishing,2026-04-15 12:13:44,2026-04-15 12:25:09,2026-04-15 12:36:09,2026-04-15 16:36:27,2026-04-15 23:53:33,False,True Positive,True,Analyst reviewed logs and confirmed activity with evidence archived.,HIGH,135,143
CSE-E,ALT-02907,ASSET-077,MEDIUM,Unauthorized Access,2026-06-27 15:50:50,2026-06-27 16:16:29,2026-06-27 16:19:29,2026-06-27 18:31:59,2026-06-27 23:20:18,True,True Positive,True,"Reviewed source IP, asset logs and correlated with previous alerts.",CRITICAL,86,36
CSE-A,ALT-02908,ASSET-063,CRITICAL,Network Anomaly,2026-05-19 10:59:53,2026-05-19 11:18:46,,,2026-05-19 20:12:26,True,False Positive,False,N/A,CRITICAL,196,159
CSE-A,ALT-02909,ASSET-021,LOW,Brute Force,2026-06-09 11:33:10,2026-06-09 11:51:05,2026-06-09 12:01:05,2026-06-09 15:25:21,2026-06-09 17:26:54,False,False Positive,True,Investigation completed; evidence recorded and escalated per playbook.,HIGH,196,184
CSE-B,ALT-02910,ASSET-017,HIGH,Network Anomaly,2026-06-23 16:50:59,2026-06-23 17:05:28,2026-06-23 17:19:28,2026-06-23 19:05:03,2026-06-24 01:16:04,False,Benign True Positive,True,Alert correlated with threat intel; full timeline documented.,MEDIUM,166,101
CSE-D,ALT-02911,ASSET-073,MEDIUM,Suspicious Login,2026-02-18 10:27:52,2026-02-18 10:47:00,2026-02-18 11:11:00,2026-02-18 13:10:58,2026-02-18 21:04:31,False,Under Investigation,True,Analyst reviewed logs and confirmed activity with evidence archived.,CRITICAL,88,69
CSE-B,ALT-02912,ASSET-026,LOW,Suspicious Login,2026-04-14 10:54:23,2026-04-14 11:54:53,2026-04-14 12:00:53,2026-04-14 13:45:03,2026-04-14 17:57:41,False,True Positive,True,"Reviewed source IP, asset logs and correlated with previous alerts.",CRITICAL,177,109
CSE-C,ALT-02913,ASSET-034,HIGH,Network Anomaly,2026-06-22 12:08:56,2026-06-22 13:08:28,2026-06-22 13:32:28,2026-06-22 14:02:34,2026-06-22 16:30:24,False,True Positive,True,"Reviewed source IP, asset logs and correlated with previous alerts.",CRITICAL,95,29
CSE-E,ALT-02914,ASSET-022,CRITICAL,Brute Force,2026-02-09 15:46:42,2026-02-09 16:45:09,,,2026-02-09 20:41:10,True,True Positive,False,N/A,CRITICAL,125,102
CSE-C,ALT-02915,ASSET-073,CRITICAL,Network Anomaly,2026-04-17 23:17:34,2026-04-18 00:09:50,,,2026-04-18 01:22:35,False,Benign True Positive,False,Closed quickly — no notes.,HIGH,102,35
CSE-A,ALT-02916,ASSET-038,MEDIUM,Malware,2026-05-11 13:38:39,2026-05-11 14:04:06,2026-05-11 14:21:06,2026-05-11 17:28:11,2026-05-11 19:17:08,False,False Positive,True,Analyst investigation performed; packet capture and EDR evidence attached.,MEDIUM,124,124
CSE-B,ALT-02917,ASSET-094,MEDIUM,Malware,2026-01-26 16:52:23,2026-01-26 17:19:58,2026-01-26 17:39:58,2026-01-26 20:23:28,2026-01-26 20:12:53,False,False Positive,True,"Reviewed source IP, asset logs and correlated with previous alerts.",MEDIUM,152,83
CSE-C,ALT-02918,ASSET-032,MEDIUM,Brute Force,2026-06-19 12:09:30,2026-06-19 12:20:53,2026-06-19 12:30:53,2026-06-19 12:54:42,2026-06-19 19:35:16,False,Under Investigation,True,Analyst investigation performed; packet capture and EDR evidence attached.,MEDIUM,147,55
CSE-B,ALT-02919,ASSET-026,HIGH,Unauthorized Access,2026-05-01 05:04:15,2026-05-01 06:28:39,2026-05-01 06:44:39,2026-05-01 09:02:51,2026-05-01 07:10:07,False,True Positive,True,Analyst investigation performed; packet capture and EDR evidence attached.,HIGH,172,124
CSE-D,ALT-02920,ASSET-037,MEDIUM,Phishing,2026-01-04 09:39:29,2026-01-04 09:47:58,2026-01-04 09:53:58,2026-01-04 11:06:29,2026-01-04 15:28:32,True,False Positive,True,Alert correlated with threat intel; full timeline documented.,HIGH,178,158
CSE-A,ALT-02921,ASSET-023,MEDIUM,Suspicious Login,2026-06-02 15:10:24,2026-06-02 15:22:25,2026-06-02 15:33:25,2026-06-02 20:15:42,2026-06-02 21:14:29,False,True Positive,True,Analyst investigation performed; packet capture and EDR evidence attached.,MEDIUM,148,122
CSE-D,ALT-02922,ASSET-095,CRITICAL,Suspicious Login,2026-02-04 07:59:22,2026-02-04 08:03:27,2026-02-04 08:28:27,2026-02-04 11:17:23,2026-02-04 12:16:53,False,Escalated to Tier-2,True,Analyst investigation performed; packet capture and EDR evidence attached.,CRITICAL,130,143
CSE-A,ALT-02923,ASSET-051,MEDIUM,Phishing,2026-02-28 10:47:31,2026-02-28 11:01:09,2026-02-28 11:16:09,2026-02-28 12:53:36,2026-02-28 12:20:43,False,True Positive,True,Analyst reviewed logs and confirmed activity with evidence archived.,CRITICAL,162,124
CSE-D,ALT-02924,ASSET-076,MEDIUM,Unauthorized Access,2026-01-27 14:23:21,2026-01-27 14:26:54,2026-01-27 14:46:54,2026-01-27 19:11:17,2026-01-28 00:04:46,False,Under Investigation,True,Investigation completed; evidence recorded and escalated per playbook.,HIGH,141,157
CSE-A,ALT-02925,ASSET-024,MEDIUM,Unauthorized Access,2026-05-12 15:54:21,2026-05-12 15:58:27,2026-05-12 16:23:27,2026-05-12 20:58:02,2026-05-12 21:36:08,False,False Positive,True,Alert correlated with threat intel; full timeline documented.,CRITICAL,161,149
CSE-C,ALT-02926,ASSET-025,HIGH,Network Anomaly,2026-03-15 23:16:29,2026-03-15 23:18:54,2026-03-15 23:43:54,2026-03-16 00:06:44,2026-03-16 05:56:15,False,Under Investigation,True,Investigation completed; evidence recorded and escalated per playbook.,HIGH,191,52
CSE-C,ALT-02927,ASSET-011,MEDIUM,Data Exfiltration,2026-02-12 12:27:19,2026-02-12 12:33:23,,,2026-02-12 16:31:46,False,Under Investigation,False,Closed quickly — no notes.,MEDIUM,134,63
CSE-B,ALT-02928,ASSET-093,HIGH,Brute Force,2026-05-19 15:16:08,2026-05-19 16:18:59,2026-05-19 16:19:59,2026-05-19 16:36:34,2026-05-19 21:09:24,False,True Positive,True,Investigation completed; evidence recorded and escalated per playbook.,MEDIUM,141,131
CSE-A,ALT-02929,ASSET-084,MEDIUM,Unauthorized Access,2026-06-12 12:25:55,2026-06-12 12:33:10,2026-06-12 12:44:10,2026-06-12 17:34:23,2026-06-12 22:11:22,False,True Positive,True,Analyst investigation performed; packet capture and EDR evidence attached.,CRITICAL,154,125
CSE-C,ALT-02930,ASSET-058,LOW,Privilege Escalation,2026-05-28 17:33:51,2026-05-28 18:34:31,2026-05-28 18:35:31,2026-05-28 19:02:56,2026-05-28 22:36:51,False,Under Investigation,True,Alert correlated with threat intel; full timeline documented.,MEDIUM,188,30
CSE-A,ALT-02931,ASSET-019,CRITICAL,Brute Force,2026-01-01 12:30:57,2026-01-01 12:38:44,,,2026-01-01 12:35:47,False,False Positive,False,N/A,MEDIUM,179,155
CSE-B,ALT-02932,ASSET-075,LOW,Phishing,2026-02-11 10:27:09,2026-02-11 10:50:01,,,2026-02-11 17:30:13,False,False Positive,False,,MEDIUM,110,99
CSE-E,ALT-02933,ASSET-061,MEDIUM,Unauthorized Access,2026-04-11 12:49:10,2026-04-11 13:30:18,2026-04-11 13:37:18,2026-04-11 14:36:51,2026-04-11 15:48:10,False,Under Investigation,True,Analyst reviewed logs and confirmed activity with evidence archived.,MEDIUM,81,42
CSE-C,ALT-02934,ASSET-026,HIGH,Malware,2026-05-19 15:24:16,2026-05-19 16:01:23,,,2026-05-19 16:25:52,False,Escalated to Tier-2,False,Closed quickly — no notes.,CRITICAL,106,54
CSE-A,ALT-02935,ASSET-036,LOW,Data Exfiltration,2026-03-11 15:26:11,2026-03-11 15:32:04,2026-03-11 15:35:04,2026-03-11 16:05:57,2026-03-12 00:00:26,True,True Positive,True,"Reviewed source IP, asset logs and correlated with previous alerts.",HIGH,174,156
CSE-E,ALT-02936,ASSET-090,MEDIUM,Suspicious Login,2026-02-18 16:44:43,2026-02-18 18:41:39,2026-02-18 19:02:39,2026-02-18 19:41:07,2026-02-19 01:48:41,False,False Positive,True,Analyst investigation performed; packet capture and EDR evidence attached.,HIGH,175,93
CSE-C,ALT-02937,ASSET-044,LOW,Malware,2026-01-18 10:22:16,2026-01-18 11:22:59,,,2026-01-18 14:41:07,False,Escalated to Tier-2,False,N/A,HIGH,120,58
CSE-E,ALT-02938,ASSET-034,HIGH,Phishing,2026-05-26 09:59:21,2026-05-26 11:46:00,,,2026-05-26 18:20:43,False,Benign True Positive,False,Closed quickly — no notes.,HIGH,88,34
CSE-B,ALT-02939,ASSET-053,MEDIUM,Network Anomaly,2026-01-01 10:14:15,2026-01-01 11:40:42,2026-01-01 11:50:42,2026-01-01 12:28:46,2026-01-01 13:52:33,False,True Positive,True,"Reviewed source IP, asset logs and correlated with previous alerts.",HIGH,190,127
CSE-A,ALT-02940,ASSET-024,LOW,Phishing,2026-05-22 14:06:11,2026-05-22 14:19:54,,,2026-05-22 22:28:39,False,Under Investigation,False,N/A,CRITICAL,87,99
CSE-C,ALT-02941,ASSET-083,MEDIUM,Phishing,2026-01-25 09:18:22,2026-01-25 10:14:46,,,2026-01-25 16:48:55,False,Under Investigation,False,N/A,HIGH,163,79
CSE-A,ALT-02942,ASSET-047,LOW,Phishing,2026-06-23 17:24:09,2026-06-23 17:48:24,2026-06-23 18:05:24,2026-06-23 19:56:59,2026-06-24 05:49:20,False,False Positive,True,Analyst investigation performed; packet capture and EDR evidence attached.,HIGH,86,75
CSE-A,ALT-02943,ASSET-030,CRITICAL,Data Exfiltration,2026-06-28 16:37:25,2026-06-28 16:43:54,2026-06-28 16:49:54,2026-06-28 20:10:15,2026-06-29 01:20:47,False,True Positive,True,"Reviewed source IP, asset logs and correlated with previous alerts.",CRITICAL,177,179
CSE-C,ALT-02944,ASSET-053,CRITICAL,Data Exfiltration,2026-03-19 16:46:15,2026-03-19 17:45:02,,,2026-03-19 20:03:56,True,False Positive,False,,CRITICAL,189,97
CSE-E,ALT-02945,ASSET-035,CRITICAL,Privilege Escalation,2026-03-17 02:54:34,2026-03-17 03:40:18,2026-03-17 03:47:18,2026-03-17 06:21:49,2026-03-17 06:09:02,False,False Positive,True,Analyst reviewed logs and confirmed activity with evidence archived.,CRITICAL,81,50
CSE-E,ALT-02946,ASSET-048,MEDIUM,Data Exfiltration,2026-03-07 15:58:44,2026-03-07 16:05:47,,,2026-03-07 23:24:19,False,False Positive,False,Closed quickly — no notes.,HIGH,147,75
CSE-B,ALT-02947,ASSET-078,LOW,Network Anomaly,2026-04-10 16:58:21,2026-04-10 17:50:05,2026-04-10 18:15:05,2026-04-10 19:35:24,2026-04-10 21:19:36,False,True Positive,True,"Reviewed source IP, asset logs and correlated with previous alerts.",CRITICAL,162,98
CSE-D,ALT-02948,ASSET-058,HIGH,Phishing,2026-02-05 05:54:05,2026-02-05 06:09:29,2026-02-05 06:21:29,2026-02-05 08:05:41,2026-02-05 20:40:35,False,Benign True Positive,True,Analyst investigation performed; packet capture and EDR evidence attached.,CRITICAL,116,92
CSE-B,ALT-02949,ASSET-009,MEDIUM,Network Anomaly,2026-05-08 12:45:07,2026-05-08 13:12:23,2026-05-08 13:31:23,2026-05-08 14:38:56,2026-05-08 17:20:47,False,True Positive,True,Alert correlated with threat intel; full timeline documented.,MEDIUM,156,123
CSE-B,ALT-02950,ASSET-056,MEDIUM,Data Exfiltration,2026-06-11 17:14:29,2026-06-11 18:42:56,2026-06-11 19:07:56,2026-06-11 21:04:16,2026-06-12 01:17:28,False,Under Investigation,True,Analyst investigation performed; packet capture and EDR evidence attached.,MEDIUM,146,139
CSE-D,ALT-02951,ASSET-086,LOW,Brute Force,2026-03-30 17:21:14,2026-03-30 17:43:15,2026-03-30 18:06:15,2026-03-30 22:33:03,2026-03-31 00:11:48,False,Escalated to Tier-2,True,Analyst investigation performed; packet capture and EDR evidence attached.,MEDIUM,168,177
CSE-B,ALT-02952,ASSET-046,LOW,Data Exfiltration,2026-04-15 15:59:07,2026-04-15 17:23:08,2026-04-15 17:24:08,2026-04-15 18:50:33,2026-04-15 19:35:07,False,Escalated to Tier-2,True,Analyst reviewed logs and confirmed activity with evidence archived.,HIGH,94,52
CSE-E,ALT-02953,ASSET-017,MEDIUM,Brute Force,2026-05-24 15:30:56,2026-05-24 15:49:01,2026-05-24 16:06:01,2026-05-24 18:46:02,2026-05-25 00:33:05,False,False Positive,True,Analyst reviewed logs and confirmed activity with evidence archived.,HIGH,72,53
CSE-D,ALT-02954,ASSET-062,MEDIUM,Brute Force,2026-04-02 05:45:41,2026-04-02 05:55:52,2026-04-02 05:57:52,2026-04-02 09:24:32,2026-04-02 20:11:58,False,Under Investigation,True,Analyst reviewed logs and confirmed activity with evidence archived.,HIGH,81,70
CSE-C,ALT-02955,ASSET-091,MEDIUM,Unauthorized Access,2026-05-22 02:17:38,2026-05-22 03:11:34,2026-05-22 03:26:34,2026-05-22 03:31:11,2026-05-22 09:25:42,False,True Positive,True,Analyst reviewed logs and confirmed activity with evidence archived.,CRITICAL,194,78
CSE-B,ALT-02956,ASSET-082,HIGH,Network Anomaly,2026-04-04 11:23:07,2026-04-04 11:51:22,,,2026-04-04 17:27:54,False,Under Investigation,False,,CRITICAL,174,143
CSE-A,ALT-02957,ASSET-069,MEDIUM,Brute Force,2026-01-15 13:46:53,2026-01-15 14:01:06,2026-01-15 14:04:06,2026-01-15 14:55:39,2026-01-15 22:32:01,True,True Positive,True,Alert correlated with threat intel; full timeline documented.,HIGH,200,209
CSE-A,ALT-02958,ASSET-064,MEDIUM,Phishing,2026-03-17 12:14:06,2026-03-17 12:33:12,2026-03-17 12:37:12,2026-03-17 14:08:34,2026-03-17 20:51:12,False,False Positive,True,Investigation completed; evidence recorded and escalated per playbook.,CRITICAL,185,145
CSE-A,ALT-02959,ASSET-071,LOW,Phishing,2026-06-27 16:01:16,2026-06-27 16:28:12,2026-06-27 16:49:12,2026-06-27 21:49:05,2026-06-27 19:26:52,False,True Positive,True,Alert correlated with threat intel; full timeline documented.,MEDIUM,104,81
CSE-B,ALT-02960,ASSET-069,LOW,Phishing,2026-05-22 16:59:53,2026-05-22 17:22:42,2026-05-22 17:37:42,2026-05-22 19:59:36,2026-05-22 23:48:24,False,True Positive,True,Investigation completed; evidence recorded and escalated per playbook.,HIGH,115,71
CSE-D,ALT-02961,ASSET-033,LOW,Malware,2026-02-03 09:55:27,2026-02-03 10:11:22,2026-02-03 10:22:22,2026-02-03 12:07:50,2026-02-03 14:28:10,False,Under Investigation,True,Analyst investigation performed; packet capture and EDR evidence attached.,MEDIUM,124,127
CSE-E,ALT-02962,ASSET-014,CRITICAL,Network Anomaly,2026-05-06 11:27:04,2026-05-06 13:05:57,2026-05-06 13:30:57,2026-05-06 15:58:09,2026-05-06 18:14:15,True,Under Investigation,True,Analyst reviewed logs and confirmed activity with evidence archived.,CRITICAL,135,71
CSE-C,ALT-02963,ASSET-084,LOW,Suspicious Login,2026-02-28 13:04:21,2026-02-28 13:19:05,2026-02-28 13:34:05,2026-02-28 13:40:24,2026-02-28 17:13:38,False,Under Investigation,True,Analyst investigation performed; packet capture and EDR evidence attached.,MEDIUM,114,19
CSE-B,ALT-02964,ASSET-062,HIGH,Suspicious Login,2026-02-16 16:36:16,2026-02-16 18:04:41,2026-02-16 18:05:41,2026-02-16 18:59:55,2026-02-16 22:55:12,False,True Positive,True,Analyst investigation performed; packet capture and EDR evidence attached.,MEDIUM,156,120
CSE-D,ALT-02965,ASSET-036,LOW,Suspicious Login,2026-02-11 10:24:54,2026-02-11 10:48:50,2026-02-11 10:54:50,2026-02-11 11:32:52,2026-02-11 12:01:30,True,Benign True Positive,True,Investigation completed; evidence recorded and escalated per playbook.,CRITICAL,198,215
CSE-B,ALT-02966,ASSET-031,MEDIUM,Network Anomaly,2026-06-13 14:08:23,2026-06-13 14:39:45,,,2026-06-13 17:17:51,False,Benign True Positive,False,,HIGH,173,125
CSE-C,ALT-02967,ASSET-042,MEDIUM,Data Exfiltration,2026-04-15 17:19:24,2026-04-15 18:07:03,,,2026-04-15 19:03:41,False,Under Investigation,False,N/A,MEDIUM,104,54
CSE-C,ALT-02968,ASSET-020,HIGH,Privilege Escalation,2026-03-24 11:45:38,2026-03-24 12:11:09,,,2026-03-24 19:47:29,False,Escalated to Tier-2,False,Closed quickly — no notes.,HIGH,101,35
CSE-E,ALT-02969,ASSET-066,MEDIUM,Brute Force,2026-04-12 13:39:14,2026-04-12 14:16:06,2026-04-12 14:33:06,2026-04-12 14:46:44,2026-04-12 16:20:27,False,True Positive,True,Analyst reviewed logs and confirmed activity with evidence archived.,CRITICAL,188,118
CSE-C,ALT-02970,ASSET-046,MEDIUM,Brute Force,2026-01-19 23:03:16,2026-01-20 00:00:18,,,2026-01-20 03:30:59,False,Under Investigation,False,Closed quickly — no notes.,CRITICAL,113,59
CSE-D,ALT-02971,ASSET-039,MEDIUM,Phishing,2026-06-02 15:38:22,2026-06-02 15:47:44,2026-06-02 16:04:44,2026-06-02 18:27:00,2026-06-02 23:50:54,False,True Positive,True,Investigation completed; evidence recorded and escalated per playbook.,MEDIUM,121,110
CSE-A,ALT-02972,ASSET-095,HIGH,Suspicious Login,2026-02-09 12:38:54,2026-02-09 12:42:32,2026-02-09 12:52:32,2026-02-09 17:16:57,2026-02-09 19:18:08,False,False Positive,True,Analyst reviewed logs and confirmed activity with evidence archived.,MEDIUM,165,163
CSE-B,ALT-02973,ASSET-079,HIGH,Data Exfiltration,2026-02-28 10:11:16,2026-02-28 10:28:35,2026-02-28 10:47:35,2026-02-28 12:31:12,2026-02-28 19:40:12,False,Benign True Positive,True,"Reviewed source IP, asset logs and correlated with previous alerts.",CRITICAL,143,113
CSE-D,ALT-02974,ASSET-034,LOW,Privilege Escalation,2026-06-13 11:43:39,2026-06-13 11:47:12,2026-06-13 11:50:12,2026-06-13 12:46:56,2026-06-14 00:31:54,False,False Positive,True,Alert correlated with threat intel; full timeline documented.,MEDIUM,113,118
CSE-E,ALT-02975,ASSET-019,LOW,Network Anomaly,2026-02-21 16:48:04,2026-02-21 18:01:09,,,2026-02-21 22:45:25,False,Benign True Positive,False,Closed quickly — no notes.,HIGH,197,167
CSE-A,ALT-02976,ASSET-075,MEDIUM,Network Anomaly,2026-06-25 10:56:21,2026-06-25 11:06:07,2026-06-25 11:28:07,2026-06-25 15:39:24,2026-06-25 17:50:55,False,False Positive,True,Analyst reviewed logs and confirmed activity with evidence archived.,MEDIUM,177,168
CSE-E,ALT-02977,ASSET-022,MEDIUM,Privilege Escalation,2026-06-18 04:10:58,2026-06-18 05:17:16,2026-06-18 05:20:16,2026-06-18 06:44:24,2026-06-18 13:16:35,True,False Positive,True,"Reviewed source IP, asset logs and correlated with previous alerts.",MEDIUM,154,124
CSE-E,ALT-02978,ASSET-040,MEDIUM,Data Exfiltration,2026-06-16 10:58:03,2026-06-16 12:38:18,2026-06-16 13:00:18,2026-06-16 14:15:32,2026-06-16 22:32:54,False,True Positive,True,Analyst reviewed logs and confirmed activity with evidence archived.,HIGH,115,58
CSE-A,ALT-02979,ASSET-043,LOW,Suspicious Login,2026-05-19 13:25:42,2026-05-19 13:48:18,2026-05-19 14:09:18,2026-05-19 18:19:15,2026-05-19 21:23:07,False,True Positive,True,"Reviewed source IP, asset logs and correlated with previous alerts.",CRITICAL,89,67
CSE-D,ALT-02980,ASSET-035,MEDIUM,Malware,2026-03-10 04:24:47,2026-03-10 04:45:09,2026-03-10 05:00:09,2026-03-10 05:24:22,2026-03-10 10:30:51,True,Under Investigation,True,Investigation completed; evidence recorded and escalated per playbook.,CRITICAL,163,152
CSE-C,ALT-02981,ASSET-023,HIGH,Phishing,2026-05-17 17:16:25,2026-05-17 17:57:07,2026-05-17 18:20:07,2026-05-17 18:47:33,2026-05-18 00:48:40,False,False Positive,True,Investigation completed; evidence recorded and escalated per playbook.,CRITICAL,120,28
CSE-A,ALT-02982,ASSET-067,MEDIUM,Data Exfiltration,2026-05-08 15:41:09,2026-05-08 15:57:18,2026-05-08 16:02:18,2026-05-08 19:37:35,2026-05-08 23:12:23,True,Under Investigation,True,"Reviewed source IP, asset logs and correlated with previous alerts.",MEDIUM,148,135
CSE-D,ALT-02983,ASSET-053,HIGH,Unauthorized Access,2026-02-11 17:18:17,2026-02-11 17:36:03,2026-02-11 17:46:03,2026-02-11 22:18:34,2026-02-12 07:12:54,True,False Positive,True,Analyst reviewed logs and confirmed activity with evidence archived.,CRITICAL,128,122
CSE-E,ALT-02984,ASSET-040,HIGH,Privilege Escalation,2026-04-14 11:05:27,2026-04-14 12:53:54,2026-04-14 13:11:54,2026-04-14 15:02:23,2026-04-14 22:18:32,False,Under Investigation,True,Alert correlated with threat intel; full timeline documented.,HIGH,156,124
CSE-B,ALT-02985,ASSET-083,CRITICAL,Unauthorized Access,2026-01-20 19:28:36,2026-01-20 19:59:44,2026-01-20 20:00:44,2026-01-20 21:09:34,2026-01-21 03:15:51,False,Benign True Positive,True,Analyst investigation performed; packet capture and EDR evidence attached.,CRITICAL,103,90
CSE-D,ALT-02986,ASSET-015,MEDIUM,Network Anomaly,2026-05-15 12:43:28,2026-05-15 12:47:57,2026-05-15 13:01:57,2026-05-15 16:01:31,2026-05-15 14:09:26,False,False Positive,True,Analyst investigation performed; packet capture and EDR evidence attached.,MEDIUM,85,74
CSE-C,ALT-02987,ASSET-027,HIGH,Unauthorized Access,2026-03-23 12:46:44,2026-03-23 13:12:31,,,2026-03-23 15:12:16,False,Under Investigation,False,Closed quickly — no notes.,MEDIUM,108,46
CSE-B,ALT-02988,ASSET-092,HIGH,Malware,2026-03-14 06:14:06,2026-03-14 06:26:20,2026-03-14 06:50:20,2026-03-14 09:21:55,2026-03-14 07:27:39,False,False Positive,True,"Reviewed source IP, asset logs and correlated with previous alerts.",MEDIUM,197,161
CSE-B,ALT-02989,ASSET-088,HIGH,Privilege Escalation,2026-04-25 19:25:51,2026-04-25 19:58:38,2026-04-25 20:14:38,2026-04-25 21:48:16,2026-04-25 21:50:49,False,False Positive,True,Analyst reviewed logs and confirmed activity with evidence archived.,HIGH,109,94
CSE-B,ALT-02990,ASSET-011,HIGH,Malware,2026-03-15 17:05:56,2026-03-15 17:45:41,2026-03-15 18:03:41,2026-03-15 19:30:44,2026-03-15 23:19:19,False,Escalated to Tier-2,True,Alert correlated with threat intel; full timeline documented.,MEDIUM,109,81
CSE-D,ALT-02991,ASSET-026,MEDIUM,Phishing,2026-06-09 11:31:49,2026-06-09 11:47:24,2026-06-09 11:55:24,2026-06-09 16:50:24,2026-06-10 00:59:07,True,True Positive,True,Analyst reviewed logs and confirmed activity with evidence archived.,MEDIUM,197,183
CSE-B,ALT-02992,ASSET-069,LOW,Unauthorized Access,2026-01-18 10:03:18,2026-01-18 11:12:01,2026-01-18 11:32:01,2026-01-18 12:50:57,2026-01-18 18:52:06,False,Benign True Positive,True,Investigation completed; evidence recorded and escalated per playbook.,CRITICAL,98,74
CSE-D,ALT-02993,ASSET-087,LOW,Phishing,2026-06-19 19:44:11,2026-06-19 19:52:10,2026-06-19 20:16:10,2026-06-20 00:42:57,2026-06-20 06:45:55,False,True Positive,True,Analyst investigation performed; packet capture and EDR evidence attached.,HIGH,154,135
CSE-B,ALT-02994,ASSET-031,CRITICAL,Malware,2026-06-24 17:50:44,2026-06-24 18:05:42,2026-06-24 18:11:42,2026-06-24 19:14:51,2026-06-25 03:05:01,False,False Positive,True,"Reviewed source IP, asset logs and correlated with previous alerts.",CRITICAL,149,92
CSE-E,ALT-02995,ASSET-071,LOW,Data Exfiltration,2026-03-20 09:11:16,2026-03-20 09:35:37,2026-03-20 09:45:37,2026-03-20 10:25:54,2026-03-20 15:07:42,False,False Positive,True,Analyst investigation performed; packet capture and EDR evidence attached.,CRITICAL,197,90
CSE-E,ALT-02996,ASSET-031,CRITICAL,Data Exfiltration,2026-01-21 10:07:23,2026-01-21 11:09:21,2026-01-21 11:12:21,2026-01-21 11:19:39,2026-01-21 19:10:10,False,Under Investigation,True,"Reviewed source IP, asset logs and correlated with previous alerts.",MEDIUM,77,52
CSE-C,ALT-02997,ASSET-012,CRITICAL,Malware,2026-03-24 15:39:13,2026-03-24 15:46:16,,,2026-03-24 15:42:31,False,False Positive,False,,MEDIUM,171,55
CSE-E,ALT-02998,ASSET-020,LOW,Suspicious Login,2026-01-06 17:24:23,2026-01-06 19:11:08,2026-01-06 19:14:08,2026-01-06 19:33:13,2026-01-06 20:40:11,False,False Positive,True,Investigation completed; evidence recorded and escalated per playbook.,HIGH,115,62
CSE-C,ALT-02999,ASSET-006,CRITICAL,Network Anomaly,2026-04-16 14:32:57,2026-04-16 14:41:17,,,2026-04-16 14:34:16,False,False Positive,False,Closed quickly — no notes.,HIGH,165,76
CSE-A,ALT-03000,ASSET-017,MEDIUM,Malware,2026-03-08 09:50:48,2026-03-08 10:02:18,2026-03-08 10:03:18,2026-03-08 14:47:11,2026-03-08 20:19:52,False,True Positive,True,Alert correlated with threat intel; full timeline documented.,HIGH,100,83
CSE-C,ALT-03001,ASSET-002,HIGH,Data Exfiltration,2026-03-01 14:29:35,2026-03-01 15:11:38,,,2026-03-01 16:08:41,False,Under Investigation,False,N/A,CRITICAL,120,56
CSE-E,ALT-03002,ASSET-068,CRITICAL,Privilege Escalation,2026-01-07 16:59:19,2026-01-07 18:29:24,,,2026-01-07 19:49:21,False,Under Investigation,False,Closed quickly — no notes.,CRITICAL,170,133
CSE-A,ALT-03003,ASSET-094,MEDIUM,Phishing,2026-02-27 13:46:14,2026-02-27 14:13:59,2026-02-27 14:17:59,2026-02-27 18:50:35,2026-02-27 20:13:51,False,True Positive,True,"Reviewed source IP, asset logs and correlated with previous alerts.",CRITICAL,133,126
CSE-B,ALT-03004,ASSET-045,LOW,Malware,2026-03-11 07:24:57,2026-03-11 07:35:39,2026-03-11 07:58:39,2026-03-11 09:30:14,2026-03-11 16:37:46,False,False Positive,True,Analyst reviewed logs and confirmed activity with evidence archived.,CRITICAL,70,63
CSE-B,ALT-03005,ASSET-023,MEDIUM,Privilege Escalation,2026-05-18 13:42:39,2026-05-18 13:56:15,2026-05-18 14:21:15,2026-05-18 15:31:04,2026-05-18 22:00:14,False,True Positive,True,"Reviewed source IP, asset logs and correlated with previous alerts.",MEDIUM,122,102
CSE-C,ALT-03006,ASSET-064,HIGH,Privilege Escalation,2026-06-18 11:40:57,2026-06-18 11:49:57,,,2026-06-18 15:21:09,False,False Positive,False,,MEDIUM,176,68
CSE-D,ALT-03007,ASSET-006,MEDIUM,Brute Force,2026-02-24 09:33:25,2026-02-24 09:45:29,2026-02-24 10:07:29,2026-02-24 13:32:25,2026-02-24 12:26:45,False,Benign True Positive,True,Analyst investigation performed; packet capture and EDR evidence attached.,CRITICAL,113,91
CSE-E,ALT-03008,ASSET-094,LOW,Data Exfiltration,2026-03-12 16:40:52,2026-03-12 17:42:42,2026-03-12 18:04:42,2026-03-12 20:56:08,2026-03-12 19:50:29,True,Under Investigation,True,Analyst reviewed logs and confirmed activity with evidence archived.,CRITICAL,98,79
CSE-B,ALT-03009,ASSET-070,HIGH,Unauthorized Access,2026-02-21 15:16:23,2026-02-21 15:50:04,2026-02-21 16:10:04,2026-02-21 18:13:59,2026-02-21 19:46:10,False,False Positive,True,Investigation completed; evidence recorded and escalated per playbook.,HIGH,117,105
CSE-C,ALT-03010,ASSET-072,LOW,Malware,2026-01-09 12:22:31,2026-01-09 13:17:16,2026-01-09 13:35:16,2026-01-09 13:39:50,2026-01-09 16:32:18,False,True Positive,True,"Reviewed source IP, asset logs and correlated with previous alerts.",HIGH,185,45
CSE-E,ALT-03011,ASSET-040,MEDIUM,Privilege Escalation,2026-06-15 17:49:46,2026-06-15 18:28:41,2026-06-15 18:36:41,2026-06-15 20:09:46,2026-06-15 19:32:26,False,Under Investigation,True,Analyst investigation performed; packet capture and EDR evidence attached.,CRITICAL,147,103
CSE-E,ALT-03012,ASSET-026,HIGH,Unauthorized Access,2026-03-01 09:30:56,2026-03-01 10:12:27,2026-03-01 10:31:27,2026-03-01 11:23:58,2026-03-01 17:44:06,False,Under Investigation,True,Analyst investigation performed; packet capture and EDR evidence attached.,HIGH,108,48
CSE-A,ALT-03013,ASSET-047,LOW,Privilege Escalation,2026-06-16 13:17:52,2026-06-16 13:31:47,2026-06-16 13:55:47,2026-06-16 16:08:47,2026-06-16 18:01:03,False,False Positive,True,Investigation completed; evidence recorded and escalated per playbook.,MEDIUM,151,158
CSE-D,ALT-03014,ASSET-003,MEDIUM,Phishing,2026-03-16 17:24:58,2026-03-16 17:33:05,,,2026-03-16 18:44:14,False,True Positive,False,N/A,CRITICAL,93,91
CSE-B,ALT-03015,ASSET-054,MEDIUM,Brute Force,2026-01-30 09:12:31,2026-01-30 10:01:54,,,2026-01-30 19:42:44,False,True Positive,False,Closed quickly — no notes.,MEDIUM,134,99
CSE-B,ALT-03016,ASSET-082,LOW,Privilege Escalation,2026-02-24 13:27:59,2026-02-24 14:54:56,2026-02-24 15:05:56,2026-02-24 16:40:57,2026-02-24 17:56:53,False,True Positive,True,Analyst investigation performed; packet capture and EDR evidence attached.,HIGH,94,82
CSE-B,ALT-03017,ASSET-044,LOW,Brute Force,2026-05-29 23:21:32,2026-05-30 00:35:26,2026-05-30 00:51:26,2026-05-30 01:54:16,2026-05-30 09:21:33,False,True Positive,True,"Reviewed source IP, asset logs and correlated with previous alerts.",CRITICAL,148,110
CSE-D,ALT-03018,ASSET-018,HIGH,Network Anomaly,2026-02-15 11:50:12,2026-02-15 12:08:26,2026-02-15 12:33:26,2026-02-15 13:52:56,2026-02-15 18:28:05,False,Under Investigation,True,Analyst reviewed logs and confirmed activity with evidence archived.,HIGH,168,143
CSE-D,ALT-03019,ASSET-093,MEDIUM,Privilege Escalation,2026-06-07 15:15:35,2026-06-07 15:18:45,2026-06-07 15:42:45,2026-06-07 18:03:52,2026-06-08 00:57:51,False,Benign True Positive,True,Analyst reviewed logs and confirmed activity with evidence archived.,HIGH,83,91
CSE-A,ALT-03020,ASSET-009,HIGH,Suspicious Login,2026-05-02 13:32:57,2026-05-02 13:52:59,2026-05-02 14:01:59,2026-05-02 16:40:30,2026-05-02 23:44:54,False,Benign True Positive,True,Analyst reviewed logs and confirmed activity with evidence archived.,MEDIUM,185,193
CSE-A,ALT-03021,ASSET-097,MEDIUM,Brute Force,2026-03-14 03:14:14,2026-03-14 03:22:36,2026-03-14 03:29:36,2026-03-14 05:51:06,2026-03-14 07:00:31,False,True Positive,True,Analyst reviewed logs and confirmed activity with evidence archived.,MEDIUM,168,147
CSE-E,ALT-03022,ASSET-025,CRITICAL,Phishing,2026-01-30 22:04:22,2026-01-30 23:08:51,2026-01-30 23:26:51,2026-01-30 23:46:38,2026-01-31 01:52:00,False,Benign True Positive,True,Alert correlated with threat intel; full timeline documented.,CRITICAL,162,86
CSE-C,ALT-03023,ASSET-075,MEDIUM,Phishing,2026-01-28 17:44:48,2026-01-28 18:39:46,2026-01-28 18:54:46,2026-01-28 19:05:06,2026-01-28 21:20:09,False,Escalated to Tier-2,True,Alert correlated with threat intel; full timeline documented.,MEDIUM,167,27
CSE-A,ALT-03024,ASSET-064,MEDIUM,Data Exfiltration,2026-02-28 12:56:26,2026-02-28 13:08:20,2026-02-28 13:20:20,2026-02-28 15:33:51,2026-02-28 16:58:26,False,True Positive,True,Analyst reviewed logs and confirmed activity with evidence archived.,CRITICAL,190,146
CSE-E,ALT-03025,ASSET-078,HIGH,Malware,2026-03-07 15:41:13,2026-03-07 16:05:28,2026-03-07 16:11:28,2026-03-07 17:59:50,2026-03-08 00:59:46,False,Benign True Positive,True,Investigation completed; evidence recorded and escalated per playbook.,CRITICAL,170,109
CSE-B,ALT-03026,ASSET-089,CRITICAL,Malware,2026-05-14 09:47:10,2026-05-14 10:56:47,2026-05-14 11:05:47,2026-05-14 11:11:26,2026-05-14 14:55:04,False,Benign True Positive,True,"Reviewed source IP, asset logs and correlated with previous alerts.",CRITICAL,120,87
CSE-C,ALT-03027,ASSET-021,LOW,Suspicious Login,2026-01-27 13:58:09,2026-01-27 14:45:00,2026-01-27 14:59:00,2026-01-27 15:15:54,2026-01-27 19:34:34,False,Under Investigation,True,Analyst reviewed logs and confirmed activity with evidence archived.,MEDIUM,184,53
CSE-B,ALT-03028,ASSET-034,MEDIUM,Brute Force,2026-04-16 12:44:11,2026-04-16 13:07:18,2026-04-16 13:28:18,2026-04-16 15:30:59,2026-04-16 19:34:55,False,True Positive,True,Alert correlated with threat intel; full timeline documented.,HIGH,115,63
CSE-C,ALT-03029,ASSET-005,CRITICAL,Data Exfiltration,2026-04-24 15:36:37,2026-04-24 16:28:06,,,2026-04-24 15:41:02,False,Under Investigation,False,Closed quickly — no notes.,CRITICAL,157,79
CSE-B,ALT-03030,ASSET-071,MEDIUM,Brute Force,2026-05-02 12:29:42,2026-05-02 13:55:05,,,2026-05-02 17:34:09,True,Escalated to Tier-2,False,,MEDIUM,96,78
CSE-D,ALT-03031,ASSET-001,MEDIUM,Network Anomaly,2026-04-23 10:59:59,2026-04-23 11:03:21,2026-04-23 11:24:21,2026-04-23 15:35:34,2026-04-23 17:11:10,False,False Positive,True,Investigation completed; evidence recorded and escalated per playbook.,CRITICAL,117,113
CSE-C,ALT-03032,ASSET-090,HIGH,Suspicious Login,2026-05-30 15:48:49,2026-05-30 16:49:43,,,2026-05-31 00:27:09,False,Escalated to Tier-2,False,Closed quickly — no notes.,MEDIUM,95,36
CSE-B,ALT-03033,ASSET-061,MEDIUM,Unauthorized Access,2026-03-01 16:17:46,2026-03-01 17:25:14,,,2026-03-02 00:19:38,False,False Positive,False,,CRITICAL,72,42
CSE-C,ALT-03034,ASSET-059,HIGH,Phishing,2026-01-03 13:42:07,2026-01-03 14:28:19,,,2026-01-03 21:27:51,False,True Positive,False,,HIGH,109,54
CSE-B,ALT-03035,ASSET-054,CRITICAL,Network Anomaly,2026-06-02 17:29:30,2026-06-02 18:57:28,2026-06-02 19:14:28,2026-06-02 21:37:11,2026-06-03 04:15:39,False,Benign True Positive,True,Alert correlated with threat intel; full timeline documented.,CRITICAL,113,82
CSE-B,ALT-03036,ASSET-090,LOW,Malware,2026-02-07 12:03:43,2026-02-07 12:47:01,,,2026-02-07 14:42:45,False,True Positive,False,Closed quickly — no notes.,MEDIUM,180,124
CSE-D,ALT-03037,ASSET-024,MEDIUM,Network Anomaly,2026-01-14 12:43:34,2026-01-14 13:01:46,2026-01-14 13:20:46,2026-01-14 15:04:58,2026-01-14 18:32:47,False,Benign True Positive,True,Analyst investigation performed; packet capture and EDR evidence attached.,MEDIUM,193,189
CSE-D,ALT-03038,ASSET-004,LOW,Privilege Escalation,2026-04-25 14:03:10,2026-04-25 14:19:23,2026-04-25 14:38:23,2026-04-25 19:36:39,2026-04-26 02:55:06,False,Under Investigation,True,Analyst reviewed logs and confirmed activity with evidence archived.,MEDIUM,198,176
CSE-B,ALT-03039,ASSET-010,CRITICAL,Suspicious Login,2026-04-21 15:37:44,2026-04-21 16:24:35,2026-04-21 16:38:35,2026-04-21 18:41:20,2026-04-22 00:56:42,False,Under Investigation,True,Analyst investigation performed; packet capture and EDR evidence attached.,CRITICAL,81,56
CSE-A,ALT-03040,ASSET-017,CRITICAL,Brute Force,2026-04-25 17:01:25,2026-04-25 17:16:07,2026-04-25 17:22:07,2026-04-25 18:58:07,2026-04-25 22:16:51,False,True Positive,True,Analyst reviewed logs and confirmed activity with evidence archived.,CRITICAL,111,93
CSE-B,ALT-03041,ASSET-083,CRITICAL,Phishing,2026-01-26 13:26:21,2026-01-26 14:55:06,2026-01-26 15:16:06,2026-01-26 18:01:12,2026-01-26 15:48:16,False,Escalated to Tier-2,True,"Reviewed source IP, asset logs and correlated with previous alerts.",MEDIUM,97,54
CSE-E,ALT-03042,ASSET-042,LOW,Privilege Escalation,2026-03-08 14:37:44,2026-03-08 15:22:50,2026-03-08 15:35:50,2026-03-08 17:02:16,2026-03-09 01:21:04,False,Under Investigation,True,Analyst investigation performed; packet capture and EDR evidence attached.,CRITICAL,115,73
CSE-E,ALT-03043,ASSET-052,LOW,Privilege Escalation,2026-06-23 05:12:03,2026-06-23 06:50:45,,,2026-06-23 08:57:03,False,Under Investigation,False,N/A,CRITICAL,130,103
CSE-E,ALT-03044,ASSET-061,LOW,Phishing,2026-04-26 09:21:26,2026-04-26 10:43:02,,,2026-04-26 13:04:37,False,True Positive,False,N/A,CRITICAL,136,72
CSE-D,ALT-03045,ASSET-025,HIGH,Brute Force,2026-02-27 13:19:27,2026-02-27 13:39:06,2026-02-27 13:52:06,2026-02-27 18:40:03,2026-02-27 22:37:38,False,Escalated to Tier-2,True,Analyst investigation performed; packet capture and EDR evidence attached.,HIGH,98,98
CSE-D,ALT-03046,ASSET-007,MEDIUM,Malware,2026-03-28 17:31:21,2026-03-28 17:36:07,2026-03-28 17:59:07,2026-03-28 21:08:20,2026-03-28 21:41:00,False,Benign True Positive,True,Investigation completed; evidence recorded and escalated per playbook.,CRITICAL,175,189
CSE-B,ALT-03047,ASSET-034,HIGH,Malware,2026-01-08 10:32:16,2026-01-08 12:03:08,2026-01-08 12:24:08,2026-01-08 14:15:54,2026-01-08 17:52:48,False,Under Investigation,True,Analyst investigation performed; packet capture and EDR evidence attached.,MEDIUM,122,101
CSE-A,ALT-03048,ASSET-039,LOW,Unauthorized Access,2026-04-04 11:58:44,2026-04-04 12:22:56,,,2026-04-04 22:43:27,False,Benign True Positive,False,Closed quickly — no notes.,MEDIUM,194,150
CSE-D,ALT-03049,ASSET-012,MEDIUM,Unauthorized Access,2026-04-30 17:18:14,2026-04-30 17:25:58,2026-04-30 17:48:58,2026-04-30 20:12:04,2026-05-01 01:35:02,False,True Positive,True,Investigation completed; evidence recorded and escalated per playbook.,CRITICAL,108,93
CSE-D,ALT-03050,ASSET-050,MEDIUM,Suspicious Login,2026-03-06 23:44:44,2026-03-06 23:58:51,2026-03-07 00:00:51,2026-03-07 02:12:11,2026-03-07 13:02:53,True,True Positive,True,"Reviewed source IP, asset logs and correlated with previous alerts.",HIGH,114,95
CSE-B,ALT-03051,ASSET-014,MEDIUM,Phishing,2026-01-15 17:22:51,2026-01-15 18:10:07,2026-01-15 18:35:07,2026-01-15 19:26:31,2026-01-15 18:46:05,False,Benign True Positive,True,"Reviewed source IP, asset logs and correlated with previous alerts.",MEDIUM,151,142
CSE-E,ALT-03052,ASSET-003,CRITICAL,Data Exfiltration,2026-01-12 11:28:04,2026-01-12 13:10:18,2026-01-12 13:25:18,2026-01-12 13:37:34,2026-01-12 14:17:31,False,False Positive,True,Investigation completed; evidence recorded and escalated per playbook.,HIGH,119,52
CSE-E,ALT-03053,ASSET-031,MEDIUM,Phishing,2026-03-27 15:18:52,2026-03-27 15:38:31,2026-03-27 16:00:31,2026-03-27 16:43:05,2026-03-27 21:45:05,False,Benign True Positive,True,Investigation completed; evidence recorded and escalated per playbook.,CRITICAL,80,53
CSE-D,ALT-03054,ASSET-053,MEDIUM,Data Exfiltration,2026-03-17 16:31:52,2026-03-17 16:47:41,2026-03-17 17:11:41,2026-03-17 20:47:39,2026-03-17 20:04:14,False,Escalated to Tier-2,True,Analyst reviewed logs and confirmed activity with evidence archived.,HIGH,194,172
CSE-B,ALT-03055,ASSET-088,LOW,Brute Force,2026-01-10 14:39:13,2026-01-10 14:54:38,,,2026-01-10 21:56:29,False,Benign True Positive,False,Closed quickly — no notes.,HIGH,183,153
CSE-C,ALT-03056,ASSET-046,CRITICAL,Suspicious Login,2026-06-05 17:52:04,2026-06-05 17:53:21,2026-06-05 18:00:21,2026-06-05 18:20:01,2026-06-05 20:22:49,False,False Positive,True,Investigation completed; evidence recorded and escalated per playbook.,CRITICAL,193,62
CSE-C,ALT-03057,ASSET-074,HIGH,Privilege Escalation,2026-06-03 09:44:24,2026-06-03 10:21:27,2026-06-03 10:40:27,2026-06-03 11:08:02,2026-06-03 15:05:00,False,Under Investigation,True,Alert correlated with threat intel; full timeline documented.,CRITICAL,171,80
CSE-C,ALT-03058,ASSET-073,LOW,Unauthorized Access,2026-01-10 15:37:37,2026-01-10 16:27:36,2026-01-10 16:48:36,2026-01-10 17:02:14,2026-01-10 17:11:58,False,True Positive,True,Investigation completed; evidence recorded and escalated per playbook.,HIGH,169,13
CSE-D,ALT-03059,ASSET-045,MEDIUM,Data Exfiltration,2026-01-14 17:35:56,2026-01-14 17:40:17,2026-01-14 17:46:17,2026-01-14 19:53:30,2026-01-15 01:17:08,False,False Positive,True,"Reviewed source IP, asset logs and correlated with previous alerts.",CRITICAL,143,138
CSE-B,ALT-03060,ASSET-072,MEDIUM,Brute Force,2026-06-30 23:45:28,2026-07-01 01:06:08,2026-07-01 01:14:08,2026-07-01 01:55:31,2026-07-01 05:50:16,False,False Positive,True,"Reviewed source IP, asset logs and correlated with previous alerts.",HIGH,136,111
CSE-C,ALT-03061,ASSET-042,MEDIUM,Unauthorized Access,2026-02-14 12:01:08,2026-02-14 12:08:16,,,2026-02-14 13:14:03,False,Escalated to Tier-2,False,,HIGH,124,32
CSE-C,ALT-03062,ASSET-013,CRITICAL,Phishing,2026-04-15 09:18:43,2026-04-15 10:03:47,,,2026-04-15 09:21:39,False,False Positive,False,N/A,MEDIUM,190,54
CSE-B,ALT-03063,ASSET-010,LOW,Suspicious Login,2026-01-15 13:09:40,2026-01-15 13:37:23,,,2026-01-15 18:57:42,False,True Positive,False,,HIGH,157,151
CSE-B,ALT-03064,ASSET-056,LOW,Phishing,2026-02-21 13:40:21,2026-02-21 14:32:13,2026-02-21 14:38:13,2026-02-21 17:16:14,2026-02-21 19:06:18,False,False Positive,True,Investigation completed; evidence recorded and escalated per playbook.,HIGH,178,130
CSE-C,ALT-03065,ASSET-065,HIGH,Unauthorized Access,2026-06-06 17:07:49,2026-06-06 17:51:01,2026-06-06 17:58:01,2026-06-06 18:24:10,2026-06-06 23:02:19,False,True Positive,True,Analyst reviewed logs and confirmed activity with evidence archived.,MEDIUM,114,19
CSE-E,ALT-03066,ASSET-080,MEDIUM,Malware,2026-06-26 09:34:04,2026-06-26 11:15:23,2026-06-26 11:32:23,2026-06-26 13:38:19,2026-06-26 14:27:53,False,True Positive,True,Analyst reviewed logs and confirmed activity with evidence archived.,CRITICAL,169,105
CSE-A,ALT-03067,ASSET-056,HIGH,Unauthorized Access,2026-03-13 09:29:32,2026-03-13 09:57:05,2026-03-13 10:05:05,2026-03-13 11:32:54,2026-03-13 21:29:17,False,Under Investigation,True,Investigation completed; evidence recorded and escalated per playbook.,MEDIUM,172,152
CSE-D,ALT-03068,ASSET-001,MEDIUM,Network Anomaly,2026-02-24 08:30:31,2026-02-24 08:37:47,2026-02-24 08:56:47,2026-02-24 10:36:25,2026-02-24 20:41:52,False,True Positive,True,"Reviewed source IP, asset logs and correlated with previous alerts.",MEDIUM,89,89
CSE-E,ALT-03069,ASSET-086,MEDIUM,Unauthorized Access,2026-01-06 11:33:58,2026-01-06 12:36:14,,,2026-01-06 19:17:00,False,Benign True Positive,False,,HIGH,167,81
CSE-E,ALT-03070,ASSET-061,CRITICAL,Phishing,2026-02-26 17:54:43,2026-02-26 19:35:47,2026-02-26 19:46:47,2026-02-26 22:15:46,2026-02-27 02:41:57,True,False Positive,True,Analyst reviewed logs and confirmed activity with evidence archived.,CRITICAL,146,66
CSE-C,ALT-03071,ASSET-089,CRITICAL,Suspicious Login,2026-06-27 14:22:24,2026-06-27 14:32:51,2026-06-27 14:45:51,2026-06-27 14:49:07,2026-06-27 14:24:20,False,Escalated to Tier-2,True,Alert correlated with threat intel; full timeline documented.,CRITICAL,189,75
CSE-B,ALT-03072,ASSET-024,MEDIUM,Network Anomaly,2026-05-16 13:50:30,2026-05-16 14:43:54,,,2026-05-16 19:03:25,False,False Positive,False,N/A,HIGH,115,101
CSE-D,ALT-03073,ASSET-092,MEDIUM,Brute Force,2026-02-15 22:46:31,2026-02-15 23:08:57,2026-02-15 23:12:57,2026-02-16 00:36:45,2026-02-16 02:37:24,False,True Positive,True,Analyst investigation performed; packet capture and EDR evidence attached.,HIGH,190,201
CSE-D,ALT-03074,ASSET-012,MEDIUM,Phishing,2026-06-18 17:14:04,2026-06-18 17:34:23,2026-06-18 17:36:23,2026-06-18 21:20:08,2026-06-18 20:38:34,False,True Positive,True,Analyst investigation performed; packet capture and EDR evidence attached.,MEDIUM,117,128
CSE-D,ALT-03075,ASSET-059,MEDIUM,Data Exfiltration,2026-02-06 17:53:59,2026-02-06 18:08:31,,,2026-02-06 20:21:32,False,True Positive,False,N/A,CRITICAL,200,181
CSE-E,ALT-03076,ASSET-099,HIGH,Unauthorized Access,2026-03-23 12:06:01,2026-03-23 12:54:17,2026-03-23 12:59:17,2026-03-23 15:12:18,2026-03-23 21:52:43,False,False Positive,True,Alert correlated with threat intel; full timeline documented.,HIGH,99,65
CSE-D,ALT-03077,ASSET-027,LOW,Malware,2026-02-08 12:17:24,2026-02-08 12:23:55,,,2026-02-08 19:44:44,False,False Positive,False,Closed quickly — no notes.,MEDIUM,149,145
CSE-B,ALT-03078,ASSET-078,LOW,Privilege Escalation,2026-03-17 12:28:41,2026-03-17 12:41:51,2026-03-17 12:42:51,2026-03-17 14:07:14,2026-03-17 20:17:05,False,False Positive,True,Analyst investigation performed; packet capture and EDR evidence attached.,MEDIUM,105,64
CSE-C,ALT-03079,ASSET-066,LOW,Malware,2026-03-13 02:59:47,2026-03-13 03:50:48,,,2026-03-13 07:26:36,False,Benign True Positive,False,N/A,CRITICAL,130,51
CSE-C,ALT-03080,ASSET-068,CRITICAL,Brute Force,2026-03-28 21:22:32,2026-03-28 21:38:42,,,2026-03-28 21:23:58,False,Under Investigation,False,Closed quickly — no notes.,CRITICAL,168,56
CSE-C,ALT-03081,ASSET-041,LOW,Brute Force,2026-05-04 15:14:16,2026-05-04 15:59:04,,,2026-05-04 19:35:55,False,Under Investigation,False,,CRITICAL,118,24
CSE-D,ALT-03082,ASSET-044,LOW,Phishing,2026-03-14 13:49:29,2026-03-14 14:13:47,2026-03-14 14:21:47,2026-03-14 17:07:28,2026-03-14 22:34:16,False,Under Investigation,True,"Reviewed source IP, asset logs and correlated with previous alerts.",MEDIUM,135,132
CSE-A,ALT-03083,ASSET-054,LOW,Privilege Escalation,2026-04-13 10:18:57,2026-04-13 10:34:55,2026-04-13 10:47:55,2026-04-13 13:40:37,2026-04-13 17:38:23,False,Under Investigation,True,Analyst reviewed logs and confirmed activity with evidence archived.,CRITICAL,178,175
CSE-D,ALT-03084,ASSET-020,LOW,Suspicious Login,2026-06-23 13:00:54,2026-06-23 13:06:49,2026-06-23 13:30:49,2026-06-23 17:47:03,2026-06-23 21:50:07,False,Benign True Positive,True,Analyst reviewed logs and confirmed activity with evidence archived.,HIGH,143,141
CSE-D,ALT-03085,ASSET-072,HIGH,Brute Force,2026-05-31 14:35:39,2026-05-31 14:55:58,2026-05-31 15:07:58,2026-05-31 16:41:04,2026-05-31 20:55:53,False,False Positive,True,Alert correlated with threat intel; full timeline documented.,HIGH,168,159
CSE-B,ALT-03086,ASSET-074,LOW,Unauthorized Access,2026-05-24 14:10:53,2026-05-24 14:44:37,2026-05-24 15:06:37,2026-05-24 16:52:33,2026-05-24 19:54:43,False,False Positive,True,Analyst investigation performed; packet capture and EDR evidence attached.,HIGH,158,148
CSE-B,ALT-03087,ASSET-081,MEDIUM,Brute Force,2026-03-29 16:42:36,2026-03-29 18:04:06,2026-03-29 18:21:06,2026-03-29 18:46:28,2026-03-29 19:59:18,False,True Positive,True,Alert correlated with threat intel; full timeline documented.,CRITICAL,111,96
CSE-B,ALT-03088,ASSET-075,MEDIUM,Brute Force,2026-04-11 13:50:49,2026-04-11 15:13:20,2026-04-11 15:38:20,2026-04-11 18:10:48,2026-04-12 00:38:49,False,False Positive,True,Alert correlated with threat intel; full timeline documented.,MEDIUM,145,138
CSE-A,ALT-03089,ASSET-028,MEDIUM,Brute Force,2026-06-22 12:09:14,2026-06-22 12:19:16,2026-06-22 12:23:16,2026-06-22 16:24:05,2026-06-22 15:00:21,False,True Positive,True,Investigation completed; evidence recorded and escalated per playbook.,MEDIUM,116,115
CSE-D,ALT-03090,ASSET-031,CRITICAL,Brute Force,2026-01-09 15:32:52,2026-01-09 15:40:19,2026-01-09 16:00:19,2026-01-09 19:50:18,2026-01-10 05:54:48,False,False Positive,True,Alert correlated with threat intel; full timeline documented.,CRITICAL,102,89
CSE-D,ALT-03091,ASSET-079,HIGH,Unauthorized Access,2026-05-13 12:18:26,2026-05-13 12:38:58,,,2026-05-13 14:26:00,False,False Positive,False,,HIGH,134,124
CSE-D,ALT-03092,ASSET-011,MEDIUM,Phishing,2026-04-30 00:30:04,2026-04-30 00:37:43,2026-04-30 00:55:43,2026-04-30 02:59:26,2026-04-30 14:24:32,False,False Positive,True,Analyst investigation performed; packet capture and EDR evidence attached.,MEDIUM,128,106
CSE-D,ALT-03093,ASSET-052,MEDIUM,Privilege Escalation,2026-01-11 15:42:22,2026-01-11 15:49:57,2026-01-11 15:56:57,2026-01-11 16:36:59,2026-01-11 22:25:20,False,Benign True Positive,True,Investigation completed; evidence recorded and escalated per playbook.,HIGH,182,158
CSE-B,ALT-03094,ASSET-011,HIGH,Suspicious Login,2026-01-14 15:34:59,2026-01-14 16:24:45,2026-01-14 16:40:45,2026-01-14 19:31:13,2026-01-14 18:53:04,False,Benign True Positive,True,Investigation completed; evidence recorded and escalated per playbook.,HIGH,70,43
CSE-B,ALT-03095,ASSET-072,CRITICAL,Unauthorized Access,2026-05-21 11:57:04,2026-05-21 13:05:05,2026-05-21 13:29:05,2026-05-21 15:23:31,2026-05-21 14:03:47,False,Under Investigation,True,Analyst investigation performed; packet capture and EDR evidence attached.,CRITICAL,169,98
CSE-D,ALT-03096,ASSET-093,MEDIUM,Suspicious Login,2026-03-02 15:38:44,2026-03-02 15:51:16,2026-03-02 16:04:16,2026-03-02 19:25:54,2026-03-03 02:03:16,False,Benign True Positive,True,Analyst investigation performed; packet capture and EDR evidence attached.,CRITICAL,165,153
CSE-A,ALT-03097,ASSET-091,LOW,Unauthorized Access,2026-04-15 11:51:48,2026-04-15 11:58:43,2026-04-15 12:16:43,2026-04-15 15:44:38,2026-04-15 13:11:51,True,Under Investigation,True,Analyst reviewed logs and confirmed activity with evidence archived.,MEDIUM,83,88
CSE-B,ALT-03098,ASSET-095,MEDIUM,Phishing,2026-05-05 14:01:33,2026-05-05 15:16:37,2026-05-05 15:29:37,2026-05-05 15:36:25,2026-05-05 18:14:53,False,False Positive,True,Analyst investigation performed; packet capture and EDR evidence attached.,HIGH,147,134
CSE-C,ALT-03099,ASSET-024,HIGH,Brute Force,2026-06-21 12:35:24,2026-06-21 13:04:18,2026-06-21 13:24:18,2026-06-21 13:38:29,2026-06-21 15:17:28,False,False Positive,True,Analyst reviewed logs and confirmed activity with evidence archived.,HIGH,91,18
CSE-E,ALT-03100,ASSET-089,MEDIUM,Unauthorized Access,2026-01-22 12:18:08,2026-01-22 14:05:14,2026-01-22 14:22:14,2026-01-22 14:28:49,2026-01-22 17:03:38,False,Benign True Positive,True,Alert correlated with threat intel; full timeline documented.,HIGH,89,70
CSE-B,ALT-03101,ASSET-032,LOW,Data Exfiltration,2026-06-23 09:18:17,2026-06-23 10:06:57,2026-06-23 10:19:57,2026-06-23 13:15:54,2026-06-23 13:48:35,False,Benign True Positive,True,Alert correlated with threat intel; full timeline documented.,CRITICAL,103,83
CSE-A,ALT-03102,ASSET-024,LOW,Privilege Escalation,2026-05-30 14:58:10,2026-05-30 15:15:24,2026-05-30 15:40:24,2026-05-30 20:36:52,2026-05-30 22:00:19,False,Escalated to Tier-2,True,Alert correlated with threat intel; full timeline documented.,CRITICAL,100,92
CSE-A,ALT-03103,ASSET-089,MEDIUM,Phishing,2026-02-01 15:02:51,2026-02-01 15:33:28,,,2026-02-01 19:29:38,True,False Positive,False,N/A,MEDIUM,112,114
CSE-A,ALT-03104,ASSET-036,LOW,Unauthorized Access,2026-04-21 02:55:54,2026-04-21 03:09:30,2026-04-21 03:32:30,2026-04-21 04:52:38,2026-04-21 14:00:01,False,Benign True Positive,True,Analyst reviewed logs and confirmed activity with evidence archived.,MEDIUM,129,97
CSE-E,ALT-03105,ASSET-010,HIGH,Privilege Escalation,2026-06-26 14:01:14,2026-06-26 14:29:05,2026-06-26 14:33:05,2026-06-26 16:41:15,2026-06-26 20:52:29,False,Under Investigation,True,Investigation completed; evidence recorded and escalated per playbook.,HIGH,84,50
CSE-E,ALT-03106,ASSET-089,HIGH,Network Anomaly,2026-05-12 17:26:58,2026-05-12 17:46:10,2026-05-12 18:03:10,2026-05-12 19:26:38,2026-05-12 20:44:26,False,True Positive,True,"Reviewed source IP, asset logs and correlated with previous alerts.",MEDIUM,188,87
CSE-D,ALT-03107,ASSET-096,MEDIUM,Privilege Escalation,2026-05-29 17:09:01,2026-05-29 17:26:47,2026-05-29 17:42:47,2026-05-29 19:18:25,2026-05-30 06:23:03,False,Benign True Positive,True,Analyst reviewed logs and confirmed activity with evidence archived.,HIGH,176,183
CSE-A,ALT-03108,ASSET-064,LOW,Suspicious Login,2026-01-22 12:53:30,2026-01-22 12:56:41,2026-01-22 13:20:41,2026-01-22 14:12:05,2026-01-22 15:16:05,False,False Positive,True,Alert correlated with threat intel; full timeline documented.,CRITICAL,98,94
CSE-A,ALT-03109,ASSET-033,LOW,Unauthorized Access,2026-02-11 12:31:00,2026-02-11 12:50:13,2026-02-11 12:51:13,2026-02-11 13:50:32,2026-02-12 00:27:20,False,True Positive,True,"Reviewed source IP, asset logs and correlated with previous alerts.",MEDIUM,180,153
CSE-A,ALT-03110,ASSET-027,MEDIUM,Suspicious Login,2026-02-28 12:56:05,2026-02-28 13:05:42,2026-02-28 13:24:42,2026-02-28 18:16:15,2026-02-28 16:54:15,False,False Positive,True,Alert correlated with threat intel; full timeline documented.,MEDIUM,175,130
CSE-B,ALT-03111,ASSET-059,MEDIUM,Unauthorized Access,2026-05-10 20:03:00,2026-05-10 20:09:47,,,2026-05-11 04:29:26,False,True Positive,False,N/A,MEDIUM,78,63
CSE-E,ALT-03112,ASSET-084,LOW,Suspicious Login,2026-04-06 10:07:12,2026-04-06 11:19:32,,,2026-04-06 15:35:39,False,False Positive,False,,CRITICAL,155,115
CSE-E,ALT-03113,ASSET-068,HIGH,Phishing,2026-02-13 12:30:16,2026-02-13 13:07:18,2026-02-13 13:30:18,2026-02-13 15:57:59,2026-02-13 19:44:08,False,True Positive,True,Analyst investigation performed; packet capture and EDR evidence attached.,HIGH,108,71
CSE-D,ALT-03114,ASSET-018,HIGH,Malware,2026-05-14 13:40:34,2026-05-14 13:52:49,2026-05-14 14:12:49,2026-05-14 18:09:07,2026-05-15 02:46:49,False,False Positive,True,Alert correlated with threat intel; full timeline documented.,MEDIUM,123,107
CSE-D,ALT-03115,ASSET-055,MEDIUM,Brute Force,2026-04-26 18:19:14,2026-04-26 18:32:26,2026-04-26 18:48:26,2026-04-26 23:31:31,2026-04-26 19:44:20,False,Escalated to Tier-2,True,Analyst reviewed logs and confirmed activity with evidence archived.,CRITICAL,157,150
CSE-C,ALT-03116,ASSET-079,MEDIUM,Phishing,2026-04-18 12:26:05,2026-04-18 12:53:40,,,2026-04-18 16:10:23,False,Benign True Positive,False,N/A,CRITICAL,168,13
CSE-C,ALT-03117,ASSET-009,LOW,Privilege Escalation,2026-01-30 15:25:18,2026-01-30 16:19:54,,,2026-01-30 23:02:55,False,Escalated to Tier-2,False,,MEDIUM,168,19
CSE-C,ALT-03118,ASSET-084,MEDIUM,Phishing,2026-02-11 05:30:17,2026-02-11 06:25:43,,,2026-02-11 07:47:21,False,Benign True Positive,False,Closed quickly — no notes.,MEDIUM,195,105
CSE-E,ALT-03119,ASSET-031,CRITICAL,Network Anomaly,2026-04-01 12:28:10,2026-04-01 14:05:27,,,2026-04-01 20:40:25,False,Escalated to Tier-2,False,Closed quickly — no notes.,CRITICAL,174,130
CSE-C,ALT-03120,ASSET-021,CRITICAL,Data Exfiltration,2026-02-16 12:44:22,2026-02-16 13:07:29,2026-02-16 13:23:29,2026-02-16 13:43:02,2026-02-16 17:42:20,False,Under Investigation,True,"Reviewed source IP, asset logs and correlated with previous alerts.",CRITICAL,162,84
CSE-E,ALT-03121,ASSET-021,MEDIUM,Phishing,2026-02-06 10:53:47,2026-02-06 11:47:33,2026-02-06 11:58:33,2026-02-06 13:49:51,2026-02-06 18:21:19,False,Benign True Positive,True,Investigation completed; evidence recorded and escalated per playbook.,HIGH,74,58
CSE-D,ALT-03122,ASSET-030,MEDIUM,Unauthorized Access,2026-03-18 13:32:59,2026-03-18 13:43:59,2026-03-18 14:00:59,2026-03-18 16:49:08,2026-03-18 18:25:09,False,False Positive,True,Investigation completed; evidence recorded and escalated per playbook.,CRITICAL,160,168
CSE-A,ALT-03123,ASSET-022,CRITICAL,Network Anomaly,2026-02-14 12:14:36,2026-02-14 12:34:22,2026-02-14 12:35:22,2026-02-14 14:14:24,2026-02-14 20:38:02,False,False Positive,True,Analyst reviewed logs and confirmed activity with evidence archived.,CRITICAL,165,125
CSE-A,ALT-03124,ASSET-070,MEDIUM,Unauthorized Access,2026-01-18 13:09:52,2026-01-18 13:36:38,,,2026-01-18 18:58:41,False,False Positive,False,Closed quickly — no notes.,CRITICAL,126,123
CSE-E,ALT-03125,ASSET-050,LOW,Malware,2026-03-17 17:19:15,2026-03-17 18:09:17,2026-03-17 18:13:17,2026-03-17 20:30:07,2026-03-17 23:43:54,False,False Positive,True,Analyst investigation performed; packet capture and EDR evidence attached.,CRITICAL,112,94
CSE-C,ALT-03126,ASSET-014,HIGH,Data Exfiltration,2026-02-28 09:05:52,2026-02-28 10:03:03,2026-02-28 10:08:03,2026-02-28 10:38:00,2026-02-28 14:37:43,False,True Positive,True,Analyst reviewed logs and confirmed activity with evidence archived.,CRITICAL,161,31
CSE-E,ALT-03127,ASSET-018,CRITICAL,Malware,2026-06-29 09:20:09,2026-06-29 10:23:14,2026-06-29 10:35:14,2026-06-29 13:24:47,2026-06-29 17:57:56,True,False Positive,True,Analyst reviewed logs and confirmed activity with evidence archived.,CRITICAL,79,56
CSE-E,ALT-03128,ASSET-052,LOW,Network Anomaly,2026-04-14 17:58:21,2026-04-14 19:35:38,2026-04-14 19:56:38,2026-04-14 21:40:29,2026-04-15 01:33:10,False,False Positive,True,Investigation completed; evidence recorded and escalated per playbook.,MEDIUM,192,100
CSE-A,ALT-03129,ASSET-017,CRITICAL,Malware,2026-03-11 15:30:42,2026-03-11 15:45:33,2026-03-11 15:53:33,2026-03-11 18:34:14,2026-03-12 03:31:26,True,True Positive,True,"Reviewed source IP, asset logs and correlated with previous alerts.",HIGH,182,141
CSE-A,ALT-03130,ASSET-054,LOW,Brute Force,2026-01-23 14:52:08,2026-01-23 14:55:39,2026-01-23 15:12:39,2026-01-23 16:20:13,2026-01-24 02:52:57,True,False Positive,True,Alert correlated with threat intel; full timeline documented.,MEDIUM,163,130
CSE-D,ALT-03131,ASSET-017,CRITICAL,Phishing,2026-06-26 17:06:12,2026-06-26 17:22:57,2026-06-26 17:31:57,2026-06-26 19:47:20,2026-06-27 00:22:44,True,Benign True Positive,True,"Reviewed source IP, asset logs and correlated with previous alerts.",CRITICAL,170,149
CSE-D,ALT-03132,ASSET-013,CRITICAL,Network Anomaly,2026-03-20 19:42:00,2026-03-20 20:02:58,2026-03-20 20:23:58,2026-03-20 21:57:22,2026-03-21 03:25:33,True,True Positive,True,Analyst reviewed logs and confirmed activity with evidence archived.,HIGH,159,164
CSE-A,ALT-03133,ASSET-048,CRITICAL,Unauthorized Access,2026-03-27 13:16:24,2026-03-27 13:36:47,2026-03-27 13:45:47,2026-03-27 16:41:44,2026-03-28 00:01:39,False,False Positive,True,Alert correlated with threat intel; full timeline documented.,HIGH,88,69
CSE-A,ALT-03134,ASSET-003,CRITICAL,Brute Force,2026-06-28 12:03:39,2026-06-28 12:06:35,2026-06-28 12:27:35,2026-06-28 13:27:57,2026-06-28 15:40:12,False,True Positive,True,Analyst reviewed logs and confirmed activity with evidence archived.,CRITICAL,138,107
CSE-A,ALT-03135,ASSET-094,MEDIUM,Data Exfiltration,2026-03-07 09:25:33,2026-03-07 09:31:52,,,2026-03-07 20:30:27,False,False Positive,False,,HIGH,107,96
CSE-B,ALT-03136,ASSET-066,LOW,Suspicious Login,2026-02-23 16:47:14,2026-02-23 17:32:45,2026-02-23 17:39:45,2026-02-23 19:24:32,2026-02-24 02:36:13,False,False Positive,True,Analyst reviewed logs and confirmed activity with evidence archived.,MEDIUM,162,107
CSE-C,ALT-03137,ASSET-038,LOW,Suspicious Login,2026-03-24 13:12:51,2026-03-24 13:34:11,,,2026-03-24 18:46:32,False,False Positive,False,N/A,CRITICAL,96,25
CSE-D,ALT-03138,ASSET-095,HIGH,Phishing,2026-03-02 17:44:18,2026-03-02 18:04:06,2026-03-02 18:06:06,2026-03-02 22:00:00,2026-03-03 06:09:13,False,True Positive,True,Investigation completed; evidence recorded and escalated per playbook.,CRITICAL,175,176
CSE-E,ALT-03139,ASSET-026,LOW,Unauthorized Access,2026-05-29 17:28:21,2026-05-29 19:02:52,2026-05-29 19:04:52,2026-05-29 19:35:12,2026-05-29 19:45:25,False,Under Investigation,True,Investigation completed; evidence recorded and escalated per playbook.,HIGH,143,83
CSE-A,ALT-03140,ASSET-051,MEDIUM,Suspicious Login,2026-06-04 13:04:30,2026-06-04 13:08:24,2026-06-04 13:17:24,2026-06-04 17:34:50,2026-06-04 14:57:02,False,Escalated to Tier-2,True,Analyst investigation performed; packet capture and EDR evidence attached.,HIGH,196,168
CSE-A,ALT-03141,ASSET-076,LOW,Data Exfiltration,2026-03-12 09:30:11,2026-03-12 09:46:34,2026-03-12 10:07:34,2026-03-12 14:34:17,2026-03-12 12:39:32,False,Under Investigation,True,Analyst reviewed logs and confirmed activity with evidence archived.,HIGH,110,107
CSE-E,ALT-03142,ASSET-040,HIGH,Data Exfiltration,2026-03-18 10:45:07,2026-03-18 10:53:24,2026-03-18 11:18:24,2026-03-18 13:49:57,2026-03-18 16:12:48,True,False Positive,True,Analyst reviewed logs and confirmed activity with evidence archived.,HIGH,124,57
CSE-D,ALT-03143,ASSET-025,LOW,Data Exfiltration,2026-03-21 16:05:24,2026-03-21 16:08:47,2026-03-21 16:24:47,2026-03-21 20:29:59,2026-03-21 17:49:03,False,Benign True Positive,True,Analyst investigation performed; packet capture and EDR evidence attached.,HIGH,103,104
CSE-A,ALT-03144,ASSET-071,MEDIUM,Data Exfiltration,2026-01-19 10:16:45,2026-01-19 10:20:20,2026-01-19 10:42:20,2026-01-19 11:17:33,2026-01-19 19:25:50,True,Benign True Positive,True,Analyst investigation performed; packet capture and EDR evidence attached.,CRITICAL,84,92
CSE-E,ALT-03145,ASSET-026,MEDIUM,Brute Force,2026-05-27 16:43:58,2026-05-27 16:50:42,,,2026-05-28 00:36:14,False,False Positive,False,Closed quickly — no notes.,MEDIUM,92,52
CSE-E,ALT-03146,ASSET-030,MEDIUM,Data Exfiltration,2026-05-17 12:04:31,2026-05-17 12:27:21,2026-05-17 12:51:21,2026-05-17 13:07:27,2026-05-17 13:47:44,False,Escalated to Tier-2,True,Investigation completed; evidence recorded and escalated per playbook.,CRITICAL,137,85
CSE-E,ALT-03147,ASSET-099,LOW,Data Exfiltration,2026-06-01 12:39:54,2026-06-01 13:47:05,,,2026-06-01 23:01:05,True,Escalated to Tier-2,False,N/A,CRITICAL,164,111
CSE-D,ALT-03148,ASSET-065,HIGH,Malware,2026-01-10 12:50:02,2026-01-10 12:57:02,2026-01-10 13:21:02,2026-01-10 14:45:26,2026-01-10 20:45:05,False,False Positive,True,Analyst investigation performed; packet capture and EDR evidence attached.,HIGH,168,150
CSE-A,ALT-03149,ASSET-064,HIGH,Brute Force,2026-06-30 15:55:54,2026-06-30 16:19:53,2026-06-30 16:22:53,2026-06-30 19:12:03,2026-07-01 00:14:01,False,True Positive,True,Alert correlated with threat intel; full timeline documented.,HIGH,170,126
CSE-A,ALT-03150,ASSET-076,CRITICAL,Malware,2026-01-14 12:02:41,2026-01-14 12:32:06,2026-01-14 12:52:06,2026-01-14 13:59:18,2026-01-14 21:25:22,False,Escalated to Tier-2,True,Investigation completed; evidence recorded and escalated per playbook.,CRITICAL,97,87
CSE-C,ALT-03151,ASSET-033,MEDIUM,Brute Force,2026-04-24 10:11:00,2026-04-24 10:35:49,2026-04-24 10:41:49,2026-04-24 10:55:15,2026-04-24 14:13:03,False,Under Investigation,True,Investigation completed; evidence recorded and escalated per playbook.,CRITICAL,129,48
CSE-A,ALT-03152,ASSET-018,MEDIUM,Malware,2026-01-08 05:45:16,2026-01-08 05:52:17,2026-01-08 05:55:17,2026-01-08 07:17:45,2026-01-08 13:02:07,True,Escalated to Tier-2,True,Alert correlated with threat intel; full timeline documented.,HIGH,154,137
CSE-E,ALT-03153,ASSET-010,MEDIUM,Phishing,2026-01-29 17:35:19,2026-01-29 18:44:37,2026-01-29 19:00:37,2026-01-29 19:50:27,2026-01-29 23:29:26,False,Benign True Positive,True,Alert correlated with threat intel; full timeline documented.,MEDIUM,135,62
CSE-D,ALT-03154,ASSET-031,MEDIUM,Brute Force,2026-02-21 10:53:27,2026-02-21 10:58:07,2026-02-21 11:08:07,2026-02-21 15:40:47,2026-02-21 22:11:48,True,True Positive,True,Analyst investigation performed; packet capture and EDR evidence attached.,MEDIUM,168,176
CSE-E,ALT-03155,ASSET-066,HIGH,Phishing,2026-03-31 14:52:00,2026-03-31 16:12:29,2026-03-31 16:37:29,2026-03-31 17:36:41,2026-04-01 01:30:59,True,Under Investigation,True,Analyst reviewed logs and confirmed activity with evidence archived.,CRITICAL,140,114
CSE-E,ALT-03156,ASSET-056,HIGH,Suspicious Login,2026-05-08 16:36:40,2026-05-08 18:06:54,2026-05-08 18:16:54,2026-05-08 20:01:50,2026-05-08 23:33:18,False,False Positive,True,"Reviewed source IP, asset logs and correlated with previous alerts.",MEDIUM,101,51
CSE-A,ALT-03157,ASSET-068,CRITICAL,Privilege Escalation,2026-02-02 02:31:55,2026-02-02 02:54:28,2026-02-02 03:19:28,2026-02-02 06:36:02,2026-02-02 06:59:55,False,Benign True Positive,True,Analyst investigation performed; packet capture and EDR evidence attached.,CRITICAL,164,151
CSE-B,ALT-03158,ASSET-052,HIGH,Privilege Escalation,2026-01-26 14:36:45,2026-01-26 15:02:56,2026-01-26 15:11:56,2026-01-26 17:44:39,2026-01-26 21:43:24,True,True Positive,True,Investigation completed; evidence recorded and escalated per playbook.,HIGH,96,50
CSE-B,ALT-03159,ASSET-044,LOW,Phishing,2026-05-01 17:12:12,2026-05-01 17:24:44,2026-05-01 17:27:44,2026-05-01 18:43:55,2026-05-02 01:24:06,False,True Positive,True,"Reviewed source IP, asset logs and correlated with previous alerts.",MEDIUM,165,143
CSE-D,ALT-03160,ASSET-048,LOW,Data Exfiltration,2026-06-14 10:08:26,2026-06-14 10:21:10,,,2026-06-14 19:07:35,False,False Positive,False,N/A,MEDIUM,89,81
CSE-C,ALT-03161,ASSET-039,MEDIUM,Brute Force,2026-04-23 15:36:16,2026-04-23 15:46:20,,,2026-04-23 16:34:17,False,Escalated to Tier-2,False,Closed quickly — no notes.,MEDIUM,197,30
CSE-B,ALT-03162,ASSET-013,MEDIUM,Phishing,2026-03-26 10:41:36,2026-03-26 11:38:21,,,2026-03-26 18:41:39,False,Under Investigation,False,,HIGH,73,61
CSE-A,ALT-03163,ASSET-005,CRITICAL,Privilege Escalation,2026-02-27 09:13:42,2026-02-27 09:37:20,2026-02-27 09:43:20,2026-02-27 10:08:09,2026-02-27 17:10:04,True,Benign True Positive,True,Alert correlated with threat intel; full timeline documented.,MEDIUM,155,149
CSE-D,ALT-03164,ASSET-055,HIGH,Brute Force,2026-02-27 17:31:01,2026-02-27 17:55:00,2026-02-27 18:12:00,2026-02-27 19:06:21,2026-02-27 23:22:44,False,Benign True Positive,True,Alert correlated with threat intel; full timeline documented.,MEDIUM,88,80
CSE-D,ALT-03165,ASSET-039,MEDIUM,Unauthorized Access,2026-04-21 14:37:07,2026-04-21 15:02:34,2026-04-21 15:03:34,2026-04-21 17:02:09,2026-04-21 18:32:15,False,False Positive,True,Investigation completed; evidence recorded and escalated per playbook.,MEDIUM,88,93
CSE-C,ALT-03166,ASSET-011,LOW,Brute Force,2026-06-20 09:18:25,2026-06-20 09:52:15,,,2026-06-20 10:57:21,False,Under Investigation,False,Closed quickly — no notes.,HIGH,190,86
CSE-E,ALT-03167,ASSET-049,MEDIUM,Phishing,2026-05-11 19:05:49,2026-05-11 19:51:56,2026-05-11 20:11:56,2026-05-11 22:00:51,2026-05-12 04:00:19,False,True Positive,True,Alert correlated with threat intel; full timeline documented.,HIGH,144,64
CSE-A,ALT-03168,ASSET-082,LOW,Data Exfiltration,2026-03-15 23:25:24,2026-03-15 23:44:36,2026-03-16 00:09:36,2026-03-16 03:40:13,2026-03-16 06:22:05,True,True Positive,True,Analyst investigation performed; packet capture and EDR evidence attached.,HIGH,184,155
CSE-A,ALT-03169,ASSET-025,HIGH,Phishing,2026-03-30 11:29:10,2026-03-30 11:54:27,2026-03-30 11:56:27,2026-03-30 13:40:41,2026-03-30 20:15:18,False,Benign True Positive,True,Analyst investigation performed; packet capture and EDR evidence attached.,CRITICAL,148,115
CSE-D,ALT-03170,ASSET-092,MEDIUM,Malware,2026-03-12 15:45:55,2026-03-12 16:10:51,2026-03-12 16:24:51,2026-03-12 17:53:48,2026-03-12 19:55:00,False,Escalated to Tier-2,True,Analyst investigation performed; packet capture and EDR evidence attached.,HIGH,136,120
CSE-A,ALT-03171,ASSET-047,LOW,Privilege Escalation,2026-02-21 16:35:08,2026-02-21 16:51:59,2026-02-21 16:53:59,2026-02-21 20:50:24,2026-02-21 23:54:16,False,Benign True Positive,True,Alert correlated with threat intel; full timeline documented.,MEDIUM,143,112
CSE-B,ALT-03172,ASSET-057,MEDIUM,Data Exfiltration,2026-05-01 12:46:50,2026-05-01 12:59:22,2026-05-01 13:16:22,2026-05-01 14:13:22,2026-05-01 15:51:58,False,True Positive,True,Alert correlated with threat intel; full timeline documented.,MEDIUM,83,58
CSE-D,ALT-03173,ASSET-097,MEDIUM,Phishing,2026-02-04 10:26:58,2026-02-04 10:47:57,2026-02-04 10:54:57,2026-02-04 15:01:41,2026-02-04 20:43:46,False,True Positive,True,Analyst investigation performed; packet capture and EDR evidence attached.,MEDIUM,98,79
CSE-E,ALT-03174,ASSET-022,MEDIUM,Suspicious Login,2026-02-24 17:19:00,2026-02-24 19:02:35,,,2026-02-25 03:34:37,False,False Positive,False,Closed quickly — no notes.,MEDIUM,146,104
CSE-C,ALT-03175,ASSET-100,CRITICAL,Malware,2026-02-02 12:42:51,2026-02-02 12:52:57,2026-02-02 12:59:57,2026-02-02 13:14:27,2026-02-02 13:31:34,False,Under Investigation,True,Investigation completed; evidence recorded and escalated per playbook.,CRITICAL,153,20
CSE-E,ALT-03176,ASSET-040,HIGH,Brute Force,2026-05-20 13:45:12,2026-05-20 13:54:10,2026-05-20 14:04:10,2026-05-20 16:28:00,2026-05-20 18:02:06,True,False Positive,True,Analyst investigation performed; packet capture and EDR evidence attached.,HIGH,103,89
CSE-C,ALT-03177,ASSET-034,MEDIUM,Unauthorized Access,2026-05-13 10:39:38,2026-05-13 11:11:55,,,2026-05-13 17:31:45,False,Under Investigation,False,N/A,HIGH,109,16
CSE-E,ALT-03178,ASSET-070,HIGH,Phishing,2026-02-12 00:17:19,2026-02-12 01:14:36,,,2026-02-12 09:56:54,False,False Positive,False,,HIGH,146,120
CSE-D,ALT-03179,ASSET-014,LOW,Suspicious Login,2026-03-11 10:25:04,2026-03-11 10:40:46,2026-03-11 10:44:46,2026-03-11 12:20:37,2026-03-11 23:41:40,False,Under Investigation,True,Investigation completed; evidence recorded and escalated per playbook.,CRITICAL,132,106
CSE-B,ALT-03180,ASSET-007,LOW,Malware,2026-05-30 13:38:39,2026-05-30 15:07:37,2026-05-30 15:21:37,2026-05-30 16:12:42,2026-05-30 20:15:07,False,True Positive,True,Alert correlated with threat intel; full timeline documented.,HIGH,87,71
CSE-A,ALT-03181,ASSET-019,LOW,Suspicious Login,2026-03-13 12:06:37,2026-03-13 12:20:24,2026-03-13 12:30:24,2026-03-13 12:48:06,2026-03-13 20:32:18,False,False Positive,True,Investigation completed; evidence recorded and escalated per playbook.,MEDIUM,183,158
CSE-D,ALT-03182,ASSET-050,HIGH,Phishing,2026-04-28 04:41:51,2026-04-28 04:59:34,2026-04-28 05:16:34,2026-04-28 10:16:10,2026-04-28 06:37:01,False,True Positive,True,Alert correlated with threat intel; full timeline documented.,CRITICAL,106,96
CSE-C,ALT-03183,ASSET-072,HIGH,Brute Force,2026-06-20 17:08:12,2026-06-20 17:27:56,2026-06-20 17:48:56,2026-06-20 17:53:12,2026-06-20 18:34:02,False,Under Investigation,True,"Reviewed source IP, asset logs and correlated with previous alerts.",MEDIUM,200,41
CSE-D,ALT-03184,ASSET-019,LOW,Suspicious Login,2026-06-01 09:58:12,2026-06-01 10:17:03,2026-06-01 10:36:03,2026-06-01 13:20:14,2026-06-01 13:14:57,False,Benign True Positive,True,Alert correlated with threat intel; full timeline documented.,CRITICAL,87,78
CSE-E,ALT-03185,ASSET-029,CRITICAL,Suspicious Login,2026-03-22 10:39:26,2026-03-22 12:17:22,2026-03-22 12:18:22,2026-03-22 13:35:16,2026-03-22 18:51:14,True,True Positive,True,Analyst investigation performed; packet capture and EDR evidence attached.,HIGH,163,102
CSE-D,ALT-03186,ASSET-075,HIGH,Network Anomaly,2026-01-21 01:26:53,2026-01-21 01:31:01,2026-01-21 01:33:01,2026-01-21 05:05:14,2026-01-21 08:34:00,False,False Positive,True,"Reviewed source IP, asset logs and correlated with previous alerts.",HIGH,141,141
CSE-D,ALT-03187,ASSET-066,HIGH,Unauthorized Access,2026-04-28 13:47:24,2026-04-28 14:10:51,2026-04-28 14:23:51,2026-04-28 18:24:42,2026-04-29 00:59:36,True,True Positive,True,Investigation completed; evidence recorded and escalated per playbook.,CRITICAL,197,189
CSE-A,ALT-03188,ASSET-052,HIGH,Phishing,2026-02-06 16:13:44,2026-02-06 16:24:31,2026-02-06 16:47:31,2026-02-06 18:12:26,2026-02-06 22:03:15,False,True Positive,True,Investigation completed; evidence recorded and escalated per playbook.,CRITICAL,82,72
CSE-B,ALT-03189,ASSET-011,HIGH,Malware,2026-01-14 17:34:06,2026-01-14 18:58:41,2026-01-14 19:10:41,2026-01-14 19:35:29,2026-01-15 02:18:18,True,False Positive,True,Investigation completed; evidence recorded and escalated per playbook.,HIGH,128,95
CSE-B,ALT-03190,ASSET-042,MEDIUM,Malware,2026-01-10 12:41:48,2026-01-10 13:18:53,2026-01-10 13:20:53,2026-01-10 15:33:15,2026-01-10 19:27:56,False,Escalated to Tier-2,True,Analyst reviewed logs and confirmed activity with evidence archived.,CRITICAL,165,99
CSE-C,ALT-03191,ASSET-047,CRITICAL,Phishing,2026-02-14 05:05:44,2026-02-14 05:58:46,,,2026-02-14 05:08:44,False,Under Investigation,False,N/A,HIGH,163,61
CSE-E,ALT-03192,ASSET-099,LOW,Phishing,2026-01-18 16:29:07,2026-01-18 17:29:32,2026-01-18 17:36:32,2026-01-18 19:19:23,2026-01-18 19:55:06,True,Benign True Positive,True,Analyst reviewed logs and confirmed activity with evidence archived.,CRITICAL,103,73
CSE-B,ALT-03193,ASSET-084,HIGH,Privilege Escalation,2026-02-21 15:46:04,2026-02-21 16:27:21,,,2026-02-21 19:01:51,False,Under Investigation,False,N/A,HIGH,88,62
CSE-A,ALT-03194,ASSET-098,LOW,Brute Force,2026-03-17 13:56:35,2026-03-17 14:13:46,2026-03-17 14:17:46,2026-03-17 18:45:01,2026-03-17 15:12:57,True,True Positive,True,Alert correlated with threat intel; full timeline documented.,MEDIUM,124,92
CSE-C,ALT-03195,ASSET-049,HIGH,Unauthorized Access,2026-04-29 12:23:42,2026-04-29 12:30:51,2026-04-29 12:55:51,2026-04-29 13:00:37,2026-04-29 15:29:03,False,Under Investigation,True,"Reviewed source IP, asset logs and correlated with previous alerts.",MEDIUM,106,46
CSE-B,ALT-03196,ASSET-002,LOW,Unauthorized Access,2026-02-15 12:52:37,2026-02-15 13:33:32,2026-02-15 13:58:32,2026-02-15 15:41:32,2026-02-15 19:01:58,False,Benign True Positive,True,Analyst reviewed logs and confirmed activity with evidence archived.,HIGH,140,109
CSE-C,ALT-03197,ASSET-048,LOW,Privilege Escalation,2026-02-26 16:15:58,2026-02-26 16:19:59,,,2026-02-26 17:35:57,False,Under Investigation,False,N/A,CRITICAL,178,38
CSE-E,ALT-03198,ASSET-065,HIGH,Network Anomaly,2026-03-31 09:30:43,2026-03-31 09:36:11,2026-03-31 09:49:11,2026-03-31 11:28:45,2026-03-31 15:45:31,False,Under Investigation,True,"Reviewed source IP, asset logs and correlated with previous alerts.",HIGH,166,78
CSE-C,ALT-03199,ASSET-088,MEDIUM,Network Anomaly,2026-06-06 14:46:00,2026-06-06 15:17:51,2026-06-06 15:40:51,2026-06-06 16:06:29,2026-06-06 19:44:46,False,False Positive,True,Analyst reviewed logs and confirmed activity with evidence archived.,MEDIUM,130,33
CSE-D,ALT-03200,ASSET-063,MEDIUM,Network Anomaly,2026-02-19 12:38:48,2026-02-19 13:00:35,2026-02-19 13:06:35,2026-02-19 17:47:00,2026-02-19 17:30:09,False,True Positive,True,"Reviewed source IP, asset logs and correlated with previous alerts.",CRITICAL,165,128
CSE-C,ALT-03201,ASSET-069,CRITICAL,Privilege Escalation,2026-06-05 06:30:57,2026-06-05 07:11:11,,,2026-06-05 08:58:43,False,Under Investigation,False,,CRITICAL,134,66
CSE-E,ALT-03202,ASSET-044,LOW,Unauthorized Access,2026-01-04 11:59:35,2026-01-04 13:29:04,2026-01-04 13:44:04,2026-01-04 15:48:02,2026-01-04 20:27:21,False,True Positive,True,Analyst reviewed logs and confirmed activity with evidence archived.,HIGH,110,80
CSE-B,ALT-03203,ASSET-080,HIGH,Phishing,2026-02-03 14:32:49,2026-02-03 14:43:14,2026-02-03 14:53:14,2026-02-03 15:54:02,2026-02-03 19:26:51,False,Benign True Positive,True,Analyst investigation performed; packet capture and EDR evidence attached.,HIGH,170,142
CSE-B,ALT-03204,ASSET-033,MEDIUM,Suspicious Login,2026-02-28 11:20:37,2026-02-28 12:03:07,,,2026-02-28 21:07:50,False,True Positive,False,N/A,MEDIUM,177,143
CSE-B,ALT-03205,ASSET-053,MEDIUM,Unauthorized Access,2026-05-10 13:09:23,2026-05-10 14:28:34,2026-05-10 14:48:34,2026-05-10 16:13:33,2026-05-10 16:55:26,False,Benign True Positive,True,Analyst investigation performed; packet capture and EDR evidence attached.,CRITICAL,142,104
CSE-D,ALT-03206,ASSET-013,MEDIUM,Privilege Escalation,2026-06-04 11:04:39,2026-06-04 11:30:16,2026-06-04 11:54:16,2026-06-04 14:05:41,2026-06-04 17:47:59,False,True Positive,True,Investigation completed; evidence recorded and escalated per playbook.,CRITICAL,144,157
CSE-A,ALT-03207,ASSET-018,LOW,Brute Force,2026-03-07 09:01:35,2026-03-07 09:08:47,2026-03-07 09:27:47,2026-03-07 12:55:54,2026-03-07 20:57:56,False,Under Investigation,True,Alert correlated with threat intel; full timeline documented.,MEDIUM,146,121
CSE-B,ALT-03208,ASSET-087,LOW,Brute Force,2026-06-13 00:59:16,2026-06-13 01:50:36,2026-06-13 01:53:36,2026-06-13 02:43:35,2026-06-13 08:41:43,False,Benign True Positive,True,Analyst investigation performed; packet capture and EDR evidence attached.,MEDIUM,148,130
CSE-C,ALT-03209,ASSET-006,MEDIUM,Privilege Escalation,2026-04-19 07:49:25,2026-04-19 08:11:32,,,2026-04-19 15:13:21,False,False Positive,False,,MEDIUM,114,51
CSE-B,ALT-03210,ASSET-079,HIGH,Unauthorized Access,2026-05-11 11:20:00,2026-05-11 11:53:54,,,2026-05-11 14:26:43,False,Under Investigation,False,N/A,HIGH,183,176
CSE-C,ALT-03211,ASSET-021,CRITICAL,Unauthorized Access,2026-06-12 13:30:23,2026-06-12 13:40:39,,,2026-06-12 13:34:01,False,False Positive,False,N/A,MEDIUM,168,44
CSE-B,ALT-03212,ASSET-074,HIGH,Phishing,2026-04-01 14:27:58,2026-04-01 15:13:51,2026-04-01 15:19:51,2026-04-01 15:34:11,2026-04-02 00:18:37,False,Escalated to Tier-2,True,Investigation completed; evidence recorded and escalated per playbook.,CRITICAL,199,166
CSE-E,ALT-03213,ASSET-078,HIGH,Data Exfiltration,2026-03-05 13:01:29,2026-03-05 13:10:23,2026-03-05 13:34:23,2026-03-05 14:34:32,2026-03-05 14:27:23,False,False Positive,True,"Reviewed source IP, asset logs and correlated with previous alerts.",MEDIUM,160,133
CSE-D,ALT-03214,ASSET-035,LOW,Data Exfiltration,2026-02-03 15:23:41,2026-02-03 15:29:06,2026-02-03 15:34:06,2026-02-03 16:26:02,2026-02-04 04:16:33,False,Under Investigation,True,Investigation completed; evidence recorded and escalated per playbook.,MEDIUM,174,158
CSE-C,ALT-03215,ASSET-081,MEDIUM,Malware,2026-03-02 12:37:26,2026-03-02 13:03:41,,,2026-03-02 17:02:23,False,True Positive,False,N/A,HIGH,195,31
CSE-C,ALT-03216,ASSET-016,LOW,Phishing,2026-01-06 10:08:34,2026-01-06 10:50:09,2026-01-06 11:08:09,2026-01-06 11:20:20,2026-01-06 15:29:41,False,Benign True Positive,True,"Reviewed source IP, asset logs and correlated with previous alerts.",HIGH,149,34
CSE-A,ALT-03217,ASSET-096,CRITICAL,Phishing,2026-01-24 15:22:55,2026-01-24 15:42:45,2026-01-24 15:59:45,2026-01-24 20:04:46,2026-01-25 00:35:50,False,True Positive,True,"Reviewed source IP, asset logs and correlated with previous alerts.",CRITICAL,123,87
CSE-E,ALT-03218,ASSET-013,MEDIUM,Unauthorized Access,2026-03-10 08:48:03,2026-03-10 10:35:47,2026-03-10 10:38:47,2026-03-10 13:26:58,2026-03-10 14:55:38,False,False Positive,True,Investigation completed; evidence recorded and escalated per playbook.,HIGH,154,104
CSE-C,ALT-03219,ASSET-084,MEDIUM,Suspicious Login,2026-04-23 12:08:03,2026-04-23 12:16:26,,,2026-04-23 14:34:25,False,Under Investigation,False,,MEDIUM,166,38
CSE-A,ALT-03220,ASSET-004,LOW,Privilege Escalation,2026-06-12 11:06:22,2026-06-12 11:33:30,2026-06-12 11:58:30,2026-06-12 13:58:46,2026-06-12 13:15:23,False,False Positive,True,Investigation completed; evidence recorded and escalated per playbook.,MEDIUM,199,178
CSE-B,ALT-03221,ASSET-038,MEDIUM,Unauthorized Access,2026-04-09 00:24:42,2026-04-09 01:41:38,2026-04-09 02:06:38,2026-04-09 02:14:05,2026-04-09 08:03:23,False,Benign True Positive,True,Analyst reviewed logs and confirmed activity with evidence archived.,CRITICAL,94,53
CSE-B,ALT-03222,ASSET-097,MEDIUM,Phishing,2026-01-06 03:19:42,2026-01-06 04:02:28,2026-01-06 04:17:28,2026-01-06 07:00:29,2026-01-06 07:59:26,False,False Positive,True,Investigation completed; evidence recorded and escalated per playbook.,MEDIUM,152,99
CSE-B,ALT-03223,ASSET-014,MEDIUM,Phishing,2026-04-21 15:06:10,2026-04-21 15:30:28,2026-04-21 15:33:28,2026-04-21 15:55:43,2026-04-21 17:20:46,False,Under Investigation,True,Investigation completed; evidence recorded and escalated per playbook.,CRITICAL,104,94
CSE-C,ALT-03224,ASSET-092,HIGH,Data Exfiltration,2026-03-25 05:57:30,2026-03-25 06:14:04,2026-03-25 06:38:04,2026-03-25 07:00:43,2026-03-25 13:17:36,False,Benign True Positive,True,Alert correlated with threat intel; full timeline documented.,MEDIUM,168,38
CSE-E,ALT-03225,ASSET-032,MEDIUM,Phishing,2026-04-23 12:40:56,2026-04-23 12:56:35,2026-04-23 13:15:35,2026-04-23 16:11:12,2026-04-23 19:00:11,False,Escalated to Tier-2,True,Alert correlated with threat intel; full timeline documented.,HIGH,134,111
CSE-E,ALT-03226,ASSET-022,HIGH,Data Exfiltration,2026-01-02 14:16:21,2026-01-02 15:20:15,,,2026-01-02 20:01:53,False,True Positive,False,Closed quickly — no notes.,MEDIUM,129,63
CSE-A,ALT-03227,ASSET-032,LOW,Phishing,2026-06-17 14:37:58,2026-06-17 15:01:00,2026-06-17 15:23:00,2026-06-17 16:54:35,2026-06-17 15:59:53,True,True Positive,True,Alert correlated with threat intel; full timeline documented.,HIGH,186,175
CSE-A,ALT-03228,ASSET-033,MEDIUM,Brute Force,2026-06-27 12:44:30,2026-06-27 13:02:33,2026-06-27 13:04:33,2026-06-27 15:45:02,2026-06-27 22:28:14,False,True Positive,True,Analyst reviewed logs and confirmed activity with evidence archived.,CRITICAL,189,204
CSE-B,ALT-03229,ASSET-087,HIGH,Network Anomaly,2026-02-04 10:05:36,2026-02-04 10:52:40,,,2026-02-04 11:30:16,False,Benign True Positive,False,,MEDIUM,172,121
CSE-B,ALT-03230,ASSET-014,CRITICAL,Privilege Escalation,2026-04-02 16:24:11,2026-04-02 16:31:05,2026-04-02 16:49:05,2026-04-02 19:05:39,2026-04-03 01:03:46,False,Benign True Positive,True,Analyst investigation performed; packet capture and EDR evidence attached.,CRITICAL,183,109
CSE-E,ALT-03231,ASSET-093,HIGH,Unauthorized Access,2026-05-29 23:22:12,2026-05-29 23:38:05,,,2026-05-30 04:00:27,False,Benign True Positive,False,N/A,CRITICAL,196,105
CSE-D,ALT-03232,ASSET-059,LOW,Brute Force,2026-06-01 09:41:15,2026-06-01 09:57:45,2026-06-01 10:00:45,2026-06-01 11:04:45,2026-06-02 00:55:38,False,Under Investigation,True,"Reviewed source IP, asset logs and correlated with previous alerts.",MEDIUM,120,130
CSE-B,ALT-03233,ASSET-061,HIGH,Privilege Escalation,2026-01-30 14:55:42,2026-01-30 15:09:22,2026-01-30 15:18:22,2026-01-30 15:34:04,2026-01-31 00:05:38,False,False Positive,True,Analyst reviewed logs and confirmed activity with evidence archived.,CRITICAL,187,163
CSE-E,ALT-03234,ASSET-005,LOW,Brute Force,2026-05-15 04:55:06,2026-05-15 06:37:05,,,2026-05-15 14:31:29,False,Under Investigation,False,,HIGH,163,134
CSE-D,ALT-03235,ASSET-051,LOW,Malware,2026-03-06 12:48:44,2026-03-06 13:05:42,2026-03-06 13:24:42,2026-03-06 17:08:12,2026-03-06 16:20:35,False,True Positive,True,"Reviewed source IP, asset logs and correlated with previous alerts.",HIGH,195,205
CSE-A,ALT-03236,ASSET-056,HIGH,Network Anomaly,2026-02-24 16:54:53,2026-02-24 17:01:06,2026-02-24 17:13:06,2026-02-24 21:21:13,2026-02-24 19:44:31,False,Benign True Positive,True,"Reviewed source IP, asset logs and correlated with previous alerts.",CRITICAL,129,128
CSE-E,ALT-03237,ASSET-001,MEDIUM,Suspicious Login,2026-05-03 11:53:33,2026-05-03 13:11:28,2026-05-03 13:20:28,2026-05-03 14:08:53,2026-05-03 19:09:15,False,False Positive,True,Analyst investigation performed; packet capture and EDR evidence attached.,HIGH,173,149
CSE-E,ALT-03238,ASSET-062,HIGH,Data Exfiltration,2026-02-07 10:18:42,2026-02-07 12:09:34,,,2026-02-07 13:07:32,False,True Positive,False,,HIGH,123,73
CSE-C,ALT-03239,ASSET-013,HIGH,Privilege Escalation,2026-01-04 16:04:10,2026-01-04 16:21:11,,,2026-01-04 22:32:00,False,Under Investigation,False,Closed quickly — no notes.,HIGH,117,21
CSE-D,ALT-03240,ASSET-006,LOW,Phishing,2026-01-25 09:54:03,2026-01-25 10:03:17,2026-01-25 10:04:17,2026-01-25 12:31:10,2026-01-25 15:36:08,True,True Positive,True,Alert correlated with threat intel; full timeline documented.,HIGH,191,185
CSE-C,ALT-03241,ASSET-065,LOW,Malware,2026-06-27 11:07:26,2026-06-27 11:46:25,2026-06-27 11:51:25,2026-06-27 12:17:00,2026-06-27 12:56:05,False,Under Investigation,True,Analyst investigation performed; packet capture and EDR evidence attached.,HIGH,146,66
CSE-B,ALT-03242,ASSET-067,LOW,Network Anomaly,2026-03-26 16:35:55,2026-03-26 17:40:04,2026-03-26 18:00:04,2026-03-26 19:53:53,2026-03-27 01:45:18,False,False Positive,True,Alert correlated with threat intel; full timeline documented.,MEDIUM,181,166
CSE-C,ALT-03243,ASSET-075,MEDIUM,Malware,2026-05-16 14:30:48,2026-05-16 14:49:24,2026-05-16 14:59:24,2026-05-16 15:23:48,2026-05-16 15:43:51,False,Under Investigation,True,Investigation completed; evidence recorded and escalated per playbook.,CRITICAL,104,13
CSE-E,ALT-03244,ASSET-061,LOW,Privilege Escalation,2026-02-06 17:14:07,2026-02-06 18:24:33,2026-02-06 18:46:33,2026-02-06 21:21:00,2026-02-06 22:56:27,False,Under Investigation,True,Analyst investigation performed; packet capture and EDR evidence attached.,CRITICAL,76,65
CSE-C,ALT-03245,ASSET-003,HIGH,Privilege Escalation,2026-03-08 13:12:14,2026-03-08 13:21:56,2026-03-08 13:24:56,2026-03-08 13:49:33,2026-03-08 15:28:12,False,True Positive,True,Alert correlated with threat intel; full timeline documented.,MEDIUM,128,49
CSE-D,ALT-03246,ASSET-064,LOW,Privilege Escalation,2026-06-14 19:21:07,2026-06-14 19:44:28,2026-06-14 20:08:28,2026-06-14 22:25:28,2026-06-15 06:14:18,False,Escalated to Tier-2,True,Investigation completed; evidence recorded and escalated per playbook.,MEDIUM,101,103
CSE-C,ALT-03247,ASSET-009,LOW,Unauthorized Access,2026-01-24 10:05:02,2026-01-24 10:33:45,,,2026-01-24 11:27:21,False,Under Investigation,False,N/A,MEDIUM,101,32
CSE-B,ALT-03248,ASSET-030,MEDIUM,Unauthorized Access,2026-03-25 16:18:24,2026-03-25 16:37:43,2026-03-25 16:59:43,2026-03-25 17:24:18,2026-03-26 01:19:18,False,True Positive,True,Analyst reviewed logs and confirmed activity with evidence archived.,MEDIUM,147,123
CSE-D,ALT-03249,ASSET-042,MEDIUM,Suspicious Login,2026-03-28 11:50:48,2026-03-28 12:14:30,2026-03-28 12:27:30,2026-03-28 13:32:28,2026-03-28 23:32:13,True,True Positive,True,Analyst investigation performed; packet capture and EDR evidence attached.,MEDIUM,100,76
CSE-E,ALT-03250,ASSET-060,HIGH,Data Exfiltration,2026-05-20 09:17:02,2026-05-20 10:49:26,2026-05-20 10:57:26,2026-05-20 13:48:36,2026-05-20 18:49:04,False,Benign True Positive,True,Analyst investigation performed; packet capture and EDR evidence attached.,CRITICAL,188,117
CSE-C,ALT-03251,ASSET-050,MEDIUM,Malware,2026-05-21 14:15:23,2026-05-21 14:24:25,,,2026-05-21 19:55:42,False,True Positive,False,Closed quickly — no notes.,CRITICAL,128,50
CSE-B,ALT-03252,ASSET-010,LOW,Phishing,2026-03-23 11:18:52,2026-03-23 12:11:12,2026-03-23 12:31:12,2026-03-23 13:42:03,2026-03-23 15:34:44,False,Under Investigation,True,"Reviewed source IP, asset logs and correlated with previous alerts.",CRITICAL,130,108
CSE-B,ALT-03253,ASSET-030,HIGH,Privilege Escalation,2026-05-16 03:42:15,2026-05-16 04:15:02,2026-05-16 04:36:02,2026-05-16 05:35:02,2026-05-16 12:02:08,False,Benign True Positive,True,Investigation completed; evidence recorded and escalated per playbook.,CRITICAL,101,80
CSE-D,ALT-03254,ASSET-023,HIGH,Data Exfiltration,2026-06-28 14:21:30,2026-06-28 14:46:14,2026-06-28 15:03:14,2026-06-28 16:51:01,2026-06-28 19:23:01,False,Benign True Positive,True,Analyst reviewed logs and confirmed activity with evidence archived.,MEDIUM,99,75
CSE-A,ALT-03255,ASSET-084,HIGH,Malware,2026-05-27 09:50:32,2026-05-27 10:08:09,2026-05-27 10:16:09,2026-05-27 12:16:11,2026-05-27 22:02:01,True,False Positive,True,Analyst investigation performed; packet capture and EDR evidence attached.,HIGH,160,159
CSE-D,ALT-03256,ASSET-041,LOW,Malware,2026-02-11 17:42:09,2026-02-11 18:01:45,2026-02-11 18:23:45,2026-02-11 22:58:25,2026-02-12 04:19:52,False,True Positive,True,Analyst reviewed logs and confirmed activity with evidence archived.,MEDIUM,162,171
CSE-D,ALT-03257,ASSET-065,HIGH,Data Exfiltration,2026-04-05 09:08:23,2026-04-05 09:27:56,,,2026-04-05 18:45:38,False,False Positive,False,Closed quickly — no notes.,CRITICAL,132,130
CSE-A,ALT-03258,ASSET-100,HIGH,Phishing,2026-04-18 11:42:59,2026-04-18 11:51:40,2026-04-18 12:10:40,2026-04-18 16:57:26,2026-04-18 17:15:12,False,Benign True Positive,True,Alert correlated with threat intel; full timeline documented.,HIGH,167,165
CSE-B,ALT-03259,ASSET-060,MEDIUM,Network Anomaly,2026-04-06 11:28:50,2026-04-06 11:53:49,,,2026-04-06 21:51:26,False,True Positive,False,Closed quickly — no notes.,HIGH,123,106
CSE-E,ALT-03260,ASSET-036,LOW,Privilege Escalation,2026-06-09 17:41:24,2026-06-09 18:40:07,2026-06-09 18:44:07,2026-06-09 19:58:10,2026-06-09 23:42:41,False,Under Investigation,True,"Reviewed source IP, asset logs and correlated with previous alerts.",HIGH,177,109
CSE-B,ALT-03261,ASSET-038,LOW,Data Exfiltration,2026-02-25 16:35:03,2026-02-25 17:44:45,2026-02-25 18:00:45,2026-02-25 19:37:38,2026-02-26 00:41:11,False,Escalated to Tier-2,True,Analyst investigation performed; packet capture and EDR evidence attached.,HIGH,178,128
CSE-C,ALT-03262,ASSET-023,LOW,Malware,2026-05-15 14:58:30,2026-05-15 15:06:33,,,2026-05-15 16:25:39,False,True Positive,False,Closed quickly — no notes.,CRITICAL,117,55
CSE-E,ALT-03263,ASSET-056,HIGH,Unauthorized Access,2026-03-31 15:00:11,2026-03-31 15:28:07,,,2026-03-31 16:16:45,False,False Positive,False,Closed quickly — no notes.,CRITICAL,139,91
CSE-E,ALT-03264,ASSET-028,MEDIUM,Unauthorized Access,2026-01-17 17:27:18,2026-01-17 18:13:46,,,2026-01-18 01:31:19,False,False Positive,False,Closed quickly — no notes.,MEDIUM,73,54
CSE-E,ALT-03265,ASSET-028,MEDIUM,Data Exfiltration,2026-06-15 07:32:27,2026-06-15 08:23:06,2026-06-15 08:48:06,2026-06-15 09:01:35,2026-06-15 13:29:33,False,Escalated to Tier-2,True,Alert correlated with threat intel; full timeline documented.,CRITICAL,71,53
CSE-D,ALT-03266,ASSET-063,CRITICAL,Privilege Escalation,2026-03-28 03:45:44,2026-03-28 04:09:36,2026-03-28 04:16:36,2026-03-28 07:00:31,2026-03-28 18:15:06,False,Escalated to Tier-2,True,"Reviewed source IP, asset logs and correlated with previous alerts.",MEDIUM,134,130
CSE-E,ALT-03267,ASSET-041,LOW,Privilege Escalation,2026-03-02 09:20:48,2026-03-02 09:44:13,,,2026-03-02 10:58:20,False,False Positive,False,N/A,MEDIUM,108,62
CSE-B,ALT-03268,ASSET-038,LOW,Malware,2026-04-24 17:52:54,2026-04-24 19:18:52,2026-04-24 19:34:52,2026-04-24 21:51:36,2026-04-25 00:37:18,False,True Positive,True,Analyst investigation performed; packet capture and EDR evidence attached.,CRITICAL,92,54
CSE-D,ALT-03269,ASSET-033,LOW,Suspicious Login,2026-05-01 12:52:47,2026-05-01 13:03:49,2026-05-01 13:20:49,2026-05-01 18:14:54,2026-05-01 23:42:17,False,False Positive,True,Investigation completed; evidence recorded and escalated per playbook.,CRITICAL,196,160
CSE-B,ALT-03270,ASSET-077,MEDIUM,Privilege Escalation,2026-01-27 03:45:37,2026-01-27 04:25:10,2026-01-27 04:43:10,2026-01-27 07:11:58,2026-01-27 12:53:36,False,True Positive,True,"Reviewed source IP, asset logs and correlated with previous alerts.",CRITICAL,129,86
CSE-E,ALT-03271,ASSET-089,LOW,Unauthorized Access,2026-06-13 12:21:20,2026-06-13 13:01:50,,,2026-06-13 18:19:11,False,False Positive,False,Closed quickly — no notes.,MEDIUM,184,95
CSE-D,ALT-03272,ASSET-093,MEDIUM,Data Exfiltration,2026-02-01 22:12:52,2026-02-01 22:34:26,2026-02-01 22:37:26,2026-02-01 23:57:41,2026-02-02 06:48:54,False,Benign True Positive,True,"Reviewed source IP, asset logs and correlated with previous alerts.",CRITICAL,125,105
CSE-B,ALT-03273,ASSET-051,MEDIUM,Network Anomaly,2026-04-26 09:20:17,2026-04-26 09:38:33,,,2026-04-26 19:22:07,False,True Positive,False,Closed quickly — no notes.,CRITICAL,108,73
CSE-A,ALT-03274,ASSET-088,MEDIUM,Suspicious Login,2026-05-10 14:28:48,2026-05-10 14:41:04,2026-05-10 14:58:04,2026-05-10 17:39:06,2026-05-10 20:15:13,True,True Positive,True,Analyst reviewed logs and confirmed activity with evidence archived.,HIGH,142,138
CSE-E,ALT-03275,ASSET-064,HIGH,Unauthorized Access,2026-01-02 15:55:45,2026-01-02 16:54:43,2026-01-02 17:07:43,2026-01-02 20:08:11,2026-01-02 20:49:35,False,Under Investigation,True,Analyst investigation performed; packet capture and EDR evidence attached.,MEDIUM,119,67
CSE-D,ALT-03276,ASSET-097,MEDIUM,Malware,2026-05-26 12:07:52,2026-05-26 12:10:23,2026-05-26 12:34:23,2026-05-26 17:10:38,2026-05-26 22:02:27,False,True Positive,True,"Reviewed source IP, asset logs and correlated with previous alerts.",CRITICAL,192,152
CSE-E,ALT-03277,ASSET-093,LOW,Brute Force,2026-06-06 11:33:45,2026-06-06 13:09:09,2026-06-06 13:22:09,2026-06-06 15:30:27,2026-06-06 19:03:35,False,True Positive,True,Investigation completed; evidence recorded and escalated per playbook.,MEDIUM,107,88
CSE-A,ALT-03278,ASSET-001,MEDIUM,Unauthorized Access,2026-04-30 17:53:53,2026-04-30 18:17:11,2026-04-30 18:35:11,2026-04-30 18:55:59,2026-05-01 04:53:32,False,True Positive,True,Investigation completed; evidence recorded and escalated per playbook.,CRITICAL,148,159
CSE-B,ALT-03279,ASSET-060,HIGH,Data Exfiltration,2026-06-19 10:36:18,2026-06-19 11:04:12,2026-06-19 11:11:12,2026-06-19 14:09:44,2026-06-19 12:36:02,True,Escalated to Tier-2,True,Analyst investigation performed; packet capture and EDR evidence attached.,MEDIUM,115,97
CSE-B,ALT-03280,ASSET-014,MEDIUM,Phishing,2026-01-09 19:30:25,2026-01-09 20:53:14,2026-01-09 21:09:14,2026-01-09 22:11:47,2026-01-10 01:22:54,False,Under Investigation,True,Investigation completed; evidence recorded and escalated per playbook.,CRITICAL,108,56
CSE-A,ALT-03281,ASSET-089,LOW,Privilege Escalation,2026-05-27 09:48:21,2026-05-27 10:02:21,2026-05-27 10:08:21,2026-05-27 11:39:38,2026-05-27 21:54:23,False,Benign True Positive,True,Alert correlated with threat intel; full timeline documented.,CRITICAL,180,186
CSE-D,ALT-03282,ASSET-025,MEDIUM,Malware,2026-01-16 14:16:00,2026-01-16 14:37:43,2026-01-16 14:42:43,2026-01-16 16:56:18,2026-01-16 21:12:06,True,Benign True Positive,True,Investigation completed; evidence recorded and escalated per playbook.,CRITICAL,190,189
CSE-E,ALT-03283,ASSET-053,CRITICAL,Suspicious Login,2026-03-18 11:04:14,2026-03-18 11:14:54,2026-03-18 11:18:54,2026-03-18 11:24:26,2026-03-18 19:56:57,False,Benign True Positive,True,Investigation completed; evidence recorded and escalated per playbook.,CRITICAL,167,89
CSE-C,ALT-03284,ASSET-004,LOW,Brute Force,2026-05-11 11:54:18,2026-05-11 12:02:32,,,2026-05-11 18:44:18,False,True Positive,False,,CRITICAL,112,18
CSE-A,ALT-03285,ASSET-092,HIGH,Suspicious Login,2026-05-19 17:39:57,2026-05-19 17:45:15,,,2026-05-19 22:29:35,True,True Positive,False,Closed quickly — no notes.,CRITICAL,199,201
CSE-D,ALT-03286,ASSET-085,LOW,Malware,2026-06-26 20:28:52,2026-06-26 20:49:13,2026-06-26 20:54:13,2026-06-26 21:56:13,2026-06-27 08:14:43,False,True Positive,True,Investigation completed; evidence recorded and escalated per playbook.,MEDIUM,184,199
CSE-E,ALT-03287,ASSET-078,CRITICAL,Phishing,2026-06-17 21:42:20,2026-06-17 23:34:27,,,2026-06-18 02:05:06,False,False Positive,False,N/A,MEDIUM,194,113
CSE-A,ALT-03288,ASSET-039,MEDIUM,Brute Force,2026-01-28 12:34:46,2026-01-28 12:40:38,2026-01-28 12:55:38,2026-01-28 13:36:43,2026-01-28 15:18:37,True,Escalated to Tier-2,True,Investigation completed; evidence recorded and escalated per playbook.,MEDIUM,195,204
CSE-B,ALT-03289,ASSET-048,LOW,Unauthorized Access,2026-03-09 15:29:09,2026-03-09 16:56:49,2026-03-09 16:57:49,2026-03-09 19:40:24,2026-03-09 20:27:34,False,False Positive,True,"Reviewed source IP, asset logs and correlated with previous alerts.",CRITICAL,122,93
CSE-C,ALT-03290,ASSET-057,LOW,Suspicious Login,2026-01-14 14:22:24,2026-01-14 14:45:50,,,2026-01-14 20:22:35,False,Under Investigation,False,Closed quickly — no notes.,MEDIUM,99,46
CSE-D,ALT-03291,ASSET-096,LOW,Phishing,2026-03-11 10:39:14,2026-03-11 10:41:36,,,2026-03-11 13:54:56,False,True Positive,False,Closed quickly — no notes.,CRITICAL,178,176
CSE-A,ALT-03292,ASSET-092,MEDIUM,Data Exfiltration,2026-01-05 16:15:55,2026-01-05 16:35:27,2026-01-05 16:53:27,2026-01-05 20:52:19,2026-01-06 03:08:38,False,Under Investigation,True,Analyst reviewed logs and confirmed activity with evidence archived.,MEDIUM,193,150
CSE-E,ALT-03293,ASSET-056,MEDIUM,Phishing,2026-01-12 11:24:25,2026-01-12 13:05:30,2026-01-12 13:18:30,2026-01-12 15:37:12,2026-01-12 18:58:13,True,False Positive,True,Investigation completed; evidence recorded and escalated per playbook.,MEDIUM,103,56
CSE-C,ALT-03294,ASSET-061,HIGH,Malware,2026-04-15 14:40:53,2026-04-15 15:23:40,,,2026-04-15 21:45:08,False,False Positive,False,,MEDIUM,133,54
CSE-C,ALT-03295,ASSET-046,MEDIUM,Network Anomaly,2026-06-23 17:15:09,2026-06-23 17:53:16,2026-06-23 18:12:16,2026-06-23 18:30:22,2026-06-24 01:14:31,False,Escalated to Tier-2,True,Investigation completed; evidence recorded and escalated per playbook.,CRITICAL,159,35
CSE-A,ALT-03296,ASSET-047,MEDIUM,Suspicious Login,2026-04-17 17:37:32,2026-04-17 17:59:44,2026-04-17 18:01:44,2026-04-17 19:47:42,2026-04-18 03:20:05,False,True Positive,True,Analyst reviewed logs and confirmed activity with evidence archived.,HIGH,123,113
CSE-B,ALT-03297,ASSET-045,HIGH,Malware,2026-03-29 15:06:27,2026-03-29 15:57:13,2026-03-29 16:09:13,2026-03-29 16:34:50,2026-03-29 20:50:57,False,Benign True Positive,True,Alert correlated with threat intel; full timeline documented.,MEDIUM,134,125
CSE-C,ALT-03298,ASSET-090,LOW,Suspicious Login,2026-06-25 15:20:17,2026-06-25 15:41:40,2026-06-25 16:01:40,2026-06-25 16:05:51,2026-06-25 17:48:44,False,Escalated to Tier-2,True,Analyst investigation performed; packet capture and EDR evidence attached.,HIGH,126,69
CSE-C,ALT-03299,ASSET-020,LOW,Suspicious Login,2026-02-17 08:04:09,2026-02-17 08:44:49,,,2026-02-17 13:21:45,False,Escalated to Tier-2,False,N/A,HIGH,166,79
CSE-B,ALT-03300,ASSET-009,CRITICAL,Phishing,2026-06-07 22:04:21,2026-06-07 22:11:57,,,2026-06-08 07:46:38,False,Benign True Positive,False,Closed quickly — no notes.,CRITICAL,113,81
CSE-A,ALT-03301,ASSET-049,LOW,Privilege Escalation,2026-05-25 11:52:06,2026-05-25 11:59:12,2026-05-25 12:16:12,2026-05-25 14:55:36,2026-05-25 16:54:18,False,False Positive,True,"Reviewed source IP, asset logs and correlated with previous alerts.",HIGH,194,203
CSE-B,ALT-03302,ASSET-047,LOW,Unauthorized Access,2026-02-26 14:02:52,2026-02-26 14:32:04,2026-02-26 14:34:04,2026-02-26 14:59:26,2026-02-26 20:04:04,False,Under Investigation,True,Alert correlated with threat intel; full timeline documented.,MEDIUM,154,132
CSE-C,ALT-03303,ASSET-079,LOW,Phishing,2026-04-10 15:07:13,2026-04-10 15:29:52,,,2026-04-10 21:43:24,False,Under Investigation,False,,HIGH,109,30
CSE-D,ALT-03304,ASSET-050,HIGH,Brute Force,2026-06-18 16:13:58,2026-06-18 16:27:24,2026-06-18 16:52:24,2026-06-18 19:49:21,2026-06-19 00:18:43,True,True Positive,True,Alert correlated with threat intel; full timeline documented.,HIGH,145,133
CSE-A,ALT-03305,ASSET-077,CRITICAL,Unauthorized Access,2026-05-27 15:41:36,2026-05-27 15:56:14,2026-05-27 16:02:14,2026-05-27 18:41:11,2026-05-27 19:19:28,True,True Positive,True,Analyst investigation performed; packet capture and EDR evidence attached.,CRITICAL,120,94
CSE-B,ALT-03306,ASSET-061,MEDIUM,Data Exfiltration,2026-05-08 13:51:28,2026-05-08 14:54:08,2026-05-08 15:10:08,2026-05-08 16:10:22,2026-05-08 22:28:55,False,True Positive,True,"Reviewed source IP, asset logs and correlated with previous alerts.",MEDIUM,178,136
CSE-A,ALT-03307,ASSET-082,MEDIUM,Phishing,2026-03-27 14:36:59,2026-03-27 14:56:52,2026-03-27 15:00:52,2026-03-27 18:55:35,2026-03-27 20:58:31,False,False Positive,True,Investigation completed; evidence recorded and escalated per playbook.,CRITICAL,166,150
CSE-C,ALT-03308,ASSET-049,HIGH,Network Anomaly,2026-04-07 17:55:42,2026-04-07 18:20:36,,,2026-04-07 21:17:03,False,True Positive,False,Closed quickly — no notes.,MEDIUM,115,44
CSE-B,ALT-03309,ASSET-078,MEDIUM,Unauthorized Access,2026-04-14 17:31:06,2026-04-14 18:55:46,2026-04-14 19:10:46,2026-04-14 20:13:12,2026-04-15 01:10:13,False,True Positive,True,Alert correlated with threat intel; full timeline documented.,CRITICAL,81,71
CSE-D,ALT-03310,ASSET-061,MEDIUM,Suspicious Login,2026-06-20 15:22:45,2026-06-20 15:39:11,2026-06-20 15:48:11,2026-06-20 19:58:55,2026-06-20 23:40:33,False,Benign True Positive,True,Alert correlated with threat intel; full timeline documented.,HIGH,133,111
CSE-B,ALT-03311,ASSET-024,HIGH,Suspicious Login,2026-02-20 13:21:52,2026-02-20 14:10:38,2026-02-20 14:19:38,2026-02-20 15:32:16,2026-02-20 22:27:05,False,Benign True Positive,True,Analyst reviewed logs and confirmed activity with evidence archived.,HIGH,147,132
CSE-A,ALT-03312,ASSET-054,CRITICAL,Privilege Escalation,2026-06-15 10:12:35,2026-06-15 10:21:48,2026-06-15 10:46:48,2026-06-15 11:10:19,2026-06-15 15:11:35,True,False Positive,True,Analyst reviewed logs and confirmed activity with evidence archived.,CRITICAL,104,113
CSE-A,ALT-03313,ASSET-054,MEDIUM,Privilege Escalation,2026-01-23 12:24:34,2026-01-23 12:47:58,2026-01-23 13:06:58,2026-01-23 16:48:42,2026-01-23 18:47:37,False,Benign True Positive,True,"Reviewed source IP, asset logs and correlated with previous alerts.",MEDIUM,91,68
CSE-A,ALT-03314,ASSET-052,LOW,Network Anomaly,2026-04-02 12:38:35,2026-04-02 13:03:16,2026-04-02 13:12:16,2026-04-02 13:56:07,2026-04-02 18:22:22,False,True Positive,True,Investigation completed; evidence recorded and escalated per playbook.,HIGH,166,125
CSE-D,ALT-03315,ASSET-041,HIGH,Phishing,2026-05-15 16:09:05,2026-05-15 16:31:56,2026-05-15 16:32:56,2026-05-15 19:16:46,2026-05-16 06:56:57,False,Escalated to Tier-2,True,Analyst investigation performed; packet capture and EDR evidence attached.,MEDIUM,141,155
CSE-E,ALT-03316,ASSET-077,MEDIUM,Network Anomaly,2026-04-03 13:19:50,2026-04-03 14:57:44,2026-04-03 15:07:44,2026-04-03 17:43:59,2026-04-03 23:12:48,False,False Positive,True,Analyst investigation performed; packet capture and EDR evidence attached.,MEDIUM,187,124
CSE-C,ALT-03317,ASSET-010,MEDIUM,Phishing,2026-06-25 09:23:21,2026-06-25 10:20:08,2026-06-25 10:27:08,2026-06-25 10:49:11,2026-06-25 15:42:55,False,True Positive,True,Analyst reviewed logs and confirmed activity with evidence archived.,MEDIUM,179,51
CSE-D,ALT-03318,ASSET-075,MEDIUM,Suspicious Login,2026-03-17 15:51:27,2026-03-17 16:00:54,2026-03-17 16:12:54,2026-03-17 17:24:02,2026-03-17 18:26:20,True,False Positive,True,Analyst investigation performed; packet capture and EDR evidence attached.,HIGH,192,157
CSE-B,ALT-03319,ASSET-015,HIGH,Data Exfiltration,2026-05-24 13:30:35,2026-05-24 14:55:50,2026-05-24 15:20:50,2026-05-24 18:08:11,2026-05-24 16:06:36,False,Under Investigation,True,Alert correlated with threat intel; full timeline documented.,HIGH,78,67
CSE-C,ALT-03320,ASSET-017,CRITICAL,Unauthorized Access,2026-02-09 12:25:46,2026-02-09 12:47:11,2026-02-09 12:55:11,2026-02-09 13:06:03,2026-02-09 12:29:51,False,False Positive,True,"Reviewed source IP, asset logs and correlated with previous alerts.",CRITICAL,158,47
CSE-E,ALT-03321,ASSET-087,HIGH,Network Anomaly,2026-02-04 22:39:32,2026-02-04 23:41:34,2026-02-04 23:50:34,2026-02-05 01:29:59,2026-02-05 05:42:30,False,Under Investigation,True,Investigation completed; evidence recorded and escalated per playbook.,MEDIUM,190,119
CSE-A,ALT-03322,ASSET-084,MEDIUM,Malware,2026-06-22 09:41:35,2026-06-22 10:02:02,2026-06-22 10:11:02,2026-06-22 12:22:43,2026-06-22 20:47:51,False,False Positive,True,Investigation completed; evidence recorded and escalated per playbook.,MEDIUM,197,157
CSE-A,ALT-03323,ASSET-025,LOW,Privilege Escalation,2026-06-16 16:15:13,2026-06-16 16:24:37,2026-06-16 16:46:37,2026-06-16 17:42:38,2026-06-16 21:18:20,True,True Positive,True,Analyst reviewed logs and confirmed activity with evidence archived.,CRITICAL,193,168
CSE-D,ALT-03324,ASSET-006,MEDIUM,Network Anomaly,2026-02-28 01:20:34,2026-02-28 01:25:00,2026-02-28 01:27:00,2026-02-28 03:23:21,2026-02-28 05:57:46,False,Escalated to Tier-2,True,Analyst reviewed logs and confirmed activity with evidence archived.,HIGH,144,145
CSE-E,ALT-03325,ASSET-040,LOW,Phishing,2026-02-04 14:38:52,2026-02-04 14:56:32,2026-02-04 15:10:32,2026-02-04 17:30:18,2026-02-04 19:10:09,False,Under Investigation,True,Analyst investigation performed; packet capture and EDR evidence attached.,MEDIUM,166,107
CSE-E,ALT-03326,ASSET-004,MEDIUM,Data Exfiltration,2026-06-24 13:11:24,2026-06-24 14:17:51,,,2026-06-24 23:45:59,False,True Positive,False,Closed quickly — no notes.,MEDIUM,123,76
CSE-E,ALT-03327,ASSET-095,LOW,Network Anomaly,2026-03-16 09:10:14,2026-03-16 10:19:56,2026-03-16 10:36:56,2026-03-16 12:54:50,2026-03-16 17:05:39,False,False Positive,True,"Reviewed source IP, asset logs and correlated with previous alerts.",MEDIUM,159,90
CSE-B,ALT-03328,ASSET-034,HIGH,Network Anomaly,2026-06-10 10:39:03,2026-06-10 11:58:20,2026-06-10 12:16:20,2026-06-10 12:32:42,2026-06-10 20:15:13,False,Benign True Positive,True,Investigation completed; evidence recorded and escalated per playbook.,MEDIUM,200,124
CSE-E,ALT-03329,ASSET-098,LOW,Unauthorized Access,2026-01-13 00:58:49,2026-01-13 02:35:18,2026-01-13 02:58:18,2026-01-13 03:59:54,2026-01-13 12:26:13,False,False Positive,True,"Reviewed source IP, asset logs and correlated with previous alerts.",MEDIUM,178,130
CSE-C,ALT-03330,ASSET-088,CRITICAL,Malware,2026-06-01 16:01:48,2026-06-01 16:24:06,,,2026-06-01 21:44:02,False,Under Investigation,False,N/A,MEDIUM,155,55
CSE-C,ALT-03331,ASSET-033,CRITICAL,Unauthorized Access,2026-03-01 10:21:59,2026-03-01 11:07:23,,,2026-03-01 10:26:40,False,False Positive,False,,CRITICAL,111,26
CSE-C,ALT-03332,ASSET-062,HIGH,Phishing,2026-05-20 16:38:16,2026-05-20 16:59:52,2026-05-20 17:20:52,2026-05-20 17:39:28,2026-05-20 18:10:41,False,False Positive,True,"Reviewed source IP, asset logs and correlated with previous alerts.",HIGH,156,47
CSE-C,ALT-03333,ASSET-058,MEDIUM,Brute Force,2026-05-21 02:49:24,2026-05-21 03:11:10,,,2026-05-21 04:24:52,False,Under Investigation,False,Closed quickly — no notes.,MEDIUM,188,71
CSE-A,ALT-03334,ASSET-030,HIGH,Unauthorized Access,2026-02-19 14:02:57,2026-02-19 14:10:51,2026-02-19 14:17:51,2026-02-19 14:49:02,2026-02-20 01:49:22,False,False Positive,True,Investigation completed; evidence recorded and escalated per playbook.,HIGH,150,133
CSE-D,ALT-03335,ASSET-062,LOW,Unauthorized Access,2026-01-08 11:28:55,2026-01-08 11:34:02,2026-01-08 11:57:02,2026-01-08 13:37:19,2026-01-08 22:09:29,True,Under Investigation,True,Investigation completed; evidence recorded and escalated per playbook.,HIGH,144,150
CSE-C,ALT-03336,ASSET-069,MEDIUM,Brute Force,2026-05-20 10:07:38,2026-05-20 10:47:04,,,2026-05-20 12:28:34,False,Escalated to Tier-2,False,N/A,HIGH,97,30
CSE-D,ALT-03337,ASSET-017,HIGH,Privilege Escalation,2026-06-01 11:48:12,2026-06-01 11:57:56,2026-06-01 11:58:56,2026-06-01 14:35:24,2026-06-01 15:33:55,False,Escalated to Tier-2,True,"Reviewed source IP, asset logs and correlated with previous alerts.",CRITICAL,169,183
CSE-C,ALT-03338,ASSET-010,LOW,Brute Force,2026-01-27 14:52:36,2026-01-27 15:18:34,,,2026-01-27 22:52:02,False,Under Investigation,False,N/A,CRITICAL,175,90
CSE-D,ALT-03339,ASSET-012,MEDIUM,Brute Force,2026-04-09 14:23:39,2026-04-09 14:32:12,2026-04-09 14:45:12,2026-04-09 16:12:53,2026-04-10 00:16:00,False,Under Investigation,True,Alert correlated with threat intel; full timeline documented.,HIGH,153,119
CSE-E,ALT-03340,ASSET-072,HIGH,Phishing,2026-06-25 11:13:27,2026-06-25 12:41:12,,,2026-06-25 21:52:08,False,False Positive,False,N/A,MEDIUM,188,110
CSE-B,ALT-03341,ASSET-047,HIGH,Phishing,2026-01-16 17:22:50,2026-01-16 18:08:39,,,2026-01-16 21:21:33,True,Benign True Positive,False,Closed quickly — no notes.,HIGH,115,87
CSE-D,ALT-03342,ASSET-012,MEDIUM,Unauthorized Access,2026-04-26 17:53:26,2026-04-26 18:09:01,2026-04-26 18:19:01,2026-04-26 21:29:42,2026-04-27 08:02:38,False,Benign True Positive,True,"Reviewed source IP, asset logs and correlated with previous alerts.",MEDIUM,181,150
CSE-D,ALT-03343,ASSET-038,HIGH,Suspicious Login,2026-04-12 09:53:33,2026-04-12 09:59:11,2026-04-12 10:09:11,2026-04-12 12:50:46,2026-04-12 12:01:00,False,True Positive,True,Analyst investigation performed; packet capture and EDR evidence attached.,CRITICAL,139,122
CSE-E,ALT-03344,ASSET-041,CRITICAL,Suspicious Login,2026-01-24 17:39:27,2026-01-24 19:29:26,2026-01-24 19:38:26,2026-01-24 21:59:18,2026-01-25 03:17:31,False,True Positive,True,"Reviewed source IP, asset logs and correlated with previous alerts.",CRITICAL,184,80
CSE-E,ALT-03345,ASSET-055,CRITICAL,Suspicious Login,2026-03-15 15:21:09,2026-03-15 17:21:13,,,2026-03-15 15:24:23,False,Under Investigation,False,,CRITICAL,163,138
CSE-D,ALT-03346,ASSET-065,LOW,Malware,2026-02-18 09:49:28,2026-02-18 09:52:32,2026-02-18 10:11:32,2026-02-18 13:38:17,2026-02-18 19:08:21,False,True Positive,True,Investigation completed; evidence recorded and escalated per playbook.,MEDIUM,172,141
CSE-D,ALT-03347,ASSET-061,MEDIUM,Data Exfiltration,2026-04-28 10:45:30,2026-04-28 11:08:19,2026-04-28 11:30:19,2026-04-28 16:29:41,2026-04-28 22:40:25,False,Benign True Positive,True,Alert correlated with threat intel; full timeline documented.,MEDIUM,149,123
CSE-D,ALT-03348,ASSET-074,LOW,Brute Force,2026-04-03 11:02:33,2026-04-03 11:25:30,2026-04-03 11:33:30,2026-04-03 13:33:59,2026-04-03 16:58:33,False,False Positive,True,Analyst investigation performed; packet capture and EDR evidence attached.,HIGH,90,81
CSE-B,ALT-03349,ASSET-056,LOW,Malware,2026-01-13 08:49:57,2026-01-13 09:57:42,,,2026-01-13 15:25:44,False,False Positive,False,N/A,HIGH,79,67
CSE-D,ALT-03350,ASSET-025,LOW,Unauthorized Access,2026-01-17 10:19:27,2026-01-17 10:28:04,2026-01-17 10:33:04,2026-01-17 14:43:44,2026-01-17 14:25:17,False,Escalated to Tier-2,True,Investigation completed; evidence recorded and escalated per playbook.,HIGH,163,147
CSE-A,ALT-03351,ASSET-030,LOW,Phishing,2026-05-01 10:35:09,2026-05-01 10:49:52,2026-05-01 11:01:52,2026-05-01 14:45:49,2026-05-01 22:14:00,False,False Positive,True,"Reviewed source IP, asset logs and correlated with previous alerts.",HIGH,86,92
CSE-C,ALT-03352,ASSET-076,CRITICAL,Brute Force,2026-03-06 17:31:27,2026-03-06 17:46:28,2026-03-06 18:05:28,2026-03-06 18:23:53,2026-03-06 19:02:33,False,False Positive,True,"Reviewed source IP, asset logs and correlated with previous alerts.",CRITICAL,132,28
CSE-A,ALT-03353,ASSET-080,HIGH,Privilege Escalation,2026-05-10 16:18:15,2026-05-10 16:36:13,2026-05-10 16:46:13,2026-05-10 20:49:46,2026-05-11 02:24:10,True,True Positive,True,Analyst investigation performed; packet capture and EDR evidence attached.,MEDIUM,157,149
CSE-A,ALT-03354,ASSET-041,LOW,Data Exfiltration,2026-05-26 17:23:09,2026-05-26 17:31:57,2026-05-26 17:48:57,2026-05-26 19:24:38,2026-05-27 04:50:08,False,Under Investigation,True,"Reviewed source IP, asset logs and correlated with previous alerts.",HIGH,179,149
CSE-D,ALT-03355,ASSET-080,CRITICAL,Privilege Escalation,2026-03-15 00:55:51,2026-03-15 01:08:35,2026-03-15 01:19:35,2026-03-15 04:34:47,2026-03-15 04:04:33,True,Escalated to Tier-2,True,"Reviewed source IP, asset logs and correlated with previous alerts.",CRITICAL,181,195
CSE-C,ALT-03356,ASSET-089,HIGH,Brute Force,2026-03-13 09:12:44,2026-03-13 09:44:39,2026-03-13 10:02:39,2026-03-13 10:19:11,2026-03-13 13:40:10,False,Under Investigation,True,Analyst investigation performed; packet capture and EDR evidence attached.,HIGH,91,9
CSE-C,ALT-03357,ASSET-045,HIGH,Phishing,2026-02-05 15:18:14,2026-02-05 15:48:27,,,2026-02-05 19:32:21,False,Under Investigation,False,,CRITICAL,108,22
CSE-E,ALT-03358,ASSET-006,LOW,Brute Force,2026-02-11 12:53:58,2026-02-11 14:14:18,,,2026-02-11 18:46:44,False,Escalated to Tier-2,False,Closed quickly — no notes.,CRITICAL,94,71
CSE-E,ALT-03359,ASSET-061,HIGH,Phishing,2026-01-14 17:16:58,2026-01-14 17:24:30,,,2026-01-14 21:51:02,False,Under Investigation,False,Closed quickly — no notes.,CRITICAL,181,124
CSE-A,ALT-03360,ASSET-001,HIGH,Network Anomaly,2026-03-10 15:41:53,2026-03-10 15:59:28,2026-03-10 16:13:28,2026-03-10 18:22:25,2026-03-10 23:14:06,True,False Positive,True,Alert correlated with threat intel; full timeline documented.,HIGH,197,191
CSE-B,ALT-03361,ASSET-032,CRITICAL,Malware,2026-03-17 17:16:38,2026-03-17 17:57:39,2026-03-17 18:21:39,2026-03-17 19:50:29,2026-03-17 23:07:17,True,Under Investigation,True,Analyst reviewed logs and confirmed activity with evidence archived.,CRITICAL,111,76
CSE-D,ALT-03362,ASSET-001,CRITICAL,Privilege Escalation,2026-01-11 10:41:31,2026-01-11 10:47:30,2026-01-11 10:59:30,2026-01-11 13:19:58,2026-01-11 13:25:59,False,Benign True Positive,True,"Reviewed source IP, asset logs and correlated with previous alerts.",HIGH,119,112
CSE-C,ALT-03363,ASSET-068,MEDIUM,Brute Force,2026-06-24 15:11:47,2026-06-24 16:07:05,2026-06-24 16:31:05,2026-06-24 16:35:31,2026-06-24 18:16:52,False,Under Investigation,True,Investigation completed; evidence recorded and escalated per playbook.,CRITICAL,158,34
CSE-A,ALT-03364,ASSET-070,CRITICAL,Network Anomaly,2026-03-06 18:50:35,2026-03-06 19:06:10,2026-03-06 19:31:10,2026-03-07 00:28:53,2026-03-07 04:13:09,True,Benign True Positive,True,Alert correlated with threat intel; full timeline documented.,HIGH,161,162
CSE-A,ALT-03365,ASSET-001,MEDIUM,Privilege Escalation,2026-06-27 16:09:53,2026-06-27 16:29:19,2026-06-27 16:33:19,2026-06-27 20:02:39,2026-06-27 21:32:25,False,True Positive,True,Analyst investigation performed; packet capture and EDR evidence attached.,CRITICAL,188,178
CSE-B,ALT-03366,ASSET-024,CRITICAL,Phishing,2026-04-13 16:10:41,2026-04-13 17:10:12,2026-04-13 17:27:12,2026-04-13 18:33:38,2026-04-13 22:52:57,True,Under Investigation,True,Analyst reviewed logs and confirmed activity with evidence archived.,MEDIUM,115,88
CSE-E,ALT-03367,ASSET-068,MEDIUM,Suspicious Login,2026-04-22 11:37:53,2026-04-22 13:35:42,2026-04-22 13:43:42,2026-04-22 14:08:04,2026-04-22 16:45:52,False,False Positive,True,Analyst reviewed logs and confirmed activity with evidence archived.,CRITICAL,183,120
CSE-B,ALT-03368,ASSET-012,HIGH,Data Exfiltration,2026-04-19 16:05:33,2026-04-19 16:23:41,2026-04-19 16:34:41,2026-04-19 17:35:50,2026-04-19 19:15:08,True,True Positive,True,Investigation completed; evidence recorded and escalated per playbook.,HIGH,97,85
CSE-A,ALT-03369,ASSET-082,MEDIUM,Malware,2026-01-20 11:50:05,2026-01-20 11:56:21,2026-01-20 12:20:21,2026-01-20 16:07:43,2026-01-20 14:18:24,True,False Positive,True,"Reviewed source IP, asset logs and correlated with previous alerts.",CRITICAL,102,103
CSE-C,ALT-03370,ASSET-081,MEDIUM,Malware,2026-05-31 02:43:04,2026-05-31 03:22:44,,,2026-05-31 06:27:16,True,Escalated to Tier-2,False,,CRITICAL,178,22
CSE-A,ALT-03371,ASSET-067,MEDIUM,Phishing,2026-01-28 11:45:46,2026-01-28 12:15:07,2026-01-28 12:18:07,2026-01-28 13:31:17,2026-01-28 20:46:56,False,True Positive,True,Analyst investigation performed; packet capture and EDR evidence attached.,CRITICAL,139,141
CSE-E,ALT-03372,ASSET-033,CRITICAL,Network Anomaly,2026-03-05 16:29:39,2026-03-05 17:49:45,2026-03-05 17:57:45,2026-03-05 20:09:43,2026-03-05 18:47:02,False,False Positive,True,Analyst reviewed logs and confirmed activity with evidence archived.,CRITICAL,100,76
CSE-D,ALT-03373,ASSET-061,CRITICAL,Privilege Escalation,2026-05-23 14:02:34,2026-05-23 14:27:49,2026-05-23 14:47:49,2026-05-23 15:36:41,2026-05-23 19:21:15,False,True Positive,True,"Reviewed source IP, asset logs and correlated with previous alerts.",HIGH,87,75
CSE-B,ALT-03374,ASSET-081,LOW,Phishing,2026-05-02 10:11:57,2026-05-02 11:18:32,2026-05-02 11:42:32,2026-05-02 13:34:44,2026-05-02 16:25:25,True,Benign True Positive,True,Alert correlated with threat intel; full timeline documented.,MEDIUM,154,111
CSE-A,ALT-03375,ASSET-091,MEDIUM,Privilege Escalation,2026-04-26 17:02:01,2026-04-26 17:18:54,2026-04-26 17:34:54,2026-04-26 21:28:51,2026-04-26 20:18:52,False,True Positive,True,Alert correlated with threat intel; full timeline documented.,HIGH,84,66
CSE-B,ALT-03376,ASSET-084,CRITICAL,Data Exfiltration,2026-06-30 12:59:35,2026-06-30 13:54:08,2026-06-30 14:11:08,2026-06-30 14:32:28,2026-06-30 22:22:42,True,Benign True Positive,True,Analyst investigation performed; packet capture and EDR evidence attached.,CRITICAL,99,91
CSE-E,ALT-03377,ASSET-098,CRITICAL,Privilege Escalation,2026-03-04 16:57:20,2026-03-04 17:42:23,,,2026-03-04 19:48:39,False,False Positive,False,Closed quickly — no notes.,CRITICAL,113,65
CSE-D,ALT-03378,ASSET-044,LOW,Privilege Escalation,2026-01-25 17:54:06,2026-01-25 18:18:58,2026-01-25 18:26:58,2026-01-25 20:18:15,2026-01-26 06:19:17,False,True Positive,True,Analyst investigation performed; packet capture and EDR evidence attached.,MEDIUM,153,159
CSE-B,ALT-03379,ASSET-032,MEDIUM,Network Anomaly,2026-06-23 12:14:23,2026-06-23 13:28:02,2026-06-23 13:49:02,2026-06-23 15:39:09,2026-06-23 14:21:05,True,True Positive,True,Alert correlated with threat intel; full timeline documented.,MEDIUM,196,143
CSE-E,ALT-03380,ASSET-007,MEDIUM,Network Anomaly,2026-06-20 11:49:36,2026-06-20 13:43:51,2026-06-20 13:45:51,2026-06-20 15:46:21,2026-06-20 19:36:26,False,Under Investigation,True,"Reviewed source IP, asset logs and correlated with previous alerts.",HIGH,71,53
CSE-C,ALT-03381,ASSET-026,CRITICAL,Phishing,2026-04-15 15:44:00,2026-04-15 16:06:56,,,2026-04-15 15:45:59,False,False Positive,False,,HIGH,93,22
CSE-C,ALT-03382,ASSET-082,LOW,Malware,2026-02-14 04:07:26,2026-02-14 04:52:15,,,2026-02-14 09:01:23,False,Under Investigation,False,Closed quickly — no notes.,HIGH,119,8
CSE-C,ALT-03383,ASSET-095,LOW,Data Exfiltration,2026-01-15 11:44:21,2026-01-15 11:53:15,,,2026-01-15 14:37:43,True,Under Investigation,False,Closed quickly — no notes.,MEDIUM,95,12
CSE-B,ALT-03384,ASSET-004,LOW,Phishing,2026-03-11 04:06:54,2026-03-11 04:56:52,2026-03-11 04:58:52,2026-03-11 05:59:44,2026-03-11 07:08:12,False,Benign True Positive,True,Alert correlated with threat intel; full timeline documented.,CRITICAL,135,102
CSE-E,ALT-03385,ASSET-085,CRITICAL,Suspicious Login,2026-01-15 09:35:09,2026-01-15 11:11:59,,,2026-01-15 18:31:58,False,True Positive,False,Closed quickly — no notes.,MEDIUM,190,131
CSE-C,ALT-03386,ASSET-066,MEDIUM,Brute Force,2026-05-10 16:39:09,2026-05-10 17:03:10,,,2026-05-11 00:37:48,False,Benign True Positive,False,Closed quickly — no notes.,HIGH,181,74
CSE-C,ALT-03387,ASSET-011,HIGH,Suspicious Login,2026-06-18 14:54:06,2026-06-18 15:02:06,,,2026-06-18 20:07:11,False,Under Investigation,False,N/A,MEDIUM,132,59
CSE-E,ALT-03388,ASSET-031,CRITICAL,Data Exfiltration,2026-06-27 14:30:46,2026-06-27 14:50:16,,,2026-06-27 23:54:21,False,False Positive,False,Closed quickly — no notes.,MEDIUM,75,51
CSE-D,ALT-03389,ASSET-008,CRITICAL,Privilege Escalation,2026-03-29 16:41:22,2026-03-29 17:00:38,2026-03-29 17:20:38,2026-03-29 18:35:29,2026-03-29 20:44:31,False,False Positive,True,Alert correlated with threat intel; full timeline documented.,MEDIUM,114,121
CSE-C,ALT-03390,ASSET-095,CRITICAL,Malware,2026-02-16 17:48:21,2026-02-16 18:34:15,,,2026-02-16 17:49:52,False,Under Investigation,False,Closed quickly — no notes.,CRITICAL,187,59
CSE-A,ALT-03391,ASSET-083,CRITICAL,Data Exfiltration,2026-05-22 15:42:21,2026-05-22 16:12:39,2026-05-22 16:13:39,2026-05-22 17:22:46,2026-05-23 03:07:16,True,Benign True Positive,True,"Reviewed source IP, asset logs and correlated with previous alerts.",CRITICAL,197,174
CSE-E,ALT-03392,ASSET-026,LOW,Data Exfiltration,2026-03-21 16:52:30,2026-03-21 18:20:13,2026-03-21 18:24:13,2026-03-21 19:25:19,2026-03-22 03:52:12,False,False Positive,True,Analyst reviewed logs and confirmed activity with evidence archived.,CRITICAL,101,84
CSE-A,ALT-03393,ASSET-054,MEDIUM,Suspicious Login,2026-04-10 12:04:55,2026-04-10 12:21:02,2026-04-10 12:34:02,2026-04-10 17:20:18,2026-04-10 20:19:55,False,False Positive,True,Alert correlated with threat intel; full timeline documented.,HIGH,112,82
CSE-E,ALT-03394,ASSET-010,CRITICAL,Malware,2026-02-25 09:06:37,2026-02-25 10:08:49,,,2026-02-25 09:08:21,False,False Positive,False,N/A,CRITICAL,104,49
CSE-A,ALT-03395,ASSET-023,MEDIUM,Brute Force,2026-03-05 15:27:33,2026-03-05 15:37:24,2026-03-05 16:00:24,2026-03-05 16:39:34,2026-03-05 19:06:00,False,False Positive,True,Analyst investigation performed; packet capture and EDR evidence attached.,CRITICAL,82,71
CSE-A,ALT-03396,ASSET-055,HIGH,Privilege Escalation,2026-01-08 07:45:12,2026-01-08 08:00:38,2026-01-08 08:19:38,2026-01-08 11:02:30,2026-01-08 13:40:16,True,False Positive,True,Analyst investigation performed; packet capture and EDR evidence attached.,HIGH,115,96
CSE-B,ALT-03397,ASSET-009,LOW,Privilege Escalation,2026-04-26 14:38:54,2026-04-26 15:30:11,2026-04-26 15:44:11,2026-04-26 18:07:27,2026-04-26 18:41:40,False,True Positive,True,Alert correlated with threat intel; full timeline documented.,MEDIUM,114,99
CSE-D,ALT-03398,ASSET-002,MEDIUM,Network Anomaly,2026-01-24 13:53:17,2026-01-24 14:04:28,2026-01-24 14:22:28,2026-01-24 16:14:05,2026-01-24 18:43:21,True,False Positive,True,Alert correlated with threat intel; full timeline documented.,HIGH,154,153
CSE-C,ALT-03399,ASSET-035,LOW,Phishing,2026-05-01 05:38:03,2026-05-01 05:41:31,2026-05-01 05:44:31,2026-05-01 05:59:06,2026-05-01 10:35:33,False,Under Investigation,True,Analyst reviewed logs and confirmed activity with evidence archived.,CRITICAL,169,67
CSE-D,ALT-03400,ASSET-083,MEDIUM,Network Anomaly,2026-03-23 12:47:36,2026-03-23 12:53:11,2026-03-23 13:04:11,2026-03-23 13:45:34,2026-03-23 22:55:30,False,False Positive,True,Analyst investigation performed; packet capture and EDR evidence attached.,MEDIUM,119,111
CSE-D,ALT-03401,ASSET-070,LOW,Brute Force,2026-01-18 17:48:00,2026-01-18 17:57:46,2026-01-18 18:12:46,2026-01-18 18:51:30,2026-01-19 02:09:52,False,Benign True Positive,True,Analyst reviewed logs and confirmed activity with evidence archived.,MEDIUM,142,117
CSE-A,ALT-03402,ASSET-040,LOW,Unauthorized Access,2026-03-04 09:04:59,2026-03-04 09:28:27,2026-03-04 09:46:27,2026-03-04 13:11:29,2026-03-04 12:23:35,False,False Positive,True,Analyst investigation performed; packet capture and EDR evidence attached.,CRITICAL,116,106
CSE-E,ALT-03403,ASSET-042,LOW,Malware,2026-01-29 11:54:52,2026-01-29 12:38:55,2026-01-29 12:39:55,2026-01-29 13:03:24,2026-01-29 19:13:56,False,Benign True Positive,True,Investigation completed; evidence recorded and escalated per playbook.,HIGH,99,52
CSE-D,ALT-03404,ASSET-020,LOW,Malware,2026-01-20 12:18:15,2026-01-20 12:27:11,2026-01-20 12:47:11,2026-01-20 14:11:53,2026-01-20 17:32:04,False,False Positive,True,Analyst investigation performed; packet capture and EDR evidence attached.,MEDIUM,144,139
CSE-E,ALT-03405,ASSET-063,LOW,Phishing,2026-06-17 01:53:50,2026-06-17 03:02:06,2026-06-17 03:07:06,2026-06-17 04:50:16,2026-06-17 07:45:19,False,True Positive,True,Analyst investigation performed; packet capture and EDR evidence attached.,HIGH,124,73
CSE-B,ALT-03406,ASSET-032,MEDIUM,Phishing,2026-02-07 17:12:11,2026-02-07 17:34:21,,,2026-02-08 02:14:30,False,True Positive,False,Closed quickly — no notes.,CRITICAL,130,80
CSE-A,ALT-03407,ASSET-029,LOW,Data Exfiltration,2026-02-16 16:36:21,2026-02-16 16:50:27,2026-02-16 17:02:27,2026-02-16 21:47:40,2026-02-16 22:14:09,False,Under Investigation,True,Investigation completed; evidence recorded and escalated per playbook.,CRITICAL,184,185
CSE-E,ALT-03408,ASSET-048,LOW,Suspicious Login,2026-03-15 11:25:17,2026-03-15 11:45:08,,,2026-03-15 19:37:22,False,Benign True Positive,False,N/A,CRITICAL,200,103
CSE-E,ALT-03409,ASSET-011,HIGH,Network Anomaly,2026-03-09 09:36:52,2026-03-09 09:45:44,,,2026-03-09 14:07:10,False,False Positive,False,,CRITICAL,159,97
CSE-C,ALT-03410,ASSET-030,HIGH,Phishing,2026-02-06 20:29:57,2026-02-06 21:12:26,,,2026-02-06 22:47:53,False,True Positive,False,Closed quickly — no notes.,CRITICAL,192,39
CSE-B,ALT-03411,ASSET-077,MEDIUM,Privilege Escalation,2026-04-06 15:16:40,2026-04-06 16:42:34,,,2026-04-07 01:37:08,False,True Positive,False,,CRITICAL,89,53
CSE-C,ALT-03412,ASSET-030,CRITICAL,Suspicious Login,2026-04-18 15:30:44,2026-04-18 16:19:23,2026-04-18 16:31:23,2026-04-18 16:59:51,2026-04-18 15:32:36,False,Under Investigation,True,Analyst reviewed logs and confirmed activity with evidence archived.,CRITICAL,136,42
CSE-C,ALT-03413,ASSET-085,HIGH,Brute Force,2026-02-22 14:12:07,2026-02-22 15:01:56,2026-02-22 15:25:56,2026-02-22 15:35:42,2026-02-22 16:04:00,False,Benign True Positive,True,Investigation completed; evidence recorded and escalated per playbook.,CRITICAL,174,64
CSE-B,ALT-03414,ASSET-030,CRITICAL,Network Anomaly,2026-02-28 18:26:11,2026-02-28 18:47:51,2026-02-28 18:49:51,2026-02-28 20:36:25,2026-03-01 04:47:35,False,False Positive,True,Alert correlated with threat intel; full timeline documented.,CRITICAL,175,155
CSE-E,ALT-03415,ASSET-043,HIGH,Data Exfiltration,2026-06-02 17:41:54,2026-06-02 18:44:14,,,2026-06-02 20:49:50,False,Benign True Positive,False,N/A,HIGH,90,38
CSE-B,ALT-03416,ASSET-078,MEDIUM,Phishing,2026-05-29 17:58:55,2026-05-29 18:28:15,2026-05-29 18:47:15,2026-05-29 19:54:24,2026-05-30 01:15:27,True,Benign True Positive,True,Alert correlated with threat intel; full timeline documented.,CRITICAL,198,165
CSE-B,ALT-03417,ASSET-013,CRITICAL,Brute Force,2026-03-04 09:13:54,2026-03-04 10:09:47,2026-03-04 10:16:47,2026-03-04 11:12:57,2026-03-04 17:21:45,False,Benign True Positive,True,"Reviewed source IP, asset logs and correlated with previous alerts.",CRITICAL,149,130
CSE-A,ALT-03418,ASSET-061,HIGH,Unauthorized Access,2026-03-17 22:49:52,2026-03-17 23:00:51,2026-03-17 23:11:51,2026-03-18 00:42:03,2026-03-18 06:51:40,False,Escalated to Tier-2,True,Analyst investigation performed; packet capture and EDR evidence attached.,HIGH,135,123
CSE-E,ALT-03419,ASSET-073,CRITICAL,Phishing,2026-04-27 12:11:10,2026-04-27 13:09:12,,,2026-04-27 22:38:31,False,Benign True Positive,False,N/A,CRITICAL,138,94
CSE-A,ALT-03420,ASSET-065,LOW,Malware,2026-04-04 17:50:33,2026-04-04 18:13:15,2026-04-04 18:17:15,2026-04-04 19:54:54,2026-04-05 00:17:10,False,True Positive,True,Analyst reviewed logs and confirmed activity with evidence archived.,MEDIUM,184,148
CSE-A,ALT-03421,ASSET-082,MEDIUM,Brute Force,2026-01-06 17:23:09,2026-01-06 17:49:02,2026-01-06 18:10:02,2026-01-06 20:10:47,2026-01-06 21:29:06,True,Benign True Positive,True,Analyst investigation performed; packet capture and EDR evidence attached.,CRITICAL,92,96
CSE-A,ALT-03422,ASSET-087,LOW,Malware,2026-06-03 17:47:19,2026-06-03 18:07:49,2026-06-03 18:17:49,2026-06-03 19:52:33,2026-06-04 04:48:17,False,Escalated to Tier-2,True,Analyst reviewed logs and confirmed activity with evidence archived.,HIGH,196,174
CSE-A,ALT-03423,ASSET-022,LOW,Malware,2026-06-04 11:24:12,2026-06-04 11:28:50,2026-06-04 11:51:50,2026-06-04 14:28:58,2026-06-04 15:53:14,False,Under Investigation,True,"Reviewed source IP, asset logs and correlated with previous alerts.",HIGH,113,121
CSE-B,ALT-03424,ASSET-034,MEDIUM,Privilege Escalation,2026-01-04 15:27:51,2026-01-04 15:52:03,2026-01-04 15:57:03,2026-01-04 18:00:01,2026-01-04 17:02:40,False,Escalated to Tier-2,True,Investigation completed; evidence recorded and escalated per playbook.,HIGH,91,73
CSE-C,ALT-03425,ASSET-095,MEDIUM,Data Exfiltration,2026-04-17 10:15:25,2026-04-17 10:21:52,,,2026-04-17 17:03:42,False,Benign True Positive,False,Closed quickly — no notes.,CRITICAL,152,25
CSE-B,ALT-03426,ASSET-072,LOW,Privilege Escalation,2026-05-04 13:27:33,2026-05-04 14:02:58,2026-05-04 14:06:58,2026-05-04 16:05:50,2026-05-04 16:17:50,False,False Positive,True,Analyst reviewed logs and confirmed activity with evidence archived.,HIGH,71,43
CSE-D,ALT-03427,ASSET-019,MEDIUM,Suspicious Login,2026-02-14 07:07:59,2026-02-14 07:17:42,,,2026-02-14 17:20:09,True,True Positive,False,Closed quickly — no notes.,MEDIUM,109,110
CSE-B,ALT-03428,ASSET-057,HIGH,Brute Force,2026-01-05 13:41:51,2026-01-05 14:05:03,,,2026-01-05 21:05:55,False,False Positive,False,Closed quickly — no notes.,HIGH,73,62
CSE-A,ALT-03429,ASSET-026,MEDIUM,Suspicious Login,2026-04-02 16:35:16,2026-04-02 16:44:35,2026-04-02 16:45:35,2026-04-02 21:37:54,2026-04-03 04:01:09,False,Escalated to Tier-2,True,"Reviewed source IP, asset logs and correlated with previous alerts.",MEDIUM,152,111
CSE-D,ALT-03430,ASSET-014,MEDIUM,Phishing,2026-04-10 17:49:00,2026-04-10 17:55:52,2026-04-10 18:17:52,2026-04-10 23:17:22,2026-04-11 07:36:27,False,Benign True Positive,True,Investigation completed; evidence recorded and escalated per playbook.,HIGH,193,177
CSE-A,ALT-03431,ASSET-087,HIGH,Network Anomaly,2026-06-25 14:33:50,2026-06-25 14:58:27,2026-06-25 15:12:27,2026-06-25 18:02:17,2026-06-26 01:20:37,False,False Positive,True,Alert correlated with threat intel; full timeline documented.,MEDIUM,85,66
CSE-D,ALT-03432,ASSET-072,LOW,Network Anomaly,2026-06-28 13:44:45,2026-06-28 14:03:56,2026-06-28 14:13:56,2026-06-28 17:09:25,2026-06-28 19:13:14,False,False Positive,True,Alert correlated with threat intel; full timeline documented.,MEDIUM,85,65
CSE-D,ALT-03433,ASSET-054,MEDIUM,Data Exfiltration,2026-04-03 05:26:46,2026-04-03 05:52:29,2026-04-03 06:00:29,2026-04-03 10:23:37,2026-04-03 09:50:25,False,Escalated to Tier-2,True,Investigation completed; evidence recorded and escalated per playbook.,MEDIUM,109,118
CSE-B,ALT-03434,ASSET-096,CRITICAL,Network Anomaly,2026-06-12 14:45:51,2026-06-12 15:50:59,2026-06-12 16:06:59,2026-06-12 18:08:35,2026-06-12 17:05:50,False,True Positive,True,Analyst investigation performed; packet capture and EDR evidence attached.,CRITICAL,118,76
CSE-D,ALT-03435,ASSET-044,MEDIUM,Malware,2026-01-08 11:13:58,2026-01-08 11:18:51,2026-01-08 11:25:51,2026-01-08 13:13:06,2026-01-08 21:35:10,True,False Positive,True,Analyst investigation performed; packet capture and EDR evidence attached.,HIGH,81,88
CSE-B,ALT-03436,ASSET-091,MEDIUM,Brute Force,2026-01-14 10:12:38,2026-01-14 11:26:01,2026-01-14 11:50:01,2026-01-14 14:14:04,2026-01-14 18:34:29,False,False Positive,True,Alert correlated with threat intel; full timeline documented.,MEDIUM,105,89
CSE-A,ALT-03437,ASSET-009,MEDIUM,Unauthorized Access,2026-03-24 14:56:05,2026-03-24 15:02:30,2026-03-24 15:11:30,2026-03-24 19:30:23,2026-03-25 00:01:32,False,Under Investigation,True,"Reviewed source IP, asset logs and correlated with previous alerts.",MEDIUM,95,81
CSE-E,ALT-03438,ASSET-031,MEDIUM,Network Anomaly,2026-01-16 00:12:36,2026-01-16 01:24:57,2026-01-16 01:36:57,2026-01-16 01:56:23,2026-01-16 05:20:48,False,False Positive,True,Analyst investigation performed; packet capture and EDR evidence attached.,MEDIUM,99,51
CSE-C,ALT-03439,ASSET-031,LOW,Data Exfiltration,2026-06-17 09:47:25,2026-06-17 09:57:25,2026-06-17 10:11:25,2026-06-17 10:14:33,2026-06-17 15:39:56,False,False Positive,True,Analyst reviewed logs and confirmed activity with evidence archived.,MEDIUM,143,62
CSE-B,ALT-03440,ASSET-025,CRITICAL,Network Anomaly,2026-04-22 09:14:17,2026-04-22 10:08:58,2026-04-22 10:10:58,2026-04-22 11:42:19,2026-04-22 11:45:35,False,False Positive,True,Analyst investigation performed; packet capture and EDR evidence attached.,CRITICAL,87,71
CSE-A,ALT-03441,ASSET-100,MEDIUM,Malware,2026-02-17 14:58:39,2026-02-17 15:23:14,2026-02-17 15:37:14,2026-02-17 17:20:22,2026-02-17 21:53:12,False,Under Investigation,True,Investigation completed; evidence recorded and escalated per playbook.,CRITICAL,196,164
CSE-A,ALT-03442,ASSET-032,MEDIUM,Malware,2026-04-22 12:57:26,2026-04-22 13:06:43,2026-04-22 13:27:43,2026-04-22 14:28:28,2026-04-22 15:12:41,False,True Positive,True,Alert correlated with threat intel; full timeline documented.,MEDIUM,190,156
CSE-B,ALT-03443,ASSET-035,HIGH,Suspicious Login,2026-05-17 12:44:12,2026-05-17 13:11:59,2026-05-17 13:20:59,2026-05-17 14:37:16,2026-05-17 22:24:05,False,False Positive,True,Investigation completed; evidence recorded and escalated per playbook.,HIGH,94,78
CSE-E,ALT-03444,ASSET-079,HIGH,Brute Force,2026-03-25 20:53:06,2026-03-25 21:44:32,2026-03-25 22:05:32,2026-03-25 22:15:12,2026-03-26 02:28:08,True,Benign True Positive,True,Alert correlated with threat intel; full timeline documented.,MEDIUM,77,52
CSE-E,ALT-03445,ASSET-040,LOW,Brute Force,2026-02-05 10:03:25,2026-02-05 10:11:34,2026-02-05 10:28:34,2026-02-05 11:15:43,2026-02-05 20:00:11,False,False Positive,True,Investigation completed; evidence recorded and escalated per playbook.,HIGH,174,116
CSE-D,ALT-03446,ASSET-083,LOW,Malware,2026-01-05 22:28:01,2026-01-05 22:35:54,2026-01-05 22:54:54,2026-01-06 03:00:33,2026-01-06 12:46:42,False,True Positive,True,Alert correlated with threat intel; full timeline documented.,HIGH,163,146
CSE-D,ALT-03447,ASSET-018,MEDIUM,Brute Force,2026-04-14 10:11:09,2026-04-14 10:22:36,2026-04-14 10:33:36,2026-04-14 14:20:13,2026-04-14 12:27:45,False,True Positive,True,Investigation completed; evidence recorded and escalated per playbook.,HIGH,160,127
CSE-A,ALT-03448,ASSET-078,LOW,Phishing,2026-02-15 17:56:58,2026-02-15 18:20:16,2026-02-15 18:33:16,2026-02-15 22:57:49,2026-02-15 21:10:29,False,False Positive,True,Investigation completed; evidence recorded and escalated per playbook.,CRITICAL,179,173
CSE-C,ALT-03449,ASSET-016,CRITICAL,Unauthorized Access,2026-03-01 23:24:35,2026-03-01 23:28:27,2026-03-01 23:49:27,2026-03-02 00:11:35,2026-03-02 00:59:06,False,True Positive,True,Alert correlated with threat intel; full timeline documented.,CRITICAL,113,42
CSE-E,ALT-03450,ASSET-012,MEDIUM,Phishing,2026-01-18 12:20:25,2026-01-18 13:47:05,,,2026-01-18 20:36:45,False,Benign True Positive,False,,MEDIUM,147,101
CSE-A,ALT-03451,ASSET-022,MEDIUM,Brute Force,2026-05-11 14:45:57,2026-05-11 14:52:03,,,2026-05-11 19:38:37,False,True Positive,False,N/A,MEDIUM,107,80
CSE-C,ALT-03452,ASSET-080,LOW,Data Exfiltration,2026-01-21 14:18:30,2026-01-21 15:12:27,,,2026-01-21 20:55:13,False,True Positive,False,Closed quickly — no notes.,MEDIUM,177,66
CSE-E,ALT-03453,ASSET-036,LOW,Data Exfiltration,2026-01-21 05:56:01,2026-01-21 06:49:43,2026-01-21 06:57:43,2026-01-21 09:32:04,2026-01-21 11:25:31,False,Escalated to Tier-2,True,Investigation completed; evidence recorded and escalated per playbook.,HIGH,89,77
CSE-E,ALT-03454,ASSET-023,HIGH,Network Anomaly,2026-06-28 17:42:17,2026-06-28 18:12:21,2026-06-28 18:22:21,2026-06-28 20:54:18,2026-06-28 23:06:54,False,Under Investigation,True,Analyst reviewed logs and confirmed activity with evidence archived.,HIGH,71,60
CSE-B,ALT-03455,ASSET-035,CRITICAL,Brute Force,2026-05-17 17:17:03,2026-05-17 18:15:43,,,2026-05-17 22:06:52,False,True Positive,False,N/A,CRITICAL,114,96
CSE-A,ALT-03456,ASSET-072,LOW,Malware,2026-04-29 11:55:58,2026-04-29 12:14:04,2026-04-29 12:29:04,2026-04-29 15:51:44,2026-04-29 20:44:35,True,False Positive,True,Analyst reviewed logs and confirmed activity with evidence archived.,HIGH,82,73
CSE-A,ALT-03457,ASSET-059,MEDIUM,Unauthorized Access,2026-04-03 07:57:17,2026-04-03 08:28:16,2026-04-03 08:33:16,2026-04-03 12:30:59,2026-04-03 10:37:42,True,True Positive,True,Alert correlated with threat intel; full timeline documented.,HIGH,109,111
CSE-C,ALT-03458,ASSET-007,CRITICAL,Data Exfiltration,2026-06-23 16:18:06,2026-06-23 17:12:10,,,2026-06-23 16:21:55,False,Under Investigation,False,N/A,MEDIUM,176,96
CSE-B,ALT-03459,ASSET-007,HIGH,Phishing,2026-04-16 18:49:39,2026-04-16 19:54:04,2026-04-16 20:08:04,2026-04-16 21:58:53,2026-04-16 22:23:38,False,True Positive,True,Analyst reviewed logs and confirmed activity with evidence archived.,CRITICAL,75,63
CSE-A,ALT-03460,ASSET-034,LOW,Network Anomaly,2026-03-01 16:27:25,2026-03-01 16:39:47,2026-03-01 16:55:47,2026-03-01 18:10:25,2026-03-01 23:04:17,True,True Positive,True,Investigation completed; evidence recorded and escalated per playbook.,CRITICAL,109,102
CSE-A,ALT-03461,ASSET-004,MEDIUM,Network Anomaly,2026-06-23 22:29:41,2026-06-23 22:54:22,2026-06-23 23:15:22,2026-06-24 03:34:31,2026-06-24 02:33:44,False,Under Investigation,True,Alert correlated with threat intel; full timeline documented.,HIGH,104,88
CSE-A,ALT-03462,ASSET-094,HIGH,Brute Force,2026-06-28 09:47:01,2026-06-28 10:08:39,,,2026-06-28 13:52:18,False,False Positive,False,,MEDIUM,146,157
CSE-A,ALT-03463,ASSET-092,HIGH,Brute Force,2026-01-25 14:34:58,2026-01-25 14:52:59,2026-01-25 15:15:59,2026-01-25 16:14:02,2026-01-25 17:12:09,True,Benign True Positive,True,Analyst investigation performed; packet capture and EDR evidence attached.,HIGH,166,161
CSE-D,ALT-03464,ASSET-093,MEDIUM,Unauthorized Access,2026-02-27 14:09:20,2026-02-27 14:18:40,2026-02-27 14:31:40,2026-02-27 19:26:39,2026-02-28 01:53:06,False,Under Investigation,True,Analyst reviewed logs and confirmed activity with evidence archived.,MEDIUM,81,70
CSE-B,ALT-03465,ASSET-028,HIGH,Network Anomaly,2026-06-24 11:44:30,2026-06-24 11:54:03,2026-06-24 11:57:03,2026-06-24 14:19:56,2026-06-24 20:10:34,False,False Positive,True,Analyst reviewed logs and confirmed activity with evidence archived.,MEDIUM,117,82
CSE-C,ALT-03466,ASSET-024,HIGH,Privilege Escalation,2026-04-04 12:47:04,2026-04-04 12:52:00,2026-04-04 12:57:00,2026-04-04 13:12:55,2026-04-04 17:58:38,False,False Positive,True,Alert correlated with threat intel; full timeline documented.,HIGH,146,75
CSE-E,ALT-03467,ASSET-002,MEDIUM,Brute Force,2026-02-15 11:56:08,2026-02-15 13:20:14,2026-02-15 13:32:14,2026-02-15 14:29:04,2026-02-15 22:12:50,False,False Positive,True,Analyst investigation performed; packet capture and EDR evidence attached.,CRITICAL,155,104
CSE-D,ALT-03468,ASSET-020,MEDIUM,Phishing,2026-05-28 15:10:51,2026-05-28 15:18:14,2026-05-28 15:43:14,2026-05-28 17:25:09,2026-05-28 19:32:07,False,Under Investigation,True,Analyst investigation performed; packet capture and EDR evidence attached.,CRITICAL,184,191
CSE-A,ALT-03469,ASSET-074,LOW,Brute Force,2026-02-04 13:48:12,2026-02-04 14:09:40,2026-02-04 14:33:40,2026-02-04 17:28:42,2026-02-04 15:42:49,False,Benign True Positive,True,Analyst reviewed logs and confirmed activity with evidence archived.,CRITICAL,119,121
CSE-E,ALT-03470,ASSET-001,CRITICAL,Phishing,2026-01-11 17:14:52,2026-01-11 18:53:08,2026-01-11 18:57:08,2026-01-11 21:27:19,2026-01-12 00:20:44,False,True Positive,True,Analyst investigation performed; packet capture and EDR evidence attached.,CRITICAL,185,82
CSE-C,ALT-03471,ASSET-061,MEDIUM,Brute Force,2026-04-17 12:48:50,2026-04-17 13:09:36,,,2026-04-17 20:02:04,False,True Positive,False,N/A,CRITICAL,139,39
CSE-A,ALT-03472,ASSET-066,MEDIUM,Network Anomaly,2026-02-07 17:17:53,2026-02-07 17:37:04,2026-02-07 17:56:04,2026-02-07 19:20:34,2026-02-07 18:50:49,False,False Positive,True,Analyst investigation performed; packet capture and EDR evidence attached.,MEDIUM,188,163
CSE-E,ALT-03473,ASSET-047,MEDIUM,Data Exfiltration,2026-03-19 16:32:59,2026-03-19 17:27:11,2026-03-19 17:39:11,2026-03-19 19:56:05,2026-03-19 21:09:17,True,Under Investigation,True,Alert correlated with threat intel; full timeline documented.,CRITICAL,116,67
CSE-D,ALT-03474,ASSET-031,HIGH,Unauthorized Access,2026-03-16 12:49:07,2026-03-16 12:57:17,2026-03-16 13:01:17,2026-03-16 16:28:16,2026-03-16 15:16:29,False,True Positive,True,Alert correlated with threat intel; full timeline documented.,MEDIUM,172,137
CSE-C,ALT-03475,ASSET-006,LOW,Malware,2026-05-13 13:10:43,2026-05-13 14:11:25,2026-05-13 14:21:25,2026-05-13 14:24:55,2026-05-13 16:59:17,False,Escalated to Tier-2,True,"Reviewed source IP, asset logs and correlated with previous alerts.",MEDIUM,103,38
CSE-E,ALT-03476,ASSET-064,MEDIUM,Brute Force,2026-05-05 00:45:34,2026-05-05 02:32:50,2026-05-05 02:43:50,2026-05-05 03:29:21,2026-05-05 04:45:54,False,Escalated to Tier-2,True,Alert correlated with threat intel; full timeline documented.,HIGH,73,44
CSE-D,ALT-03477,ASSET-075,CRITICAL,Data Exfiltration,2026-02-17 09:58:51,2026-02-17 10:13:44,2026-02-17 10:19:44,2026-02-17 12:01:56,2026-02-17 19:51:50,False,Benign True Positive,True,Alert correlated with threat intel; full timeline documented.,CRITICAL,159,167
CSE-A,ALT-03478,ASSET-077,LOW,Data Exfiltration,2026-01-07 16:10:24,2026-01-07 16:15:15,2026-01-07 16:35:15,2026-01-07 20:17:44,2026-01-08 02:52:43,False,Escalated to Tier-2,True,Analyst reviewed logs and confirmed activity with evidence archived.,HIGH,88,78
CSE-D,ALT-03479,ASSET-015,MEDIUM,Phishing,2026-01-17 11:57:26,2026-01-17 12:21:10,2026-01-17 12:37:10,2026-01-17 13:13:13,2026-01-17 17:02:09,True,Escalated to Tier-2,True,Alert correlated with threat intel; full timeline documented.,MEDIUM,97,94
CSE-B,ALT-03480,ASSET-073,CRITICAL,Privilege Escalation,2026-02-01 15:09:56,2026-02-01 16:37:57,2026-02-01 16:50:57,2026-02-01 17:35:26,2026-02-02 00:27:27,True,True Positive,True,"Reviewed source IP, asset logs and correlated with previous alerts.",HIGH,136,84
CSE-E,ALT-03481,ASSET-061,HIGH,Brute Force,2026-04-25 13:46:00,2026-04-25 14:32:19,2026-04-25 14:53:19,2026-04-25 15:26:27,2026-04-25 21:54:25,False,False Positive,True,Analyst reviewed logs and confirmed activity with evidence archived.,MEDIUM,190,85
CSE-C,ALT-03482,ASSET-064,MEDIUM,Network Anomaly,2026-05-04 15:15:33,2026-05-04 15:58:27,,,2026-05-04 23:29:35,False,Escalated to Tier-2,False,N/A,HIGH,102,51
CSE-C,ALT-03483,ASSET-035,HIGH,Data Exfiltration,2026-02-25 10:18:37,2026-02-25 10:51:33,,,2026-02-25 13:00:59,False,Escalated to Tier-2,False,N/A,CRITICAL,130,13
CSE-D,ALT-03484,ASSET-063,CRITICAL,Malware,2026-05-31 11:18:33,2026-05-31 11:42:42,2026-05-31 11:53:42,2026-05-31 15:22:24,2026-05-31 22:23:33,False,True Positive,True,Investigation completed; evidence recorded and escalated per playbook.,HIGH,139,115
CSE-D,ALT-03485,ASSET-087,LOW,Phishing,2026-02-11 16:05:49,2026-02-11 16:22:17,2026-02-11 16:25:17,2026-02-11 18:55:16,2026-02-12 07:21:29,False,True Positive,True,"Reviewed source IP, asset logs and correlated with previous alerts.",HIGH,114,92
CSE-D,ALT-03486,ASSET-030,CRITICAL,Unauthorized Access,2026-02-06 16:33:25,2026-02-06 16:48:41,2026-02-06 17:11:41,2026-02-06 20:04:14,2026-02-06 23:11:05,True,Escalated to Tier-2,True,Alert correlated with threat intel; full timeline documented.,CRITICAL,131,113
CSE-B,ALT-03487,ASSET-002,MEDIUM,Network Anomaly,2026-02-06 14:41:07,2026-02-06 15:11:53,2026-02-06 15:25:53,2026-02-06 15:32:31,2026-02-06 16:34:57,False,Under Investigation,True,Analyst investigation performed; packet capture and EDR evidence attached.,HIGH,88,51
CSE-C,ALT-03488,ASSET-081,LOW,Privilege Escalation,2026-06-25 12:28:41,2026-06-25 12:55:34,2026-06-25 13:00:34,2026-06-25 13:15:44,2026-06-25 17:18:54,True,Escalated to Tier-2,True,"Reviewed source IP, asset logs and correlated with previous alerts.",CRITICAL,109,58
CSE-A,ALT-03489,ASSET-046,LOW,Network Anomaly,2026-05-24 15:38:44,2026-05-24 15:46:02,2026-05-24 15:59:02,2026-05-24 20:38:15,2026-05-24 22:14:40,False,True Positive,True,Alert correlated with threat intel; full timeline documented.,HIGH,188,183
CSE-B,ALT-03490,ASSET-079,LOW,Network Anomaly,2026-06-13 01:28:47,2026-06-13 02:16:11,2026-06-13 02:40:11,2026-06-13 02:50:37,2026-06-13 07:58:17,False,False Positive,True,Alert correlated with threat intel; full timeline documented.,HIGH,103,63
CSE-E,ALT-03491,ASSET-024,MEDIUM,Phishing,2026-01-26 15:18:57,2026-01-26 15:26:26,2026-01-26 15:40:26,2026-01-26 16:51:45,2026-01-26 22:17:06,False,Under Investigation,True,Analyst investigation performed; packet capture and EDR evidence attached.,CRITICAL,100,66
CSE-B,ALT-03492,ASSET-020,LOW,Malware,2026-03-14 13:40:23,2026-03-14 14:23:10,2026-03-14 14:42:10,2026-03-14 15:06:55,2026-03-14 15:44:13,False,Benign True Positive,True,Alert correlated with threat intel; full timeline documented.,HIGH,154,141
CSE-D,ALT-03493,ASSET-039,LOW,Suspicious Login,2026-04-18 14:09:14,2026-04-18 14:20:11,2026-04-18 14:44:11,2026-04-18 15:49:07,2026-04-19 04:46:45,False,True Positive,True,Alert correlated with threat intel; full timeline documented.,HIGH,174,142
CSE-D,ALT-03494,ASSET-012,MEDIUM,Unauthorized Access,2026-01-27 11:35:42,2026-01-27 11:41:26,2026-01-27 12:00:26,2026-01-27 14:09:18,2026-01-27 21:52:55,False,False Positive,True,Alert correlated with threat intel; full timeline documented.,CRITICAL,102,104
CSE-D,ALT-03495,ASSET-053,MEDIUM,Phishing,2026-03-10 17:05:51,2026-03-10 17:10:25,2026-03-10 17:20:25,2026-03-10 18:07:39,2026-03-10 19:03:41,True,True Positive,True,Analyst investigation performed; packet capture and EDR evidence attached.,CRITICAL,173,161
CSE-C,ALT-03496,ASSET-009,MEDIUM,Privilege Escalation,2026-06-12 13:48:11,2026-06-12 14:18:13,,,2026-06-12 19:42:18,False,Escalated to Tier-2,False,,CRITICAL,190,75
CSE-B,ALT-03497,ASSET-098,LOW,Data Exfiltration,2026-06-10 13:55:07,2026-06-10 14:22:02,2026-06-10 14:35:02,2026-06-10 15:25:44,2026-06-10 22:07:37,False,False Positive,True,Analyst reviewed logs and confirmed activity with evidence archived.,MEDIUM,81,75
CSE-A,ALT-03498,ASSET-048,LOW,Privilege Escalation,2026-03-19 10:18:45,2026-03-19 10:24:25,2026-03-19 10:27:25,2026-03-19 13:45:27,2026-03-19 17:34:21,True,Under Investigation,True,"Reviewed source IP, asset logs and correlated with previous alerts.",MEDIUM,112,114
CSE-D,ALT-03499,ASSET-080,MEDIUM,Brute Force,2026-06-15 09:53:19,2026-06-15 10:06:27,2026-06-15 10:24:27,2026-06-15 14:40:53,2026-06-15 23:34:54,False,False Positive,True,Investigation completed; evidence recorded and escalated per playbook.,CRITICAL,167,147
CSE-C,ALT-03500,ASSET-063,CRITICAL,Malware,2026-03-27 10:51:47,2026-03-27 11:40:19,,,2026-03-27 15:16:36,False,Escalated to Tier-2,False,Closed quickly — no notes.,CRITICAL,103,12
CSE-B,ALT-03501,ASSET-096,CRITICAL,Phishing,2026-05-23 12:54:26,2026-05-23 13:53:58,2026-05-23 14:13:58,2026-05-23 15:40:21,2026-05-23 20:15:46,False,False Positive,True,Investigation completed; evidence recorded and escalated per playbook.,MEDIUM,184,122
CSE-D,ALT-03502,ASSET-070,MEDIUM,Network Anomaly,2026-01-10 11:49:26,2026-01-10 11:55:59,2026-01-10 12:05:59,2026-01-10 13:59:55,2026-01-10 23:32:40,True,Escalated to Tier-2,True,"Reviewed source IP, asset logs and correlated with previous alerts.",CRITICAL,91,87
CSE-D,ALT-03503,ASSET-074,HIGH,Data Exfiltration,2026-05-25 16:24:05,2026-05-25 16:32:29,2026-05-25 16:36:29,2026-05-25 16:56:26,2026-05-25 21:01:00,False,Benign True Positive,True,Analyst reviewed logs and confirmed activity with evidence archived.,MEDIUM,95,93
CSE-E,ALT-03504,ASSET-088,HIGH,Unauthorized Access,2026-01-10 17:28:29,2026-01-10 19:22:12,2026-01-10 19:25:12,2026-01-10 21:02:35,2026-01-11 02:21:20,False,True Positive,True,Investigation completed; evidence recorded and escalated per playbook.,CRITICAL,176,101
CSE-E,ALT-03505,ASSET-004,CRITICAL,Phishing,2026-03-28 15:23:39,2026-03-28 17:15:23,,,2026-03-28 23:24:30,False,Benign True Positive,False,N/A,HIGH,85,45
CSE-B,ALT-03506,ASSET-030,LOW,Unauthorized Access,2026-04-14 04:34:46,2026-04-14 05:23:32,2026-04-14 05:31:32,2026-04-14 06:00:55,2026-04-14 06:19:04,False,True Positive,True,"Reviewed source IP, asset logs and correlated with previous alerts.",CRITICAL,111,75
CSE-D,ALT-03507,ASSET-084,MEDIUM,Unauthorized Access,2026-05-22 16:36:46,2026-05-22 16:39:13,2026-05-22 16:42:13,2026-05-22 17:25:45,2026-05-23 04:16:55,False,True Positive,True,Analyst reviewed logs and confirmed activity with evidence archived.,CRITICAL,152,149
CSE-D,ALT-03508,ASSET-010,HIGH,Phishing,2026-05-15 10:58:21,2026-05-15 11:20:49,2026-05-15 11:27:49,2026-05-15 13:55:01,2026-05-16 01:53:25,True,Under Investigation,True,Investigation completed; evidence recorded and escalated per playbook.,MEDIUM,86,78
CSE-C,ALT-03509,ASSET-063,MEDIUM,Malware,2026-03-27 07:44:41,2026-03-27 08:00:40,,,2026-03-27 15:29:17,False,False Positive,False,Closed quickly — no notes.,CRITICAL,137,15
CSE-D,ALT-03510,ASSET-035,LOW,Privilege Escalation,2026-02-23 12:08:32,2026-02-23 12:23:18,2026-02-23 12:42:18,2026-02-23 14:56:34,2026-02-23 14:29:09,False,False Positive,True,Analyst reviewed logs and confirmed activity with evidence archived.,MEDIUM,163,142
CSE-D,ALT-03511,ASSET-072,LOW,Phishing,2026-02-24 09:26:22,2026-02-24 09:37:25,2026-02-24 09:50:25,2026-02-24 13:42:48,2026-02-24 15:19:57,True,Under Investigation,True,Analyst reviewed logs and confirmed activity with evidence archived.,CRITICAL,98,85
CSE-E,ALT-03512,ASSET-055,HIGH,Malware,2026-05-29 05:02:57,2026-05-29 06:35:06,2026-05-29 07:00:06,2026-05-29 07:23:11,2026-05-29 15:05:13,False,Under Investigation,True,Alert correlated with threat intel; full timeline documented.,MEDIUM,131,66
CSE-C,ALT-03513,ASSET-031,LOW,Brute Force,2026-01-27 10:44:49,2026-01-27 11:30:39,,,2026-01-27 13:12:31,False,Under Investigation,False,N/A,HIGH,163,54
CSE-D,ALT-03514,ASSET-038,HIGH,Privilege Escalation,2026-04-04 10:35:01,2026-04-04 10:44:41,2026-04-04 11:02:41,2026-04-04 14:57:30,2026-04-04 20:37:30,False,True Positive,True,Analyst investigation performed; packet capture and EDR evidence attached.,CRITICAL,108,86
CSE-C,ALT-03515,ASSET-100,HIGH,Network Anomaly,2026-03-19 16:56:46,2026-03-19 17:28:48,,,2026-03-19 19:07:56,False,False Positive,False,Closed quickly — no notes.,HIGH,145,14
CSE-A,ALT-03516,ASSET-056,HIGH,Brute Force,2026-03-18 12:16:34,2026-03-18 12:20:53,2026-03-18 12:29:53,2026-03-18 13:14:08,2026-03-18 21:14:38,False,True Positive,True,"Reviewed source IP, asset logs and correlated with previous alerts.",CRITICAL,99,90
CSE-B,ALT-03517,ASSET-092,LOW,Network Anomaly,2026-01-19 06:15:40,2026-01-19 06:22:10,2026-01-19 06:25:10,2026-01-19 09:21:16,2026-01-19 15:42:34,False,Under Investigation,True,Investigation completed; evidence recorded and escalated per playbook.,HIGH,118,116
CSE-E,ALT-03518,ASSET-099,LOW,Privilege Escalation,2026-02-19 11:49:48,2026-02-19 13:08:35,2026-02-19 13:29:35,2026-02-19 15:26:02,2026-02-19 18:09:19,True,Benign True Positive,True,Analyst reviewed logs and confirmed activity with evidence archived.,MEDIUM,77,60
CSE-E,ALT-03519,ASSET-008,LOW,Unauthorized Access,2026-05-19 09:42:04,2026-05-19 10:47:13,2026-05-19 10:59:13,2026-05-19 11:26:47,2026-05-19 19:10:01,False,Under Investigation,True,Investigation completed; evidence recorded and escalated per playbook.,CRITICAL,134,95
CSE-A,ALT-03520,ASSET-029,LOW,Suspicious Login,2026-02-02 16:07:19,2026-02-02 16:27:30,2026-02-02 16:42:30,2026-02-02 18:21:49,2026-02-03 04:01:12,False,True Positive,True,Investigation completed; evidence recorded and escalated per playbook.,HIGH,194,161
CSE-D,ALT-03521,ASSET-049,MEDIUM,Privilege Escalation,2026-02-16 12:12:09,2026-02-16 12:24:21,2026-02-16 12:40:21,2026-02-16 15:27:10,2026-02-16 16:06:01,False,False Positive,True,"Reviewed source IP, asset logs and correlated with previous alerts.",CRITICAL,112,96
CSE-A,ALT-03522,ASSET-094,HIGH,Phishing,2026-06-22 15:39:02,2026-06-22 15:51:23,2026-06-22 16:03:23,2026-06-22 19:19:45,2026-06-23 01:08:44,False,False Positive,True,Analyst investigation performed; packet capture and EDR evidence attached.,MEDIUM,161,145
CSE-B,ALT-03523,ASSET-009,LOW,Network Anomaly,2026-04-28 13:18:17,2026-04-28 14:41:53,2026-04-28 14:59:53,2026-04-28 16:30:06,2026-04-28 16:59:00,False,Under Investigation,True,Analyst investigation performed; packet capture and EDR evidence attached.,CRITICAL,83,70
CSE-B,ALT-03524,ASSET-004,MEDIUM,Brute Force,2026-02-17 16:17:06,2026-02-17 17:45:03,2026-02-17 17:50:03,2026-02-17 19:26:08,2026-02-18 02:01:16,False,True Positive,True,Analyst investigation performed; packet capture and EDR evidence attached.,CRITICAL,133,80
CSE-B,ALT-03525,ASSET-010,MEDIUM,Suspicious Login,2026-06-17 09:01:03,2026-06-17 10:02:21,,,2026-06-17 19:51:56,False,False Positive,False,N/A,MEDIUM,161,104
CSE-A,ALT-03526,ASSET-019,HIGH,Data Exfiltration,2026-05-23 01:57:34,2026-05-23 02:12:00,2026-05-23 02:29:00,2026-05-23 03:23:20,2026-05-23 13:34:15,False,False Positive,True,"Reviewed source IP, asset logs and correlated with previous alerts.",MEDIUM,110,116
CSE-B,ALT-03527,ASSET-068,HIGH,Unauthorized Access,2026-05-27 14:18:27,2026-05-27 15:10:11,,,2026-05-27 18:06:11,False,False Positive,False,N/A,HIGH,189,169
CSE-C,ALT-03528,ASSET-017,HIGH,Brute Force,2026-04-15 09:58:55,2026-04-15 10:30:52,,,2026-04-15 16:01:00,False,False Positive,False,Closed quickly — no notes.,CRITICAL,168,67
CSE-B,ALT-03529,ASSET-021,MEDIUM,Suspicious Login,2026-03-29 16:37:00,2026-03-29 16:50:08,2026-03-29 16:51:08,2026-03-29 19:16:26,2026-03-30 01:27:31,False,False Positive,True,Analyst reviewed logs and confirmed activity with evidence archived.,CRITICAL,192,114
CSE-E,ALT-03530,ASSET-070,HIGH,Data Exfiltration,2026-01-17 14:42:32,2026-01-17 15:48:04,,,2026-01-17 19:43:21,True,False Positive,False,Closed quickly — no notes.,HIGH,192,163
CSE-D,ALT-03531,ASSET-057,MEDIUM,Malware,2026-06-23 17:12:56,2026-06-23 17:35:48,2026-06-23 17:54:48,2026-06-23 21:37:47,2026-06-23 21:00:23,False,True Positive,True,Alert correlated with threat intel; full timeline documented.,MEDIUM,170,187
CSE-E,ALT-03532,ASSET-005,HIGH,Unauthorized Access,2026-04-05 03:00:11,2026-04-05 03:29:32,2026-04-05 03:34:32,2026-04-05 04:23:44,2026-04-05 08:33:29,False,False Positive,True,Analyst investigation performed; packet capture and EDR evidence attached.,MEDIUM,126,73
CSE-B,ALT-03533,ASSET-065,HIGH,Privilege Escalation,2026-06-23 14:19:19,2026-06-23 14:33:36,2026-06-23 14:49:36,2026-06-23 17:00:04,2026-06-23 20:50:12,False,True Positive,True,Investigation completed; evidence recorded and escalated per playbook.,HIGH,167,121
CSE-E,ALT-03534,ASSET-017,MEDIUM,Malware,2026-05-31 05:40:01,2026-05-31 06:41:39,2026-05-31 06:51:39,2026-05-31 09:11:27,2026-05-31 15:14:32,False,Under Investigation,True,Analyst reviewed logs and confirmed activity with evidence archived.,MEDIUM,128,84
CSE-B,ALT-03535,ASSET-026,LOW,Privilege Escalation,2026-03-24 14:28:01,2026-03-24 14:36:49,,,2026-03-25 00:24:25,False,False Positive,False,,MEDIUM,191,166
CSE-B,ALT-03536,ASSET-017,MEDIUM,Network Anomaly,2026-01-15 08:31:08,2026-01-15 08:51:01,2026-01-15 09:08:01,2026-01-15 10:06:41,2026-01-15 12:54:03,False,Under Investigation,True,Alert correlated with threat intel; full timeline documented.,HIGH,158,121
CSE-D,ALT-03537,ASSET-057,LOW,Data Exfiltration,2026-06-11 13:58:32,2026-06-11 14:22:11,2026-06-11 14:30:11,2026-06-11 16:48:36,2026-06-12 03:55:46,False,True Positive,True,"Reviewed source IP, asset logs and correlated with previous alerts.",MEDIUM,120,88
CSE-E,ALT-03538,ASSET-016,HIGH,Network Anomaly,2026-01-17 17:43:33,2026-01-17 17:50:16,2026-01-17 18:12:16,2026-01-17 20:56:57,2026-01-17 19:29:10,False,True Positive,True,Investigation completed; evidence recorded and escalated per playbook.,MEDIUM,140,73
CSE-D,ALT-03539,ASSET-096,LOW,Malware,2026-04-25 15:38:47,2026-04-25 15:47:21,,,2026-04-25 23:26:14,True,Under Investigation,False,Closed quickly — no notes.,HIGH,168,168
CSE-D,ALT-03540,ASSET-005,MEDIUM,Phishing,2026-06-08 16:14:20,2026-06-08 16:26:52,2026-06-08 16:44:52,2026-06-08 21:20:00,2026-06-09 03:39:56,False,True Positive,True,"Reviewed source IP, asset logs and correlated with previous alerts.",CRITICAL,92,85
CSE-A,ALT-03541,ASSET-058,MEDIUM,Privilege Escalation,2026-04-17 08:06:15,2026-04-17 08:36:28,2026-04-17 08:58:28,2026-04-17 11:14:35,2026-04-17 17:51:39,False,True Positive,True,Alert correlated with threat intel; full timeline documented.,CRITICAL,184,186
CSE-D,ALT-03542,ASSET-022,LOW,Phishing,2026-01-31 15:06:05,2026-01-31 15:14:08,2026-01-31 15:25:08,2026-01-31 18:47:17,2026-01-31 16:49:48,True,False Positive,True,Analyst investigation performed; packet capture and EDR evidence attached.,HIGH,126,139
CSE-A,ALT-03543,ASSET-053,LOW,Data Exfiltration,2026-05-29 11:38:26,2026-05-29 11:48:17,2026-05-29 11:55:17,2026-05-29 12:37:48,2026-05-29 16:32:57,False,Under Investigation,True,Analyst investigation performed; packet capture and EDR evidence attached.,MEDIUM,98,97
CSE-D,ALT-03544,ASSET-004,HIGH,Privilege Escalation,2026-06-15 20:49:56,2026-06-15 21:09:38,2026-06-15 21:32:38,2026-06-15 23:11:50,2026-06-16 11:30:30,True,False Positive,True,"Reviewed source IP, asset logs and correlated with previous alerts.",MEDIUM,86,85
CSE-E,ALT-03545,ASSET-008,HIGH,Privilege Escalation,2026-04-14 10:21:05,2026-04-14 11:04:02,2026-04-14 11:10:02,2026-04-14 11:39:24,2026-04-14 12:20:34,False,Under Investigation,True,"Reviewed source IP, asset logs and correlated with previous alerts.",CRITICAL,175,85
CSE-E,ALT-03546,ASSET-088,LOW,Suspicious Login,2026-06-26 20:07:15,2026-06-26 20:43:23,2026-06-26 20:55:23,2026-06-26 22:05:31,2026-06-27 00:39:05,False,Under Investigation,True,"Reviewed source IP, asset logs and correlated with previous alerts.",HIGH,98,77
CSE-A,ALT-03547,ASSET-087,LOW,Suspicious Login,2026-05-02 16:22:21,2026-05-02 16:39:14,2026-05-02 16:53:14,2026-05-02 18:25:18,2026-05-02 19:27:40,True,True Positive,True,Investigation completed; evidence recorded and escalated per playbook.,CRITICAL,116,89
CSE-D,ALT-03548,ASSET-017,MEDIUM,Brute Force,2026-03-09 01:35:47,2026-03-09 01:50:05,2026-03-09 02:07:05,2026-03-09 03:57:05,2026-03-09 14:29:41,False,True Positive,True,Analyst reviewed logs and confirmed activity with evidence archived.,MEDIUM,112,101
CSE-A,ALT-03549,ASSET-022,LOW,Phishing,2026-04-15 16:55:00,2026-04-15 17:16:09,2026-04-15 17:33:09,2026-04-15 21:49:47,2026-04-15 22:02:00,False,Benign True Positive,True,Analyst investigation performed; packet capture and EDR evidence attached.,MEDIUM,187,157
CSE-D,ALT-03550,ASSET-069,MEDIUM,Malware,2026-06-02 15:19:13,2026-06-02 15:30:22,2026-06-02 15:55:22,2026-06-02 16:43:53,2026-06-02 18:34:34,False,True Positive,True,Analyst reviewed logs and confirmed activity with evidence archived.,MEDIUM,166,137
CSE-C,ALT-03551,ASSET-012,LOW,Privilege Escalation,2026-02-04 13:15:55,2026-02-04 13:17:51,,,2026-02-04 14:41:04,True,True Positive,False,Closed quickly — no notes.,MEDIUM,156,81
CSE-A,ALT-03552,ASSET-100,HIGH,Suspicious Login,2026-01-17 15:34:07,2026-01-17 15:37:44,2026-01-17 15:58:44,2026-01-17 16:16:11,2026-01-17 17:12:29,False,Benign True Positive,True,Analyst reviewed logs and confirmed activity with evidence archived.,MEDIUM,140,119
CSE-E,ALT-03553,ASSET-074,MEDIUM,Malware,2026-02-19 12:19:06,2026-02-19 13:19:57,2026-02-19 13:39:57,2026-02-19 14:40:41,2026-02-19 23:01:12,False,False Positive,True,Investigation completed; evidence recorded and escalated per playbook.,CRITICAL,157,100
CSE-A,ALT-03554,ASSET-069,MEDIUM,Brute Force,2026-03-23 13:58:33,2026-03-23 14:19:17,2026-03-23 14:27:17,2026-03-23 16:00:26,2026-03-23 21:45:54,False,True Positive,True,Investigation completed; evidence recorded and escalated per playbook.,MEDIUM,92,82
CSE-E,ALT-03555,ASSET-003,MEDIUM,Malware,2026-05-31 11:43:24,2026-05-31 12:13:40,2026-05-31 12:33:40,2026-05-31 13:17:07,2026-05-31 12:58:32,False,True Positive,True,"Reviewed source IP, asset logs and correlated with previous alerts.",CRITICAL,158,82
CSE-B,ALT-03556,ASSET-075,MEDIUM,Malware,2026-01-18 16:35:15,2026-01-18 17:06:59,2026-01-18 17:16:59,2026-01-18 19:24:05,2026-01-18 20:23:20,False,Escalated to Tier-2,True,Investigation completed; evidence recorded and escalated per playbook.,HIGH,172,145
CSE-E,ALT-03557,ASSET-038,CRITICAL,Brute Force,2026-04-10 12:00:53,2026-04-10 13:11:59,,,2026-04-10 22:43:15,True,True Positive,False,N/A,CRITICAL,160,110
CSE-C,ALT-03558,ASSET-085,HIGH,Unauthorized Access,2026-04-29 17:05:03,2026-04-29 17:11:24,,,2026-04-29 19:58:23,False,Under Investigation,False,N/A,HIGH,95,36
CSE-C,ALT-03559,ASSET-056,HIGH,Suspicious Login,2026-01-09 01:36:46,2026-01-09 01:58:30,2026-01-09 02:23:30,2026-01-09 02:43:21,2026-01-09 08:27:19,False,Under Investigation,True,Analyst investigation performed; packet capture and EDR evidence attached.,CRITICAL,130,64
CSE-E,ALT-03560,ASSET-001,HIGH,Brute Force,2026-05-19 16:02:28,2026-05-19 17:36:33,2026-05-19 17:55:33,2026-05-19 19:09:32,2026-05-19 19:20:30,True,True Positive,True,Investigation completed; evidence recorded and escalated per playbook.,MEDIUM,97,51
CSE-A,ALT-03561,ASSET-075,LOW,Data Exfiltration,2026-04-09 09:52:26,2026-04-09 10:15:17,2026-04-09 10:20:17,2026-04-09 14:49:25,2026-04-09 15:45:46,False,Under Investigation,True,Investigation completed; evidence recorded and escalated per playbook.,MEDIUM,134,122
CSE-A,ALT-03562,ASSET-057,MEDIUM,Unauthorized Access,2026-02-07 11:38:57,2026-02-07 12:09:19,2026-02-07 12:31:19,2026-02-07 15:44:02,2026-02-07 18:35:03,False,Escalated to Tier-2,True,Investigation completed; evidence recorded and escalated per playbook.,HIGH,165,149
CSE-B,ALT-03563,ASSET-081,LOW,Malware,2026-01-10 14:18:53,2026-01-10 15:05:36,2026-01-10 15:13:36,2026-01-10 15:31:23,2026-01-10 15:56:06,False,True Positive,True,Investigation completed; evidence recorded and escalated per playbook.,MEDIUM,122,90
CSE-D,ALT-03564,ASSET-017,LOW,Network Anomaly,2026-06-17 20:41:45,2026-06-17 20:49:59,2026-06-17 21:10:59,2026-06-17 22:56:17,2026-06-18 01:09:34,False,False Positive,True,"Reviewed source IP, asset logs and correlated with previous alerts.",CRITICAL,99,89
CSE-A,ALT-03565,ASSET-088,LOW,Brute Force,2026-01-10 17:18:33,2026-01-10 17:23:17,2026-01-10 17:27:17,2026-01-10 22:21:44,2026-01-11 04:10:08,False,True Positive,True,Analyst investigation performed; packet capture and EDR evidence attached.,MEDIUM,198,197
CSE-B,ALT-03566,ASSET-001,HIGH,Privilege Escalation,2026-05-08 10:19:08,2026-05-08 11:35:26,2026-05-08 11:42:26,2026-05-08 13:56:42,2026-05-08 18:22:01,False,False Positive,True,Analyst reviewed logs and confirmed activity with evidence archived.,CRITICAL,93,68
CSE-E,ALT-03567,ASSET-035,MEDIUM,Data Exfiltration,2026-02-03 12:16:20,2026-02-03 12:34:56,,,2026-02-03 20:04:04,False,True Positive,False,,CRITICAL,163,140
CSE-B,ALT-03568,ASSET-079,LOW,Data Exfiltration,2026-03-04 07:10:28,2026-03-04 08:21:59,2026-03-04 08:43:59,2026-03-04 09:47:19,2026-03-04 09:52:19,False,False Positive,True,Analyst investigation performed; packet capture and EDR evidence attached.,HIGH,156,124
CSE-A,ALT-03569,ASSET-031,HIGH,Malware,2026-03-24 11:24:04,2026-03-24 11:37:25,2026-03-24 11:46:25,2026-03-24 15:27:44,2026-03-24 15:29:54,True,True Positive,True,"Reviewed source IP, asset logs and correlated with previous alerts.",HIGH,139,109
CSE-D,ALT-03570,ASSET-082,CRITICAL,Suspicious Login,2026-05-16 01:31:17,2026-05-16 01:54:51,2026-05-16 02:14:51,2026-05-16 03:25:29,2026-05-16 13:39:08,False,True Positive,True,"Reviewed source IP, asset logs and correlated with previous alerts.",CRITICAL,157,149
CSE-E,ALT-03571,ASSET-077,CRITICAL,Phishing,2026-04-25 03:52:15,2026-04-25 05:44:15,2026-04-25 05:59:15,2026-04-25 07:55:10,2026-04-25 08:00:52,False,Under Investigation,True,Analyst reviewed logs and confirmed activity with evidence archived.,CRITICAL,154,102
CSE-D,ALT-03572,ASSET-048,HIGH,Malware,2026-05-10 11:57:31,2026-05-10 12:22:35,,,2026-05-10 16:13:27,False,Escalated to Tier-2,False,Closed quickly — no notes.,HIGH,116,97
CSE-A,ALT-03573,ASSET-079,HIGH,Suspicious Login,2026-02-04 12:45:52,2026-02-04 13:10:24,2026-02-04 13:30:24,2026-02-04 14:19:59,2026-02-04 21:19:19,True,False Positive,True,Alert correlated with threat intel; full timeline documented.,MEDIUM,90,93
CSE-C,ALT-03574,ASSET-073,LOW,Network Anomaly,2026-02-10 03:01:59,2026-02-10 03:29:34,2026-02-10 03:46:34,2026-02-10 04:10:14,2026-02-10 06:49:18,False,Under Investigation,True,Investigation completed; evidence recorded and escalated per playbook.,MEDIUM,174,18
CSE-C,ALT-03575,ASSET-007,CRITICAL,Phishing,2026-01-03 14:00:31,2026-01-03 14:54:49,,,2026-01-03 17:02:51,False,True Positive,False,N/A,HIGH,191,90
CSE-C,ALT-03576,ASSET-017,HIGH,Brute Force,2026-02-27 09:27:53,2026-02-27 09:59:35,2026-02-27 10:14:35,2026-02-27 10:42:54,2026-02-27 17:31:50,False,Under Investigation,True,Investigation completed; evidence recorded and escalated per playbook.,HIGH,163,55
CSE-D,ALT-03577,ASSET-026,LOW,Malware,2026-06-17 12:06:30,2026-06-17 12:11:50,2026-06-17 12:16:50,2026-06-17 16:23:05,2026-06-18 01:10:00,False,Escalated to Tier-2,True,Alert correlated with threat intel; full timeline documented.,MEDIUM,200,190
CSE-A,ALT-03578,ASSET-039,LOW,Network Anomaly,2026-01-29 10:04:12,2026-01-29 10:30:47,2026-01-29 10:41:47,2026-01-29 15:25:53,2026-01-29 19:54:53,True,False Positive,True,Alert correlated with threat intel; full timeline documented.,HIGH,121,91
CSE-D,ALT-03579,ASSET-038,LOW,Data Exfiltration,2026-04-04 10:13:48,2026-04-04 10:19:47,2026-04-04 10:26:47,2026-04-04 13:35:17,2026-04-05 00:51:12,True,Escalated to Tier-2,True,Analyst investigation performed; packet capture and EDR evidence attached.,CRITICAL,122,117
CSE-D,ALT-03580,ASSET-006,MEDIUM,Phishing,2026-02-26 14:49:10,2026-02-26 14:56:41,2026-02-26 15:16:41,2026-02-26 16:14:48,2026-02-27 03:31:10,False,False Positive,True,Analyst reviewed logs and confirmed activity with evidence archived.,HIGH,177,179
CSE-B,ALT-03581,ASSET-036,MEDIUM,Malware,2026-01-07 15:54:50,2026-01-07 16:44:31,2026-01-07 16:50:31,2026-01-07 17:07:50,2026-01-07 17:37:12,False,True Positive,True,"Reviewed source IP, asset logs and correlated with previous alerts.",HIGH,72,50
CSE-C,ALT-03582,ASSET-041,HIGH,Privilege Escalation,2026-01-13 06:51:25,2026-01-13 07:22:33,2026-01-13 07:23:33,2026-01-13 07:43:12,2026-01-13 08:55:19,False,True Positive,True,"Reviewed source IP, asset logs and correlated with previous alerts.",MEDIUM,178,63
CSE-C,ALT-03583,ASSET-083,CRITICAL,Data Exfiltration,2026-02-10 14:04:17,2026-02-10 14:47:41,,,2026-02-10 14:06:18,False,Under Investigation,False,Closed quickly — no notes.,MEDIUM,150,76
CSE-B,ALT-03584,ASSET-062,CRITICAL,Suspicious Login,2026-04-28 17:26:39,2026-04-28 17:55:55,,,2026-04-28 17:29:48,False,False Positive,False,N/A,CRITICAL,159,94
CSE-A,ALT-03585,ASSET-003,LOW,Brute Force,2026-04-02 16:17:27,2026-04-02 16:29:13,2026-04-02 16:49:13,2026-04-02 20:37:48,2026-04-02 19:12:24,True,True Positive,True,Analyst reviewed logs and confirmed activity with evidence archived.,MEDIUM,147,139
CSE-E,ALT-03586,ASSET-063,MEDIUM,Malware,2026-06-21 15:55:21,2026-06-21 17:19:42,2026-06-21 17:29:42,2026-06-21 17:44:17,2026-06-22 03:14:14,False,True Positive,True,Analyst investigation performed; packet capture and EDR evidence attached.,CRITICAL,122,52
CSE-E,ALT-03587,ASSET-018,LOW,Phishing,2026-05-23 15:57:01,2026-05-23 17:33:46,2026-05-23 17:39:46,2026-05-23 17:59:37,2026-05-24 02:30:00,False,False Positive,True,Analyst investigation performed; packet capture and EDR evidence attached.,CRITICAL,163,121
CSE-C,ALT-03588,ASSET-027,LOW,Network Anomaly,2026-04-18 04:52:40,2026-04-18 05:15:48,,,2026-04-18 06:24:09,False,Under Investigation,False,N/A,MEDIUM,191,78
CSE-C,ALT-03589,ASSET-004,LOW,Network Anomaly,2026-04-01 12:54:23,2026-04-01 12:56:50,,,2026-04-01 15:25:54,False,Under Investigation,False,N/A,MEDIUM,150,57
CSE-C,ALT-03590,ASSET-068,CRITICAL,Network Anomaly,2026-05-26 09:02:11,2026-05-26 10:00:59,,,2026-05-26 09:04:26,False,Under Investigation,False,,CRITICAL,182,52
CSE-B,ALT-03591,ASSET-004,LOW,Unauthorized Access,2026-01-08 15:00:08,2026-01-08 15:12:35,,,2026-01-08 16:14:23,False,True Positive,False,,MEDIUM,168,148
CSE-D,ALT-03592,ASSET-070,MEDIUM,Network Anomaly,2026-03-28 11:22:15,2026-03-28 11:41:40,2026-03-28 12:02:40,2026-03-28 16:25:10,2026-03-28 19:34:26,False,True Positive,True,"Reviewed source IP, asset logs and correlated with previous alerts.",HIGH,191,203
CSE-B,ALT-03593,ASSET-084,LOW,Malware,2026-03-10 12:48:25,2026-03-10 14:10:30,2026-03-10 14:34:30,2026-03-10 15:55:23,2026-03-10 18:18:05,False,Under Investigation,True,"Reviewed source IP, asset logs and correlated with previous alerts.",HIGH,92,67
CSE-E,ALT-03594,ASSET-023,CRITICAL,Brute Force,2026-05-02 14:37:44,2026-05-02 14:59:29,2026-05-02 15:10:29,2026-05-02 17:58:41,2026-05-02 15:48:45,False,Escalated to Tier-2,True,Alert correlated with threat intel; full timeline documented.,CRITICAL,168,130
CSE-D,ALT-03595,ASSET-055,HIGH,Brute Force,2026-01-18 11:08:31,2026-01-18 11:26:12,2026-01-18 11:44:12,2026-01-18 13:58:55,2026-01-18 23:52:26,False,Benign True Positive,True,Analyst reviewed logs and confirmed activity with evidence archived.,MEDIUM,154,119
CSE-D,ALT-03596,ASSET-046,LOW,Network Anomaly,2026-01-20 17:51:38,2026-01-20 18:08:47,2026-01-20 18:16:47,2026-01-20 19:08:25,2026-01-20 20:25:49,False,False Positive,True,Analyst reviewed logs and confirmed activity with evidence archived.,CRITICAL,127,128
CSE-C,ALT-03597,ASSET-061,HIGH,Malware,2026-02-26 02:55:44,2026-02-26 03:54:15,2026-02-26 04:03:15,2026-02-26 04:20:33,2026-02-26 11:46:13,True,Escalated to Tier-2,True,Analyst investigation performed; packet capture and EDR evidence attached.,HIGH,121,19
CSE-B,ALT-03598,ASSET-078,HIGH,Network Anomaly,2026-03-05 12:23:01,2026-03-05 13:10:49,2026-03-05 13:15:49,2026-03-05 13:33:33,2026-03-05 16:31:13,False,Under Investigation,True,Alert correlated with threat intel; full timeline documented.,CRITICAL,163,141
CSE-B,ALT-03599,ASSET-018,LOW,Brute Force,2026-05-14 15:18:14,2026-05-14 16:39:36,,,2026-05-14 21:40:19,False,True Positive,False,,CRITICAL,144,116
CSE-B,ALT-03600,ASSET-048,LOW,Suspicious Login,2026-04-09 19:57:49,2026-04-09 20:23:15,2026-04-09 20:33:15,2026-04-09 21:43:34,2026-04-10 00:28:15,False,Escalated to Tier-2,True,Analyst investigation performed; packet capture and EDR evidence attached.,MEDIUM,156,129
CSE-E,ALT-03601,ASSET-063,HIGH,Brute Force,2026-06-02 16:44:31,2026-06-02 18:30:27,2026-06-02 18:43:27,2026-06-02 20:55:47,2026-06-03 01:49:14,False,True Positive,True,Alert correlated with threat intel; full timeline documented.,CRITICAL,156,115
CSE-A,ALT-03602,ASSET-020,CRITICAL,Brute Force,2026-04-28 15:58:22,2026-04-28 16:11:16,2026-04-28 16:25:16,2026-04-28 19:15:46,2026-04-28 18:14:32,False,Benign True Positive,True,"Reviewed source IP, asset logs and correlated with previous alerts.",CRITICAL,137,123
CSE-E,ALT-03603,ASSET-090,MEDIUM,Unauthorized Access,2026-04-27 10:22:44,2026-04-27 10:54:03,2026-04-27 11:04:03,2026-04-27 12:18:32,2026-04-27 17:48:50,False,False Positive,True,Alert correlated with threat intel; full timeline documented.,HIGH,174,127
CSE-E,ALT-03604,ASSET-083,LOW,Unauthorized Access,2026-01-31 09:05:53,2026-01-31 09:44:15,,,2026-01-31 18:38:04,False,Under Investigation,False,Closed quickly — no notes.,MEDIUM,134,67
CSE-C,ALT-03605,ASSET-085,LOW,Malware,2026-04-12 21:56:38,2026-04-12 22:08:00,,,2026-04-13 03:37:42,False,True Positive,False,N/A,HIGH,133,68
CSE-E,ALT-03606,ASSET-072,LOW,Network Anomaly,2026-06-21 12:14:25,2026-06-21 12:37:41,2026-06-21 12:38:41,2026-06-21 13:52:08,2026-06-21 21:03:39,False,Escalated to Tier-2,True,Alert correlated with threat intel; full timeline documented.,CRITICAL,156,114
CSE-B,ALT-03607,ASSET-005,MEDIUM,Network Anomaly,2026-05-24 11:40:43,2026-05-24 12:34:55,,,2026-05-24 17:35:53,True,False Positive,False,,CRITICAL,185,140
CSE-A,ALT-03608,ASSET-099,HIGH,Brute Force,2026-02-15 10:08:04,2026-02-15 10:34:41,2026-02-15 10:50:41,2026-02-15 15:14:55,2026-02-15 20:37:01,True,True Positive,True,Alert correlated with threat intel; full timeline documented.,HIGH,119,129
CSE-D,ALT-03609,ASSET-008,HIGH,Privilege Escalation,2026-03-29 13:49:37,2026-03-29 14:13:25,2026-03-29 14:20:25,2026-03-29 18:55:20,2026-03-29 15:22:25,False,True Positive,True,Investigation completed; evidence recorded and escalated per playbook.,HIGH,98,78
CSE-A,ALT-03610,ASSET-059,MEDIUM,Network Anomaly,2026-04-19 17:13:33,2026-04-19 17:28:17,2026-04-19 17:48:17,2026-04-19 22:35:41,2026-04-19 23:09:39,True,False Positive,True,Alert correlated with threat intel; full timeline documented.,CRITICAL,95,74
CSE-C,ALT-03611,ASSET-040,HIGH,Malware,2026-02-19 17:00:28,2026-02-19 17:30:40,,,2026-02-19 19:51:16,False,True Positive,False,,CRITICAL,151,68
CSE-D,ALT-03612,ASSET-059,LOW,Malware,2026-02-14 11:23:03,2026-02-14 11:44:41,2026-02-14 11:51:41,2026-02-14 14:55:51,2026-02-14 13:57:50,True,Benign True Positive,True,Investigation completed; evidence recorded and escalated per playbook.,MEDIUM,125,112
CSE-D,ALT-03613,ASSET-013,LOW,Malware,2026-01-03 15:02:43,2026-01-03 15:22:12,2026-01-03 15:26:12,2026-01-03 16:49:02,2026-01-03 16:41:47,False,True Positive,True,Analyst investigation performed; packet capture and EDR evidence attached.,MEDIUM,192,155
CSE-E,ALT-03614,ASSET-042,HIGH,Malware,2026-01-24 12:24:03,2026-01-24 12:42:26,2026-01-24 13:07:26,2026-01-24 16:05:06,2026-01-24 20:47:01,True,Under Investigation,True,"Reviewed source IP, asset logs and correlated with previous alerts.",HIGH,79,52
CSE-B,ALT-03615,ASSET-004,LOW,Phishing,2026-01-22 15:33:08,2026-01-22 16:47:27,,,2026-01-22 21:44:43,False,False Positive,False,N/A,MEDIUM,196,151
CSE-B,ALT-03616,ASSET-035,MEDIUM,Brute Force,2026-05-19 14:30:30,2026-05-19 15:29:15,2026-05-19 15:41:15,2026-05-19 16:36:48,2026-05-19 19:56:27,False,True Positive,True,Analyst investigation performed; packet capture and EDR evidence attached.,CRITICAL,158,95
CSE-D,ALT-03617,ASSET-079,HIGH,Suspicious Login,2026-04-29 15:14:26,2026-04-29 15:32:56,2026-04-29 15:51:56,2026-04-29 19:23:52,2026-04-30 04:31:08,False,False Positive,True,Alert correlated with threat intel; full timeline documented.,HIGH,148,135
CSE-E,ALT-03618,ASSET-049,HIGH,Unauthorized Access,2026-04-22 11:01:59,2026-04-22 11:55:53,,,2026-04-22 17:32:26,False,Escalated to Tier-2,False,N/A,MEDIUM,76,37
CSE-A,ALT-03619,ASSET-042,MEDIUM,Phishing,2026-02-05 15:24:59,2026-02-05 15:36:06,2026-02-05 15:42:06,2026-02-05 17:11:57,2026-02-05 22:35:40,False,False Positive,True,Analyst reviewed logs and confirmed activity with evidence archived.,HIGH,178,162
CSE-E,ALT-03620,ASSET-019,HIGH,Suspicious Login,2026-04-07 15:16:15,2026-04-07 16:47:13,2026-04-07 17:02:13,2026-04-07 18:49:05,2026-04-08 00:38:58,False,True Positive,True,Analyst reviewed logs and confirmed activity with evidence archived.,HIGH,71,54
CSE-D,ALT-03621,ASSET-079,LOW,Suspicious Login,2026-04-14 03:12:39,2026-04-14 03:37:13,2026-04-14 03:39:13,2026-04-14 06:41:11,2026-04-14 16:36:16,False,Benign True Positive,True,Alert correlated with threat intel; full timeline documented.,CRITICAL,103,86
CSE-D,ALT-03622,ASSET-094,MEDIUM,Data Exfiltration,2026-04-13 13:21:46,2026-04-13 13:24:51,2026-04-13 13:48:51,2026-04-13 18:08:04,2026-04-13 15:35:56,False,True Positive,True,Analyst reviewed logs and confirmed activity with evidence archived.,CRITICAL,139,111
CSE-D,ALT-03623,ASSET-003,HIGH,Brute Force,2026-05-06 10:37:39,2026-05-06 10:59:33,2026-05-06 11:17:33,2026-05-06 12:38:15,2026-05-06 16:07:47,False,Escalated to Tier-2,True,Alert correlated with threat intel; full timeline documented.,HIGH,122,114
CSE-C,ALT-03624,ASSET-049,HIGH,Suspicious Login,2026-03-05 13:05:49,2026-03-05 13:58:44,2026-03-05 14:07:44,2026-03-05 14:14:21,2026-03-05 21:45:31,False,Escalated to Tier-2,True,Analyst investigation performed; packet capture and EDR evidence attached.,MEDIUM,165,19
CSE-C,ALT-03625,ASSET-010,CRITICAL,Unauthorized Access,2026-04-19 17:33:59,2026-04-19 18:15:38,,,2026-04-19 17:36:40,False,Under Investigation,False,N/A,CRITICAL,121,47
CSE-D,ALT-03626,ASSET-088,HIGH,Data Exfiltration,2026-05-31 10:33:35,2026-05-31 10:53:51,2026-05-31 11:14:51,2026-05-31 13:53:33,2026-05-31 19:26:13,False,Benign True Positive,True,Analyst investigation performed; packet capture and EDR evidence attached.,MEDIUM,100,88
CSE-C,ALT-03627,ASSET-003,HIGH,Network Anomaly,2026-02-08 15:31:29,2026-02-08 16:17:33,2026-02-08 16:22:33,2026-02-08 16:52:16,2026-02-08 20:28:25,False,Under Investigation,True,"Reviewed source IP, asset logs and correlated with previous alerts.",HIGH,120,16
CSE-D,ALT-03628,ASSET-047,HIGH,Data Exfiltration,2026-06-04 10:25:21,2026-06-04 10:49:15,2026-06-04 11:08:15,2026-06-04 14:14:50,2026-06-04 15:02:59,True,Benign True Positive,True,"Reviewed source IP, asset logs and correlated with previous alerts.",CRITICAL,158,120
CSE-E,ALT-03629,ASSET-074,CRITICAL,Phishing,2026-06-16 20:54:14,2026-06-16 22:20:38,2026-06-16 22:40:38,2026-06-16 23:00:53,2026-06-17 05:22:07,False,Escalated to Tier-2,True,Analyst reviewed logs and confirmed activity with evidence archived.,HIGH,121,71
CSE-A,ALT-03630,ASSET-056,MEDIUM,Malware,2026-04-09 10:06:09,2026-04-09 10:11:52,2026-04-09 10:21:52,2026-04-09 14:38:00,2026-04-09 19:13:03,True,Under Investigation,True,Alert correlated with threat intel; full timeline documented.,HIGH,197,199
CSE-B,ALT-03631,ASSET-003,MEDIUM,Privilege Escalation,2026-06-13 16:07:24,2026-06-13 17:23:02,2026-06-13 17:46:02,2026-06-13 18:05:30,2026-06-13 22:59:43,False,True Positive,True,"Reviewed source IP, asset logs and correlated with previous alerts.",MEDIUM,200,157
CSE-A,ALT-03632,ASSET-046,MEDIUM,Suspicious Login,2026-02-21 15:20:15,2026-02-21 15:44:34,2026-02-21 16:05:34,2026-02-21 16:34:55,2026-02-21 23:25:06,True,False Positive,True,Alert correlated with threat intel; full timeline documented.,MEDIUM,101,89
CSE-D,ALT-03633,ASSET-035,MEDIUM,Suspicious Login,2026-06-09 23:08:45,2026-06-09 23:28:44,2026-06-09 23:36:44,2026-06-10 00:11:35,2026-06-10 07:14:51,True,True Positive,True,"Reviewed source IP, asset logs and correlated with previous alerts.",HIGH,200,191
CSE-C,ALT-03634,ASSET-058,CRITICAL,Malware,2026-01-25 21:14:21,2026-01-25 21:15:23,,,2026-01-25 23:01:48,False,Benign True Positive,False,N/A,CRITICAL,134,56
CSE-C,ALT-03635,ASSET-020,HIGH,Privilege Escalation,2026-03-09 17:29:46,2026-03-09 17:41:01,,,2026-03-09 19:35:17,False,Escalated to Tier-2,False,Closed quickly — no notes.,MEDIUM,159,61
CSE-E,ALT-03636,ASSET-024,MEDIUM,Network Anomaly,2026-03-21 14:33:05,2026-03-21 15:51:39,2026-03-21 16:13:39,2026-03-21 17:54:03,2026-03-21 18:09:29,False,Under Investigation,True,"Reviewed source IP, asset logs and correlated with previous alerts.",HIGH,200,136
CSE-E,ALT-03637,ASSET-046,LOW,Network Anomaly,2026-05-23 20:52:19,2026-05-23 21:11:03,,,2026-05-23 23:45:30,False,Benign True Positive,False,Closed quickly — no notes.,CRITICAL,105,87
CSE-A,ALT-03638,ASSET-097,MEDIUM,Suspicious Login,2026-02-24 12:17:42,2026-02-24 12:47:27,2026-02-24 12:52:27,2026-02-24 16:05:36,2026-02-24 13:44:08,True,Escalated to Tier-2,True,Analyst reviewed logs and confirmed activity with evidence archived.,MEDIUM,146,140
CSE-B,ALT-03639,ASSET-084,MEDIUM,Malware,2026-05-19 11:57:56,2026-05-19 12:43:11,2026-05-19 12:59:11,2026-05-19 15:52:11,2026-05-19 20:48:07,False,Benign True Positive,True,Analyst investigation performed; packet capture and EDR evidence attached.,CRITICAL,181,100
CSE-B,ALT-03640,ASSET-052,CRITICAL,Suspicious Login,2026-02-01 18:00:34,2026-02-01 19:30:20,,,2026-02-01 21:28:47,False,False Positive,False,N/A,CRITICAL,105,62
CSE-B,ALT-03641,ASSET-088,LOW,Phishing,2026-03-19 13:38:04,2026-03-19 13:54:33,2026-03-19 14:19:33,2026-03-19 15:45:52,2026-03-19 20:41:32,False,Under Investigation,True,Analyst investigation performed; packet capture and EDR evidence attached.,MEDIUM,91,61
CSE-C,ALT-03642,ASSET-070,MEDIUM,Phishing,2026-06-14 10:12:23,2026-06-14 11:12:35,2026-06-14 11:16:35,2026-06-14 11:26:56,2026-06-14 17:24:17,False,Escalated to Tier-2,True,Analyst reviewed logs and confirmed activity with evidence archived.,MEDIUM,117,13
CSE-B,ALT-03643,ASSET-063,CRITICAL,Brute Force,2026-06-29 17:04:51,2026-06-29 17:15:10,,,2026-06-30 00:28:03,True,Escalated to Tier-2,False,,CRITICAL,167,126
CSE-A,ALT-03644,ASSET-022,MEDIUM,Phishing,2026-01-15 16:15:18,2026-01-15 16:19:14,2026-01-15 16:37:14,2026-01-15 19:19:32,2026-01-15 18:50:00,False,False Positive,True,Investigation completed; evidence recorded and escalated per playbook.,MEDIUM,180,200
CSE-C,ALT-03645,ASSET-032,MEDIUM,Brute Force,2026-01-29 14:45:51,2026-01-29 15:35:09,,,2026-01-29 19:58:19,False,Under Investigation,False,N/A,MEDIUM,130,59
CSE-D,ALT-03646,ASSET-027,HIGH,Privilege Escalation,2026-06-09 12:44:13,2026-06-09 13:01:35,2026-06-09 13:26:35,2026-06-09 15:22:49,2026-06-09 20:17:25,False,Under Investigation,True,Investigation completed; evidence recorded and escalated per playbook.,HIGH,91,81
CSE-D,ALT-03647,ASSET-061,MEDIUM,Unauthorized Access,2026-04-23 14:45:35,2026-04-23 15:07:17,2026-04-23 15:32:17,2026-04-23 17:20:36,2026-04-23 23:03:50,True,True Positive,True,Alert correlated with threat intel; full timeline documented.,MEDIUM,136,126
CSE-A,ALT-03648,ASSET-019,HIGH,Privilege Escalation,2026-03-13 16:13:31,2026-03-13 16:35:58,,,2026-03-13 21:03:41,False,True Positive,False,,HIGH,185,183
CSE-C,ALT-03649,ASSET-076,HIGH,Suspicious Login,2026-05-08 15:03:20,2026-05-08 15:46:51,2026-05-08 16:05:51,2026-05-08 16:26:25,2026-05-08 18:46:55,False,False Positive,True,Alert correlated with threat intel; full timeline documented.,MEDIUM,176,31
CSE-D,ALT-03650,ASSET-074,LOW,Data Exfiltration,2026-06-07 16:21:01,2026-06-07 16:25:20,,,2026-06-07 19:21:43,False,Benign True Positive,False,Closed quickly — no notes.,MEDIUM,143,137
CSE-E,ALT-03651,ASSET-037,HIGH,Phishing,2026-03-26 15:42:05,2026-03-26 16:20:07,,,2026-03-27 00:29:59,False,Escalated to Tier-2,False,Closed quickly — no notes.,CRITICAL,106,85
CSE-A,ALT-03652,ASSET-008,HIGH,Data Exfiltration,2026-04-03 12:46:53,2026-04-03 12:54:01,,,2026-04-03 23:40:45,False,Benign True Positive,False,Closed quickly — no notes.,HIGH,138,115
CSE-D,ALT-03653,ASSET-091,HIGH,Data Exfiltration,2026-02-03 10:34:52,2026-02-03 10:49:31,2026-02-03 10:58:31,2026-02-03 13:07:11,2026-02-03 16:33:53,False,True Positive,True,Analyst investigation performed; packet capture and EDR evidence attached.,MEDIUM,181,141
CSE-C,ALT-03654,ASSET-073,HIGH,Phishing,2026-05-06 16:05:59,2026-05-06 17:00:47,,,2026-05-06 19:22:38,False,Under Investigation,False,Closed quickly — no notes.,HIGH,106,11
CSE-D,ALT-03655,ASSET-072,MEDIUM,Data Exfiltration,2026-04-11 01:38:49,2026-04-11 01:59:17,2026-04-11 02:24:17,2026-04-11 07:18:12,2026-04-11 10:32:22,False,True Positive,True,"Reviewed source IP, asset logs and correlated with previous alerts.",HIGH,198,203
CSE-B,ALT-03656,ASSET-065,CRITICAL,Unauthorized Access,2026-05-20 11:56:23,2026-05-20 12:39:25,2026-05-20 13:04:25,2026-05-20 14:13:59,2026-05-20 14:25:21,False,False Positive,True,Analyst investigation performed; packet capture and EDR evidence attached.,CRITICAL,125,79
CSE-A,ALT-03657,ASSET-088,HIGH,Network Anomaly,2026-05-05 16:46:48,2026-05-05 17:03:06,2026-05-05 17:09:06,2026-05-05 21:30:40,2026-05-06 04:44:55,False,False Positive,True,Analyst investigation performed; packet capture and EDR evidence attached.,HIGH,100,86
CSE-C,ALT-03658,ASSET-048,HIGH,Brute Force,2026-03-11 15:31:20,2026-03-11 16:25:23,,,2026-03-11 16:50:15,False,Under Investigation,False,N/A,CRITICAL,144,73
CSE-A,ALT-03659,ASSET-066,MEDIUM,Phishing,2026-05-21 15:54:21,2026-05-21 16:03:05,2026-05-21 16:19:05,2026-05-21 18:24:16,2026-05-22 03:38:23,False,Under Investigation,True,Analyst investigation performed; packet capture and EDR evidence attached.,MEDIUM,110,91
CSE-A,ALT-03660,ASSET-033,MEDIUM,Network Anomaly,2026-01-23 01:12:35,2026-01-23 01:19:44,,,2026-01-23 04:07:20,False,True Positive,False,N/A,HIGH,141,133
CSE-E,ALT-03661,ASSET-063,LOW,Data Exfiltration,2026-02-24 12:57:22,2026-02-24 14:07:57,,,2026-02-24 19:13:34,True,False Positive,False,Closed quickly — no notes.,HIGH,94,55
CSE-B,ALT-03662,ASSET-032,LOW,Brute Force,2026-06-30 15:57:51,2026-06-30 17:06:40,2026-06-30 17:28:40,2026-06-30 18:45:08,2026-07-01 02:30:27,False,True Positive,True,Investigation completed; evidence recorded and escalated per playbook.,HIGH,167,111
CSE-B,ALT-03663,ASSET-040,LOW,Suspicious Login,2026-02-16 15:48:59,2026-02-16 17:14:36,,,2026-02-17 01:31:07,False,False Positive,False,Closed quickly — no notes.,MEDIUM,199,129
CSE-D,ALT-03664,ASSET-096,LOW,Malware,2026-06-12 16:22:34,2026-06-12 16:27:17,2026-06-12 16:49:17,2026-06-12 19:17:12,2026-06-13 06:50:31,False,True Positive,True,Alert correlated with threat intel; full timeline documented.,CRITICAL,193,207
CSE-D,ALT-03665,ASSET-082,CRITICAL,Brute Force,2026-03-07 10:33:46,2026-03-07 10:41:26,2026-03-07 11:02:26,2026-03-07 14:50:09,2026-03-07 23:01:03,True,True Positive,True,Alert correlated with threat intel; full timeline documented.,MEDIUM,184,174
CSE-D,ALT-03666,ASSET-013,LOW,Privilege Escalation,2026-06-23 14:39:44,2026-06-23 14:57:47,2026-06-23 14:58:47,2026-06-23 16:46:28,2026-06-23 17:32:07,False,Benign True Positive,True,"Reviewed source IP, asset logs and correlated with previous alerts.",MEDIUM,174,166
CSE-E,ALT-03667,ASSET-029,LOW,Brute Force,2026-02-09 11:38:03,2026-02-09 11:57:38,,,2026-02-09 16:18:58,False,Benign True Positive,False,Closed quickly — no notes.,CRITICAL,83,52
CSE-B,ALT-03668,ASSET-095,MEDIUM,Data Exfiltration,2026-05-14 16:06:44,2026-05-14 16:55:19,2026-05-14 17:07:19,2026-05-14 18:59:31,2026-05-14 21:42:12,False,Benign True Positive,True,"Reviewed source IP, asset logs and correlated with previous alerts.",HIGH,180,99
CSE-D,ALT-03669,ASSET-030,MEDIUM,Privilege Escalation,2026-03-08 17:53:49,2026-03-08 18:07:32,2026-03-08 18:22:32,2026-03-08 22:38:43,2026-03-09 02:34:40,False,False Positive,True,Analyst investigation performed; packet capture and EDR evidence attached.,MEDIUM,116,119
CSE-D,ALT-03670,ASSET-002,HIGH,Phishing,2026-03-11 16:30:12,2026-03-11 16:36:40,2026-03-11 16:37:40,2026-03-11 20:40:05,2026-03-12 01:13:34,False,Benign True Positive,True,Alert correlated with threat intel; full timeline documented.,CRITICAL,146,146
CSE-D,ALT-03671,ASSET-049,LOW,Unauthorized Access,2026-04-09 15:14:12,2026-04-09 15:27:48,2026-04-09 15:42:48,2026-04-09 16:41:57,2026-04-09 17:22:23,False,Benign True Positive,True,Investigation completed; evidence recorded and escalated per playbook.,HIGH,99,110
CSE-C,ALT-03672,ASSET-081,HIGH,Suspicious Login,2026-06-25 16:44:07,2026-06-25 17:19:10,2026-06-25 17:40:10,2026-06-25 18:07:43,2026-06-26 00:41:14,False,Escalated to Tier-2,True,Analyst investigation performed; packet capture and EDR evidence attached.,MEDIUM,148,20
CSE-C,ALT-03673,ASSET-074,MEDIUM,Suspicious Login,2026-04-08 15:51:47,2026-04-08 15:55:43,,,2026-04-08 20:08:03,False,Under Investigation,False,N/A,HIGH,189,89
CSE-B,ALT-03674,ASSET-026,LOW,Network Anomaly,2026-05-10 15:59:31,2026-05-10 17:01:23,2026-05-10 17:18:23,2026-05-10 17:40:55,2026-05-10 20:55:23,False,True Positive,True,Analyst investigation performed; packet capture and EDR evidence attached.,MEDIUM,180,134
CSE-B,ALT-03675,ASSET-071,LOW,Unauthorized Access,2026-03-03 14:55:05,2026-03-03 16:10:59,2026-03-03 16:18:59,2026-03-03 17:45:20,2026-03-04 00:06:22,False,False Positive,True,Analyst investigation performed; packet capture and EDR evidence attached.,HIGH,98,82
CSE-C,ALT-03676,ASSET-087,MEDIUM,Phishing,2026-04-29 13:02:32,2026-04-29 13:05:42,2026-04-29 13:30:42,2026-04-29 13:47:45,2026-04-29 15:54:08,False,Benign True Positive,True,Analyst investigation performed; packet capture and EDR evidence attached.,HIGH,185,51
CSE-A,ALT-03677,ASSET-022,MEDIUM,Phishing,2026-04-18 10:29:09,2026-04-18 10:49:51,2026-04-18 11:03:51,2026-04-18 13:01:40,2026-04-18 14:05:24,True,Benign True Positive,True,"Reviewed source IP, asset logs and correlated with previous alerts.",HIGH,156,156
CSE-A,ALT-03678,ASSET-057,HIGH,Phishing,2026-05-05 09:43:36,2026-05-05 09:59:07,2026-05-05 10:17:07,2026-05-05 14:08:31,2026-05-05 16:37:11,False,False Positive,True,Alert correlated with threat intel; full timeline documented.,MEDIUM,138,149
CSE-E,ALT-03679,ASSET-081,LOW,Suspicious Login,2026-05-04 10:27:19,2026-05-04 11:01:53,2026-05-04 11:16:53,2026-05-04 14:14:13,2026-05-04 17:18:49,False,Benign True Positive,True,Analyst reviewed logs and confirmed activity with evidence archived.,CRITICAL,166,120
CSE-A,ALT-03680,ASSET-038,HIGH,Network Anomaly,2026-01-29 10:24:40,2026-01-29 10:44:23,2026-01-29 11:02:23,2026-01-29 12:52:19,2026-01-29 12:22:38,True,Under Investigation,True,Alert correlated with threat intel; full timeline documented.,MEDIUM,158,123
CSE-A,ALT-03681,ASSET-064,HIGH,Data Exfiltration,2026-04-25 15:18:28,2026-04-25 15:40:53,2026-04-25 16:04:53,2026-04-25 18:26:29,2026-04-25 16:44:27,True,Escalated to Tier-2,True,Investigation completed; evidence recorded and escalated per playbook.,HIGH,144,146
CSE-E,ALT-03682,ASSET-060,LOW,Network Anomaly,2026-04-23 14:10:57,2026-04-23 16:02:25,2026-04-23 16:08:25,2026-04-23 18:12:07,2026-04-23 17:53:02,False,Benign True Positive,True,Analyst reviewed logs and confirmed activity with evidence archived.,HIGH,150,100
CSE-D,ALT-03683,ASSET-015,HIGH,Network Anomaly,2026-01-31 23:31:04,2026-01-31 23:52:16,2026-02-01 00:07:16,2026-02-01 00:37:51,2026-02-01 02:45:42,False,False Positive,True,Alert correlated with threat intel; full timeline documented.,HIGH,106,111
CSE-D,ALT-03684,ASSET-018,CRITICAL,Privilege Escalation,2026-02-11 10:45:27,2026-02-11 11:06:23,2026-02-11 11:14:23,2026-02-11 16:07:39,2026-02-11 14:53:03,False,Benign True Positive,True,Investigation completed; evidence recorded and escalated per playbook.,CRITICAL,136,119
CSE-E,ALT-03685,ASSET-024,LOW,Network Anomaly,2026-06-11 11:16:42,2026-06-11 11:25:47,2026-06-11 11:42:47,2026-06-11 12:25:44,2026-06-11 14:41:59,False,Benign True Positive,True,Analyst investigation performed; packet capture and EDR evidence attached.,HIGH,167,115
CSE-C,ALT-03686,ASSET-087,CRITICAL,Unauthorized Access,2026-01-07 10:27:25,2026-01-07 10:50:46,,,2026-01-07 10:28:47,False,Under Investigation,False,Closed quickly — no notes.,MEDIUM,96,32
CSE-A,ALT-03687,ASSET-028,MEDIUM,Network Anomaly,2026-05-03 12:10:40,2026-05-03 12:15:52,,,2026-05-03 13:42:26,False,Benign True Positive,False,,HIGH,197,150
CSE-B,ALT-03688,ASSET-009,MEDIUM,Data Exfiltration,2026-05-07 13:09:27,2026-05-07 14:29:11,,,2026-05-07 23:30:53,False,True Positive,False,,HIGH,168,100
CSE-E,ALT-03689,ASSET-027,LOW,Unauthorized Access,2026-03-26 09:42:01,2026-03-26 10:21:53,2026-03-26 10:25:53,2026-03-26 11:54:05,2026-03-26 18:50:49,False,True Positive,True,Investigation completed; evidence recorded and escalated per playbook.,HIGH,185,150
CSE-A,ALT-03690,ASSET-042,LOW,Malware,2026-01-14 14:59:20,2026-01-14 15:22:43,2026-01-14 15:26:43,2026-01-14 20:20:11,2026-01-15 01:59:43,False,True Positive,True,Analyst investigation performed; packet capture and EDR evidence attached.,MEDIUM,155,148
CSE-B,ALT-03691,ASSET-019,HIGH,Privilege Escalation,2026-03-30 12:26:41,2026-03-30 12:56:57,2026-03-30 13:18:57,2026-03-30 14:17:08,2026-03-30 16:24:40,False,Under Investigation,True,Analyst reviewed logs and confirmed activity with evidence archived.,HIGH,121,73
CSE-B,ALT-03692,ASSET-030,HIGH,Brute Force,2026-03-03 17:23:57,2026-03-03 18:23:43,2026-03-03 18:32:43,2026-03-03 21:24:26,2026-03-03 23:23:02,False,Benign True Positive,True,Alert correlated with threat intel; full timeline documented.,CRITICAL,96,52
CSE-D,ALT-03693,ASSET-066,LOW,Malware,2026-05-23 15:29:30,2026-05-23 15:47:49,2026-05-23 15:54:49,2026-05-23 18:38:29,2026-05-24 05:14:04,False,Under Investigation,True,"Reviewed source IP, asset logs and correlated with previous alerts.",CRITICAL,138,105
CSE-A,ALT-03694,ASSET-093,MEDIUM,Malware,2026-02-20 15:48:55,2026-02-20 15:53:08,2026-02-20 16:09:08,2026-02-20 19:11:09,2026-02-20 17:00:28,True,True Positive,True,Alert correlated with threat intel; full timeline documented.,MEDIUM,92,93
CSE-D,ALT-03695,ASSET-035,HIGH,Network Anomaly,2026-05-23 09:49:55,2026-05-23 10:03:38,2026-05-23 10:24:38,2026-05-23 12:40:04,2026-05-23 17:03:34,False,True Positive,True,"Reviewed source IP, asset logs and correlated with previous alerts.",MEDIUM,96,94
CSE-B,ALT-03696,ASSET-096,MEDIUM,Data Exfiltration,2026-02-17 13:42:56,2026-02-17 15:06:34,2026-02-17 15:21:34,2026-02-17 16:01:14,2026-02-17 23:31:35,True,Benign True Positive,True,Analyst investigation performed; packet capture and EDR evidence attached.,CRITICAL,195,129
CSE-A,ALT-03697,ASSET-036,LOW,Data Exfiltration,2026-06-04 13:30:00,2026-06-04 13:50:49,2026-06-04 14:04:49,2026-06-04 17:20:15,2026-06-05 00:06:25,False,Benign True Positive,True,Alert correlated with threat intel; full timeline documented.,MEDIUM,125,125
CSE-E,ALT-03698,ASSET-027,MEDIUM,Network Anomaly,2026-01-17 09:38:14,2026-01-17 10:04:11,2026-01-17 10:22:11,2026-01-17 11:41:30,2026-01-17 13:19:17,False,False Positive,True,"Reviewed source IP, asset logs and correlated with previous alerts.",CRITICAL,93,68
CSE-A,ALT-03699,ASSET-083,LOW,Malware,2026-03-16 11:49:39,2026-03-16 12:02:03,2026-03-16 12:03:03,2026-03-16 13:24:41,2026-03-16 12:48:40,False,False Positive,True,"Reviewed source IP, asset logs and correlated with previous alerts.",CRITICAL,101,78
CSE-C,ALT-03700,ASSET-046,CRITICAL,Malware,2026-06-27 15:05:25,2026-06-27 15:44:38,,,2026-06-27 15:06:42,False,Under Investigation,False,Closed quickly — no notes.,CRITICAL,152,38
CSE-A,ALT-03701,ASSET-030,LOW,Network Anomaly,2026-04-08 21:39:11,2026-04-08 21:51:19,2026-04-08 21:59:19,2026-04-09 02:00:16,2026-04-09 06:54:08,False,False Positive,True,Alert correlated with threat intel; full timeline documented.,MEDIUM,92,72
CSE-B,ALT-03702,ASSET-021,LOW,Privilege Escalation,2026-04-11 14:17:04,2026-04-11 15:01:19,2026-04-11 15:11:19,2026-04-11 15:23:25,2026-04-12 00:31:54,False,False Positive,True,"Reviewed source IP, asset logs and correlated with previous alerts.",MEDIUM,164,104
CSE-D,ALT-03703,ASSET-070,HIGH,Phishing,2026-02-17 13:48:00,2026-02-17 14:07:44,2026-02-17 14:32:44,2026-02-17 19:07:07,2026-02-18 02:36:58,False,True Positive,True,Alert correlated with threat intel; full timeline documented.,MEDIUM,99,74
CSE-A,ALT-03704,ASSET-018,LOW,Brute Force,2026-04-14 15:08:45,2026-04-14 15:13:40,2026-04-14 15:25:40,2026-04-14 19:07:56,2026-04-15 00:07:32,True,Under Investigation,True,Analyst investigation performed; packet capture and EDR evidence attached.,MEDIUM,146,131
CSE-E,ALT-03705,ASSET-070,HIGH,Malware,2026-06-20 17:49:17,2026-06-20 18:16:07,2026-06-20 18:28:07,2026-06-20 21:11:23,2026-06-20 20:59:53,False,False Positive,True,Analyst reviewed logs and confirmed activity with evidence archived.,MEDIUM,178,117
CSE-C,ALT-03706,ASSET-086,MEDIUM,Data Exfiltration,2026-06-25 15:33:55,2026-06-25 15:44:04,2026-06-25 15:54:04,2026-06-25 16:09:53,2026-06-25 19:43:25,False,True Positive,True,"Reviewed source IP, asset logs and correlated with previous alerts.",HIGH,147,21
CSE-C,ALT-03707,ASSET-075,MEDIUM,Brute Force,2026-05-03 13:47:44,2026-05-03 14:24:02,,,2026-05-03 20:33:13,False,Escalated to Tier-2,False,N/A,HIGH,125,35
CSE-B,ALT-03708,ASSET-021,HIGH,Unauthorized Access,2026-01-15 17:32:18,2026-01-15 18:14:49,2026-01-15 18:15:49,2026-01-15 20:09:35,2026-01-15 23:58:49,False,True Positive,True,Alert correlated with threat intel; full timeline documented.,HIGH,109,89
CSE-A,ALT-03709,ASSET-066,CRITICAL,Network Anomaly,2026-01-17 16:19:18,2026-01-17 16:37:21,2026-01-17 16:42:21,2026-01-17 18:36:30,2026-01-18 02:02:46,False,Under Investigation,True,Investigation completed; evidence recorded and escalated per playbook.,CRITICAL,149,135
CSE-C,ALT-03710,ASSET-099,HIGH,Phishing,2026-04-10 14:36:16,2026-04-10 14:42:00,2026-04-10 14:51:00,2026-04-10 15:15:11,2026-04-10 20:08:26,False,True Positive,True,"Reviewed source IP, asset logs and correlated with previous alerts.",HIGH,121,51
CSE-A,ALT-03711,ASSET-062,MEDIUM,Suspicious Login,2026-06-09 11:27:44,2026-06-09 11:32:19,2026-06-09 11:47:19,2026-06-09 16:27:13,2026-06-09 15:54:10,False,False Positive,True,"Reviewed source IP, asset logs and correlated with previous alerts.",HIGH,172,156
CSE-E,ALT-03712,ASSET-067,HIGH,Unauthorized Access,2026-02-27 17:03:52,2026-02-27 18:31:34,2026-02-27 18:42:34,2026-02-27 21:18:20,2026-02-27 20:49:31,False,True Positive,True,Alert correlated with threat intel; full timeline documented.,HIGH,193,139
CSE-E,ALT-03713,ASSET-022,LOW,Network Anomaly,2026-01-05 06:47:13,2026-01-05 07:53:53,2026-01-05 08:08:53,2026-01-05 09:20:21,2026-01-05 15:20:42,False,Under Investigation,True,"Reviewed source IP, asset logs and correlated with previous alerts.",MEDIUM,98,49
CSE-C,ALT-03714,ASSET-081,LOW,Data Exfiltration,2026-04-13 17:14:44,2026-04-13 17:40:52,2026-04-13 18:01:52,2026-04-13 18:30:03,2026-04-13 19:20:44,False,Under Investigation,True,Analyst investigation performed; packet capture and EDR evidence attached.,MEDIUM,131,55
CSE-B,ALT-03715,ASSET-085,LOW,Phishing,2026-01-23 11:26:17,2026-01-23 12:14:55,,,2026-01-23 14:57:10,False,True Positive,False,,MEDIUM,139,85
CSE-E,ALT-03716,ASSET-017,CRITICAL,Phishing,2026-03-29 11:00:16,2026-03-29 11:33:35,2026-03-29 11:38:35,2026-03-29 13:11:38,2026-03-29 18:30:18,False,Under Investigation,True,Analyst reviewed logs and confirmed activity with evidence archived.,CRITICAL,85,40
CSE-C,ALT-03717,ASSET-010,HIGH,Suspicious Login,2026-05-20 13:50:09,2026-05-20 14:24:24,2026-05-20 14:29:24,2026-05-20 14:45:27,2026-05-20 14:49:52,False,Under Investigation,True,Alert correlated with threat intel; full timeline documented.,CRITICAL,196,60
CSE-B,ALT-03718,ASSET-059,HIGH,Brute Force,2026-05-07 21:57:02,2026-05-07 22:32:51,,,2026-05-08 02:00:02,False,True Positive,False,Closed quickly — no notes.,MEDIUM,187,143
CSE-A,ALT-03719,ASSET-062,LOW,Brute Force,2026-04-28 15:13:10,2026-04-28 15:24:30,2026-04-28 15:37:30,2026-04-28 15:59:09,2026-04-28 17:45:40,False,Under Investigation,True,Analyst reviewed logs and confirmed activity with evidence archived.,CRITICAL,84,82
CSE-C,ALT-03720,ASSET-080,LOW,Suspicious Login,2026-04-24 21:56:57,2026-04-24 22:34:14,2026-04-24 22:37:14,2026-04-24 22:50:24,2026-04-24 23:42:02,False,Escalated to Tier-2,True,Analyst reviewed logs and confirmed activity with evidence archived.,MEDIUM,105,35
CSE-D,ALT-03721,ASSET-083,LOW,Privilege Escalation,2026-06-17 23:43:54,2026-06-17 23:48:17,2026-06-18 00:02:17,2026-06-18 05:01:51,2026-06-18 05:27:59,False,Benign True Positive,True,Alert correlated with threat intel; full timeline documented.,CRITICAL,177,160
CSE-D,ALT-03722,ASSET-089,CRITICAL,Unauthorized Access,2026-02-10 12:53:24,2026-02-10 13:16:06,2026-02-10 13:26:06,2026-02-10 15:08:41,2026-02-10 22:17:10,False,True Positive,True,Analyst reviewed logs and confirmed activity with evidence archived.,CRITICAL,109,96
CSE-B,ALT-03723,ASSET-040,LOW,Data Exfiltration,2026-03-04 03:08:44,2026-03-04 03:32:27,,,2026-03-04 04:55:54,False,True Positive,False,N/A,HIGH,122,114
CSE-E,ALT-03724,ASSET-066,LOW,Phishing,2026-05-29 10:31:01,2026-05-29 11:06:03,,,2026-05-29 19:37:40,False,False Positive,False,,HIGH,70,38
CSE-D,ALT-03725,ASSET-002,MEDIUM,Unauthorized Access,2026-03-07 09:06:38,2026-03-07 09:15:26,2026-03-07 09:40:26,2026-03-07 12:38:56,2026-03-07 17:31:19,False,True Positive,True,Alert correlated with threat intel; full timeline documented.,HIGH,174,139
CSE-A,ALT-03726,ASSET-032,HIGH,Suspicious Login,2026-05-23 14:55:31,2026-05-23 15:05:33,2026-05-23 15:22:33,2026-05-23 18:29:39,2026-05-23 21:04:49,False,Escalated to Tier-2,True,Alert correlated with threat intel; full timeline documented.,MEDIUM,147,155
CSE-C,ALT-03727,ASSET-080,HIGH,Suspicious Login,2026-03-04 11:59:21,2026-03-04 12:09:46,2026-03-04 12:16:46,2026-03-04 12:26:20,2026-03-04 19:44:10,False,Under Investigation,True,Analyst reviewed logs and confirmed activity with evidence archived.,HIGH,162,17
CSE-E,ALT-03728,ASSET-066,MEDIUM,Malware,2026-01-03 10:50:00,2026-01-03 11:35:38,2026-01-03 12:00:38,2026-01-03 13:35:39,2026-01-03 18:52:45,False,Benign True Positive,True,Alert correlated with threat intel; full timeline documented.,HIGH,189,98
CSE-D,ALT-03729,ASSET-068,MEDIUM,Network Anomaly,2026-03-03 07:41:35,2026-03-03 07:48:26,2026-03-03 08:08:26,2026-03-03 09:56:29,2026-03-03 19:24:32,True,Benign True Positive,True,Analyst reviewed logs and confirmed activity with evidence archived.,HIGH,94,96
CSE-C,ALT-03730,ASSET-082,LOW,Phishing,2026-04-29 17:53:53,2026-04-29 18:36:07,,,2026-04-29 22:16:45,True,Escalated to Tier-2,False,Closed quickly — no notes.,CRITICAL,168,47
CSE-B,ALT-03731,ASSET-060,MEDIUM,Suspicious Login,2026-02-07 12:34:35,2026-02-07 14:00:20,2026-02-07 14:08:20,2026-02-07 15:48:33,2026-02-07 19:54:40,False,Escalated to Tier-2,True,Alert correlated with threat intel; full timeline documented.,MEDIUM,155,128
CSE-C,ALT-03732,ASSET-094,CRITICAL,Brute Force,2026-05-20 21:29:53,2026-05-20 22:05:21,2026-05-20 22:19:21,2026-05-20 22:40:46,2026-05-21 05:29:11,False,Benign True Positive,True,Investigation completed; evidence recorded and escalated per playbook.,CRITICAL,190,58
CSE-B,ALT-03733,ASSET-049,LOW,Phishing,2026-05-09 17:28:08,2026-05-09 17:34:06,2026-05-09 17:57:06,2026-05-09 19:50:19,2026-05-09 23:46:33,False,False Positive,True,"Reviewed source IP, asset logs and correlated with previous alerts.",HIGH,149,115
CSE-B,ALT-03734,ASSET-001,HIGH,Malware,2026-04-21 17:26:58,2026-04-21 18:16:58,2026-04-21 18:33:58,2026-04-21 18:58:49,2026-04-21 19:44:14,False,False Positive,True,Investigation completed; evidence recorded and escalated per playbook.,CRITICAL,122,65
CSE-A,ALT-03735,ASSET-009,LOW,Data Exfiltration,2026-04-05 14:09:44,2026-04-05 14:29:04,2026-04-05 14:47:04,2026-04-05 17:32:54,2026-04-05 20:52:25,False,True Positive,True,"Reviewed source IP, asset logs and correlated with previous alerts.",MEDIUM,136,146
CSE-B,ALT-03736,ASSET-086,LOW,Network Anomaly,2026-04-10 17:54:47,2026-04-10 18:24:58,2026-04-10 18:40:58,2026-04-10 21:39:34,2026-04-10 20:55:42,False,False Positive,True,Analyst investigation performed; packet capture and EDR evidence attached.,MEDIUM,163,104
CSE-D,ALT-03737,ASSET-041,LOW,Data Exfiltration,2026-06-25 13:26:48,2026-06-25 13:50:59,2026-06-25 14:09:59,2026-06-25 14:35:15,2026-06-25 16:01:38,False,Escalated to Tier-2,True,Analyst reviewed logs and confirmed activity with evidence archived.,MEDIUM,151,141
CSE-E,ALT-03738,ASSET-020,LOW,Data Exfiltration,2026-02-17 14:14:56,2026-02-17 16:00:19,2026-02-17 16:10:19,2026-02-17 17:14:38,2026-02-17 21:47:56,False,True Positive,True,"Reviewed source IP, asset logs and correlated with previous alerts.",HIGH,155,76
CSE-E,ALT-03739,ASSET-024,HIGH,Malware,2026-04-22 15:30:35,2026-04-22 17:16:57,2026-04-22 17:38:57,2026-04-22 17:53:59,2026-04-22 21:31:18,False,True Positive,True,Alert correlated with threat intel; full timeline documented.,MEDIUM,160,128
CSE-A,ALT-03740,ASSET-067,MEDIUM,Phishing,2026-03-15 02:53:50,2026-03-15 03:04:22,2026-03-15 03:13:22,2026-03-15 05:16:12,2026-03-15 06:57:18,False,True Positive,True,Analyst reviewed logs and confirmed activity with evidence archived.,HIGH,192,205
CSE-D,ALT-03741,ASSET-076,HIGH,Data Exfiltration,2026-06-05 11:52:40,2026-06-05 12:06:40,2026-06-05 12:18:40,2026-06-05 12:55:48,2026-06-05 15:48:28,False,Under Investigation,True,Alert correlated with threat intel; full timeline documented.,HIGH,114,114
CSE-C,ALT-03742,ASSET-080,CRITICAL,Privilege Escalation,2026-06-02 13:54:38,2026-06-02 14:48:45,,,2026-06-02 19:09:48,False,Under Investigation,False,,HIGH,166,77
CSE-B,ALT-03743,ASSET-069,HIGH,Malware,2026-01-25 12:07:30,2026-01-25 13:13:42,2026-01-25 13:36:42,2026-01-25 16:00:32,2026-01-25 15:49:16,False,False Positive,True,Analyst reviewed logs and confirmed activity with evidence archived.,HIGH,74,55
CSE-A,ALT-03744,ASSET-015,MEDIUM,Phishing,2026-03-16 09:23:03,2026-03-16 09:52:13,2026-03-16 10:03:13,2026-03-16 14:42:42,2026-03-16 13:13:33,False,True Positive,True,Analyst investigation performed; packet capture and EDR evidence attached.,MEDIUM,82,61
CSE-B,ALT-03745,ASSET-088,MEDIUM,Data Exfiltration,2026-06-11 09:43:54,2026-06-11 10:35:34,2026-06-11 10:57:34,2026-06-11 13:56:50,2026-06-11 12:44:00,False,Under Investigation,True,Analyst reviewed logs and confirmed activity with evidence archived.,HIGH,162,133
CSE-A,ALT-03746,ASSET-014,MEDIUM,Data Exfiltration,2026-02-20 15:29:22,2026-02-20 15:48:20,2026-02-20 15:49:20,2026-02-20 17:11:05,2026-02-20 21:28:45,False,False Positive,True,Analyst reviewed logs and confirmed activity with evidence archived.,HIGH,178,172
CSE-B,ALT-03747,ASSET-057,LOW,Malware,2026-04-11 02:17:22,2026-04-11 02:44:05,2026-04-11 02:45:05,2026-04-11 03:10:43,2026-04-11 10:42:35,False,False Positive,True,Analyst reviewed logs and confirmed activity with evidence archived.,HIGH,75,65
CSE-D,ALT-03748,ASSET-088,MEDIUM,Malware,2026-01-03 13:39:11,2026-01-03 13:45:31,2026-01-03 13:47:31,2026-01-03 14:41:30,2026-01-04 04:39:02,False,True Positive,True,Alert correlated with threat intel; full timeline documented.,CRITICAL,149,141
CSE-E,ALT-03749,ASSET-097,LOW,Data Exfiltration,2026-05-25 07:32:26,2026-05-25 09:29:27,,,2026-05-25 14:41:58,True,Escalated to Tier-2,False,N/A,HIGH,177,110
CSE-D,ALT-03750,ASSET-077,MEDIUM,Privilege Escalation,2026-02-02 13:12:04,2026-02-02 13:37:10,2026-02-02 13:48:10,2026-02-02 18:21:05,2026-02-02 17:00:08,False,False Positive,True,"Reviewed source IP, asset logs and correlated with previous alerts.",HIGH,181,142
CSE-B,ALT-03751,ASSET-042,MEDIUM,Phishing,2026-03-10 15:45:38,2026-03-10 16:42:43,2026-03-10 16:43:43,2026-03-10 17:50:59,2026-03-11 02:27:25,False,False Positive,True,Analyst reviewed logs and confirmed activity with evidence archived.,CRITICAL,151,123
CSE-D,ALT-03752,ASSET-018,MEDIUM,Data Exfiltration,2026-05-25 10:58:54,2026-05-25 11:19:00,2026-05-25 11:32:00,2026-05-25 14:47:17,2026-05-25 22:24:17,False,True Positive,True,Investigation completed; evidence recorded and escalated per playbook.,CRITICAL,165,142
CSE-D,ALT-03753,ASSET-024,MEDIUM,Unauthorized Access,2026-01-16 15:02:03,2026-01-16 15:23:15,2026-01-16 15:45:15,2026-01-16 17:53:05,2026-01-16 18:54:18,False,Under Investigation,True,Analyst reviewed logs and confirmed activity with evidence archived.,MEDIUM,81,74
CSE-C,ALT-03754,ASSET-049,HIGH,Suspicious Login,2026-05-23 13:16:36,2026-05-23 13:47:08,2026-05-23 14:02:08,2026-05-23 14:15:03,2026-05-23 21:18:02,False,True Positive,True,"Reviewed source IP, asset logs and correlated with previous alerts.",CRITICAL,94,15
CSE-A,ALT-03755,ASSET-080,HIGH,Unauthorized Access,2026-02-14 14:27:50,2026-02-14 14:53:52,2026-02-14 15:05:52,2026-02-14 18:03:56,2026-02-14 16:27:48,False,Benign True Positive,True,"Reviewed source IP, asset logs and correlated with previous alerts.",HIGH,102,95
CSE-D,ALT-03756,ASSET-015,HIGH,Network Anomaly,2026-05-06 09:20:13,2026-05-06 09:31:34,2026-05-06 09:34:34,2026-05-06 12:51:56,2026-05-06 12:51:05,False,True Positive,True,Investigation completed; evidence recorded and escalated per playbook.,HIGH,198,160
CSE-D,ALT-03757,ASSET-019,MEDIUM,Phishing,2026-01-30 09:15:16,2026-01-30 09:27:32,2026-01-30 09:29:32,2026-01-30 13:26:52,2026-01-30 22:44:27,False,Benign True Positive,True,Investigation completed; evidence recorded and escalated per playbook.,HIGH,118,98
CSE-E,ALT-03758,ASSET-071,MEDIUM,Unauthorized Access,2026-04-14 10:50:55,2026-04-14 12:03:50,,,2026-04-14 12:42:18,False,Under Investigation,False,,HIGH,73,29
CSE-E,ALT-03759,ASSET-100,CRITICAL,Malware,2026-02-18 15:18:27,2026-02-18 17:18:56,2026-02-18 17:29:56,2026-02-18 18:22:03,2026-02-18 20:25:36,False,False Positive,True,Alert correlated with threat intel; full timeline documented.,HIGH,185,115
CSE-C,ALT-03760,ASSET-040,HIGH,Brute Force,2026-03-23 21:16:15,2026-03-23 21:56:49,,,2026-03-24 01:22:32,False,True Positive,False,Closed quickly — no notes.,CRITICAL,181,60
CSE-C,ALT-03761,ASSET-034,CRITICAL,Brute Force,2026-02-11 12:16:49,2026-02-11 12:48:36,,,2026-02-11 12:19:48,False,Under Investigation,False,,CRITICAL,117,49
CSE-B,ALT-03762,ASSET-084,MEDIUM,Data Exfiltration,2026-01-04 02:24:44,2026-01-04 03:35:03,2026-01-04 03:36:03,2026-01-04 06:16:04,2026-01-04 09:43:10,False,False Positive,True,"Reviewed source IP, asset logs and correlated with previous alerts.",CRITICAL,129,119
CSE-E,ALT-03763,ASSET-087,HIGH,Unauthorized Access,2026-01-10 12:08:44,2026-01-10 13:13:53,,,2026-01-10 21:20:05,True,False Positive,False,,MEDIUM,175,114
CSE-B,ALT-03764,ASSET-068,LOW,Unauthorized Access,2026-04-02 15:54:14,2026-04-02 16:03:04,2026-04-02 16:16:04,2026-04-02 16:40:36,2026-04-02 19:46:06,False,Benign True Positive,True,Analyst reviewed logs and confirmed activity with evidence archived.,HIGH,140,83
CSE-C,ALT-03765,ASSET-065,CRITICAL,Privilege Escalation,2026-03-17 12:12:23,2026-03-17 12:17:44,,,2026-03-17 12:15:22,False,Under Investigation,False,N/A,CRITICAL,98,49
CSE-A,ALT-03766,ASSET-072,MEDIUM,Malware,2026-01-21 17:58:11,2026-01-21 18:26:42,2026-01-21 18:30:42,2026-01-21 22:39:19,2026-01-22 02:06:13,False,Escalated to Tier-2,True,Investigation completed; evidence recorded and escalated per playbook.,HIGH,130,114
CSE-A,ALT-03767,ASSET-077,LOW,Network Anomaly,2026-03-14 08:48:19,2026-03-14 08:53:41,2026-03-14 09:05:41,2026-03-14 13:10:59,2026-03-14 17:51:38,False,Escalated to Tier-2,True,"Reviewed source IP, asset logs and correlated with previous alerts.",HIGH,117,122
CSE-B,ALT-03768,ASSET-050,HIGH,Brute Force,2026-05-10 03:14:11,2026-05-10 04:37:54,2026-05-10 04:54:54,2026-05-10 06:09:36,2026-05-10 10:32:22,False,False Positive,True,Investigation completed; evidence recorded and escalated per playbook.,CRITICAL,184,108
CSE-E,ALT-03769,ASSET-074,CRITICAL,Brute Force,2026-01-11 15:20:09,2026-01-11 16:28:28,2026-01-11 16:52:28,2026-01-11 18:04:50,2026-01-11 21:40:18,True,Benign True Positive,True,Alert correlated with threat intel; full timeline documented.,CRITICAL,115,67
CSE-B,ALT-03770,ASSET-011,LOW,Phishing,2026-04-26 11:14:25,2026-04-26 11:47:37,2026-04-26 12:08:37,2026-04-26 12:22:15,2026-04-26 14:21:41,False,Benign True Positive,True,Investigation completed; evidence recorded and escalated per playbook.,MEDIUM,117,100
CSE-D,ALT-03771,ASSET-016,LOW,Unauthorized Access,2026-01-26 13:20:49,2026-01-26 13:27:11,2026-01-26 13:30:11,2026-01-26 18:22:59,2026-01-27 02:16:29,False,True Positive,True,Alert correlated with threat intel; full timeline documented.,HIGH,144,118
CSE-B,ALT-03772,ASSET-019,HIGH,Network Anomaly,2026-03-31 12:24:18,2026-03-31 12:32:57,2026-03-31 12:36:57,2026-03-31 14:59:02,2026-03-31 22:10:20,False,Escalated to Tier-2,True,Investigation completed; evidence recorded and escalated per playbook.,HIGH,182,168
CSE-E,ALT-03773,ASSET-066,LOW,Brute Force,2026-05-24 10:58:30,2026-05-24 12:36:05,,,2026-05-24 15:19:42,False,False Positive,False,Closed quickly — no notes.,CRITICAL,169,109
CSE-E,ALT-03774,ASSET-051,CRITICAL,Brute Force,2026-05-05 15:00:43,2026-05-05 16:15:35,,,2026-05-05 15:03:53,False,Under Investigation,False,N/A,CRITICAL,90,40
CSE-A,ALT-03775,ASSET-018,MEDIUM,Phishing,2026-01-06 17:28:34,2026-01-06 17:51:16,,,2026-01-06 22:31:46,False,True Positive,False,Closed quickly — no notes.,CRITICAL,167,147
CSE-B,ALT-03776,ASSET-062,CRITICAL,Data Exfiltration,2026-05-25 01:55:40,2026-05-25 02:11:06,2026-05-25 02:15:06,2026-05-25 04:08:14,2026-05-25 03:48:04,True,Escalated to Tier-2,True,Analyst investigation performed; packet capture and EDR evidence attached.,CRITICAL,196,140
CSE-A,ALT-03777,ASSET-037,MEDIUM,Unauthorized Access,2026-01-14 14:46:55,2026-01-14 15:06:38,2026-01-14 15:31:38,2026-01-14 20:15:12,2026-01-15 02:38:29,False,Benign True Positive,True,Investigation completed; evidence recorded and escalated per playbook.,HIGH,195,168
CSE-E,ALT-03778,ASSET-057,MEDIUM,Phishing,2026-04-01 16:13:35,2026-04-01 17:53:53,2026-04-01 17:59:53,2026-04-01 19:51:14,2026-04-02 02:44:50,False,Escalated to Tier-2,True,"Reviewed source IP, asset logs and correlated with previous alerts.",MEDIUM,130,107
CSE-C,ALT-03779,ASSET-044,CRITICAL,Phishing,2026-01-24 12:37:58,2026-01-24 12:50:03,2026-01-24 13:03:03,2026-01-24 13:22:09,2026-01-24 12:40:59,False,Under Investigation,True,Analyst investigation performed; packet capture and EDR evidence attached.,HIGH,152,74
CSE-A,ALT-03780,ASSET-067,HIGH,Unauthorized Access,2026-05-10 18:55:11,2026-05-10 19:11:09,2026-05-10 19:21:09,2026-05-10 21:07:01,2026-05-10 23:03:22,False,True Positive,True,Investigation completed; evidence recorded and escalated per playbook.,HIGH,81,86
CSE-B,ALT-03781,ASSET-094,HIGH,Data Exfiltration,2026-04-11 12:00:20,2026-04-11 13:14:15,2026-04-11 13:31:15,2026-04-11 14:23:21,2026-04-11 18:07:15,False,True Positive,True,Analyst reviewed logs and confirmed activity with evidence archived.,HIGH,136,79
CSE-C,ALT-03782,ASSET-005,MEDIUM,Phishing,2026-04-30 11:54:04,2026-04-30 12:44:50,2026-04-30 12:49:50,2026-04-30 13:07:13,2026-04-30 18:27:02,False,Under Investigation,True,Alert correlated with threat intel; full timeline documented.,CRITICAL,102,20
CSE-E,ALT-03783,ASSET-030,LOW,Unauthorized Access,2026-05-22 11:39:39,2026-05-22 13:13:21,,,2026-05-22 22:50:21,False,Under Investigation,False,Closed quickly — no notes.,HIGH,161,82
CSE-E,ALT-03784,ASSET-016,MEDIUM,Privilege Escalation,2026-06-02 12:39:42,2026-06-02 14:08:15,2026-06-02 14:10:15,2026-06-02 16:10:33,2026-06-02 15:45:40,False,Benign True Positive,True,Analyst investigation performed; packet capture and EDR evidence attached.,HIGH,152,92
CSE-E,ALT-03785,ASSET-072,MEDIUM,Malware,2026-06-21 14:31:58,2026-06-21 16:14:05,,,2026-06-21 21:36:16,False,True Positive,False,,CRITICAL,165,112
CSE-E,ALT-03786,ASSET-076,HIGH,Data Exfiltration,2026-03-28 16:38:59,2026-03-28 17:39:34,,,2026-03-28 21:21:06,False,Under Investigation,False,Closed quickly — no notes.,HIGH,139,62
CSE-D,ALT-03787,ASSET-088,MEDIUM,Suspicious Login,2026-05-01 16:43:09,2026-05-01 17:01:10,2026-05-01 17:06:10,2026-05-01 21:35:39,2026-05-01 23:05:10,False,Escalated to Tier-2,True,Analyst reviewed logs and confirmed activity with evidence archived.,CRITICAL,128,132
CSE-E,ALT-03788,ASSET-022,MEDIUM,Brute Force,2026-05-02 10:52:32,2026-05-02 12:04:53,2026-05-02 12:15:53,2026-05-02 12:59:10,2026-05-02 15:15:51,False,False Positive,True,Investigation completed; evidence recorded and escalated per playbook.,HIGH,93,48
CSE-A,ALT-03789,ASSET-047,MEDIUM,Privilege Escalation,2026-03-06 14:26:08,2026-03-06 14:30:54,,,2026-03-07 02:22:02,True,Under Investigation,False,,HIGH,119,120
CSE-B,ALT-03790,ASSET-080,HIGH,Brute Force,2026-05-02 22:52:34,2026-05-02 23:29:43,2026-05-02 23:43:43,2026-05-03 02:20:41,2026-05-03 01:43:12,False,Under Investigation,True,Analyst reviewed logs and confirmed activity with evidence archived.,HIGH,154,140
CSE-D,ALT-03791,ASSET-053,CRITICAL,Brute Force,2026-06-03 15:28:14,2026-06-03 15:50:03,2026-06-03 16:07:03,2026-06-03 19:50:50,2026-06-03 21:15:43,False,Escalated to Tier-2,True,Investigation completed; evidence recorded and escalated per playbook.,CRITICAL,128,133
CSE-A,ALT-03792,ASSET-008,HIGH,Privilege Escalation,2026-02-16 09:41:50,2026-02-16 10:02:00,2026-02-16 10:06:00,2026-02-16 11:56:20,2026-02-16 15:28:00,False,False Positive,True,Analyst investigation performed; packet capture and EDR evidence attached.,HIGH,164,132
CSE-D,ALT-03793,ASSET-097,HIGH,Phishing,2026-04-18 17:19:37,2026-04-18 17:36:22,2026-04-18 17:57:22,2026-04-18 22:14:12,2026-04-19 03:24:44,False,True Positive,True,Alert correlated with threat intel; full timeline documented.,HIGH,99,87
CSE-E,ALT-03794,ASSET-050,HIGH,Phishing,2026-05-17 13:00:36,2026-05-17 13:45:55,2026-05-17 13:47:55,2026-05-17 13:54:03,2026-05-17 14:26:37,False,False Positive,True,"Reviewed source IP, asset logs and correlated with previous alerts.",HIGH,87,65
CSE-C,ALT-03795,ASSET-031,MEDIUM,Privilege Escalation,2026-05-25 17:04:16,2026-05-25 17:14:08,2026-05-25 17:24:08,2026-05-25 17:47:15,2026-05-25 22:13:52,False,Escalated to Tier-2,True,"Reviewed source IP, asset logs and correlated with previous alerts.",HIGH,150,18
CSE-C,ALT-03796,ASSET-068,CRITICAL,Unauthorized Access,2026-05-12 15:04:14,2026-05-12 15:43:18,,,2026-05-12 15:06:29,False,False Positive,False,Closed quickly — no notes.,CRITICAL,109,45
CSE-C,ALT-03797,ASSET-068,CRITICAL,Privilege Escalation,2026-05-04 11:01:55,2026-05-04 11:25:45,2026-05-04 11:35:45,2026-05-04 11:51:25,2026-05-04 19:03:59,False,True Positive,True,Analyst reviewed logs and confirmed activity with evidence archived.,CRITICAL,124,22
CSE-A,ALT-03798,ASSET-063,MEDIUM,Data Exfiltration,2026-06-06 13:28:03,2026-06-06 13:31:48,2026-06-06 13:50:48,2026-06-06 16:18:24,2026-06-06 20:03:37,False,False Positive,True,"Reviewed source IP, asset logs and correlated with previous alerts.",HIGH,200,167
CSE-B,ALT-03799,ASSET-018,CRITICAL,Privilege Escalation,2026-01-19 14:07:35,2026-01-19 15:07:56,,,2026-01-20 01:08:03,True,True Positive,False,N/A,CRITICAL,194,120
CSE-E,ALT-03800,ASSET-071,CRITICAL,Privilege Escalation,2026-06-28 10:06:09,2026-06-28 10:44:49,2026-06-28 10:53:49,2026-06-28 11:01:33,2026-06-28 16:04:49,False,True Positive,True,Analyst reviewed logs and confirmed activity with evidence archived.,CRITICAL,99,70
CSE-D,ALT-03801,ASSET-027,LOW,Data Exfiltration,2026-04-18 14:04:44,2026-04-18 14:14:00,2026-04-18 14:17:00,2026-04-18 16:15:02,2026-04-18 21:11:29,True,False Positive,True,Analyst reviewed logs and confirmed activity with evidence archived.,CRITICAL,152,121
CSE-B,ALT-03802,ASSET-038,HIGH,Brute Force,2026-04-15 16:08:08,2026-04-15 17:30:04,2026-04-15 17:54:04,2026-04-15 20:19:08,2026-04-15 23:41:23,False,True Positive,True,Alert correlated with threat intel; full timeline documented.,MEDIUM,133,81
CSE-A,ALT-03803,ASSET-062,HIGH,Malware,2026-02-06 11:52:19,2026-02-06 12:23:10,,,2026-02-06 18:22:08,False,Escalated to Tier-2,False,Closed quickly — no notes.,MEDIUM,96,100
CSE-E,ALT-03804,ASSET-070,HIGH,Brute Force,2026-02-28 12:33:44,2026-02-28 13:23:29,,,2026-02-28 21:31:25,False,False Positive,False,N/A,MEDIUM,74,52
CSE-C,ALT-03805,ASSET-063,CRITICAL,Unauthorized Access,2026-05-01 12:49:39,2026-05-01 13:40:36,2026-05-01 14:00:36,2026-05-01 14:10:12,2026-05-01 21:32:14,False,False Positive,True,Investigation completed; evidence recorded and escalated per playbook.,CRITICAL,116,55
CSE-A,ALT-03806,ASSET-026,CRITICAL,Brute Force,2026-01-31 08:51:59,2026-01-31 09:07:32,2026-01-31 09:15:32,2026-01-31 14:04:26,2026-01-31 13:44:47,True,False Positive,True,Analyst investigation performed; packet capture and EDR evidence attached.,MEDIUM,116,108
CSE-C,ALT-03807,ASSET-090,MEDIUM,Suspicious Login,2026-03-13 17:19:47,2026-03-13 18:11:54,2026-03-13 18:20:54,2026-03-13 18:26:23,2026-03-13 20:07:45,False,Escalated to Tier-2,True,Alert correlated with threat intel; full timeline documented.,MEDIUM,103,48
CSE-A,ALT-03808,ASSET-003,LOW,Brute Force,2026-04-16 09:42:47,2026-04-16 09:52:48,2026-04-16 10:12:48,2026-04-16 14:27:36,2026-04-16 12:49:55,True,Escalated to Tier-2,True,Alert correlated with threat intel; full timeline documented.,HIGH,84,74
CSE-E,ALT-03809,ASSET-003,CRITICAL,Phishing,2026-06-15 10:11:38,2026-06-15 12:12:14,,,2026-06-15 10:14:30,True,False Positive,False,,CRITICAL,177,136
CSE-A,ALT-03810,ASSET-024,HIGH,Malware,2026-06-04 17:26:47,2026-06-04 17:55:45,2026-06-04 18:12:45,2026-06-04 19:11:49,2026-06-04 22:58:59,True,True Positive,True,"Reviewed source IP, asset logs and correlated with previous alerts.",HIGH,187,150
CSE-B,ALT-03811,ASSET-030,MEDIUM,Suspicious Login,2026-02-10 15:51:15,2026-02-10 16:32:12,2026-02-10 16:38:12,2026-02-10 18:32:22,2026-02-11 00:37:18,False,Under Investigation,True,Investigation completed; evidence recorded and escalated per playbook.,HIGH,177,116
CSE-D,ALT-03812,ASSET-089,MEDIUM,Network Anomaly,2026-02-20 17:06:44,2026-02-20 17:13:27,2026-02-20 17:14:27,2026-02-20 19:28:52,2026-02-21 03:11:15,False,True Positive,True,Investigation completed; evidence recorded and escalated per playbook.,CRITICAL,125,135
CSE-C,ALT-03813,ASSET-015,CRITICAL,Phishing,2026-06-10 13:01:42,2026-06-10 14:02:11,2026-06-10 14:05:11,2026-06-10 14:22:20,2026-06-10 20:24:31,False,True Positive,True,Alert correlated with threat intel; full timeline documented.,CRITICAL,139,34
CSE-D,ALT-03814,ASSET-075,HIGH,Brute Force,2026-03-08 09:04:01,2026-03-08 09:08:48,2026-03-08 09:28:48,2026-03-08 09:44:01,2026-03-08 13:15:04,False,True Positive,True,Analyst investigation performed; packet capture and EDR evidence attached.,CRITICAL,166,155
CSE-B,ALT-03815,ASSET-007,HIGH,Phishing,2026-04-05 12:25:01,2026-04-05 13:45:51,,,2026-04-05 15:01:15,False,False Positive,False,N/A,MEDIUM,143,121
CSE-A,ALT-03816,ASSET-026,LOW,Unauthorized Access,2026-03-19 15:17:04,2026-03-19 15:29:33,2026-03-19 15:51:33,2026-03-19 17:24:17,2026-03-19 17:05:33,False,False Positive,True,"Reviewed source IP, asset logs and correlated with previous alerts.",MEDIUM,115,114
CSE-B,ALT-03817,ASSET-063,LOW,Phishing,2026-03-17 09:42:30,2026-03-17 10:27:23,2026-03-17 10:33:23,2026-03-17 13:17:06,2026-03-17 13:23:18,False,True Positive,True,Analyst investigation performed; packet capture and EDR evidence attached.,MEDIUM,140,87
CSE-A,ALT-03818,ASSET-086,CRITICAL,Privilege Escalation,2026-04-21 17:15:30,2026-04-21 17:36:33,2026-04-21 18:00:33,2026-04-21 21:57:26,2026-04-22 04:44:57,True,True Positive,True,Investigation completed; evidence recorded and escalated per playbook.,CRITICAL,185,165
CSE-E,ALT-03819,ASSET-041,MEDIUM,Suspicious Login,2026-06-27 17:18:37,2026-06-27 19:07:06,,,2026-06-27 23:31:59,False,Under Investigation,False,N/A,HIGH,118,95
CSE-B,ALT-03820,ASSET-004,CRITICAL,Data Exfiltration,2026-01-22 15:52:02,2026-01-22 16:43:46,,,2026-01-22 18:24:06,False,False Positive,False,N/A,CRITICAL,148,99
CSE-A,ALT-03821,ASSET-083,HIGH,Privilege Escalation,2026-05-06 13:34:32,2026-05-06 14:02:34,2026-05-06 14:07:34,2026-05-06 14:25:25,2026-05-06 17:40:28,False,False Positive,True,"Reviewed source IP, asset logs and correlated with previous alerts.",MEDIUM,136,151
CSE-D,ALT-03822,ASSET-047,LOW,Network Anomaly,2026-05-15 13:00:51,2026-05-15 13:07:33,2026-05-15 13:12:33,2026-05-15 16:39:15,2026-05-16 00:20:18,True,False Positive,True,Analyst reviewed logs and confirmed activity with evidence archived.,HIGH,100,80
CSE-B,ALT-03823,ASSET-081,HIGH,Suspicious Login,2026-04-13 03:04:29,2026-04-13 03:54:47,2026-04-13 04:14:47,2026-04-13 06:35:20,2026-04-13 07:15:50,False,Benign True Positive,True,"Reviewed source IP, asset logs and correlated with previous alerts.",CRITICAL,139,83
CSE-E,ALT-03824,ASSET-091,HIGH,Malware,2026-04-18 17:49:17,2026-04-18 19:32:38,2026-04-18 19:55:38,2026-04-18 22:03:47,2026-04-19 04:41:00,False,True Positive,True,Alert correlated with threat intel; full timeline documented.,MEDIUM,123,91
CSE-C,ALT-03825,ASSET-006,HIGH,Network Anomaly,2026-06-28 13:35:25,2026-06-28 14:06:39,2026-06-28 14:25:39,2026-06-28 14:51:25,2026-06-28 19:44:48,False,Under Investigation,True,Analyst reviewed logs and confirmed activity with evidence archived.,CRITICAL,117,57
CSE-C,ALT-03826,ASSET-011,CRITICAL,Data Exfiltration,2026-01-30 13:55:40,2026-01-30 14:52:27,,,2026-01-30 13:57:14,False,False Positive,False,Closed quickly — no notes.,CRITICAL,102,32
CSE-C,ALT-03827,ASSET-039,MEDIUM,Suspicious Login,2026-01-23 10:59:23,2026-01-23 11:05:53,2026-01-23 11:13:53,2026-01-23 11:32:19,2026-01-23 16:08:34,False,Under Investigation,True,Analyst reviewed logs and confirmed activity with evidence archived.,MEDIUM,170,72
CSE-B,ALT-03828,ASSET-054,HIGH,Privilege Escalation,2026-02-26 14:37:37,2026-02-26 16:00:23,2026-02-26 16:20:23,2026-02-26 18:19:34,2026-02-26 22:03:15,False,True Positive,True,Analyst reviewed logs and confirmed activity with evidence archived.,MEDIUM,145,124
CSE-E,ALT-03829,ASSET-013,HIGH,Suspicious Login,2026-04-03 13:12:39,2026-04-03 15:02:05,2026-04-03 15:04:05,2026-04-03 17:03:56,2026-04-03 16:10:29,False,True Positive,True,Analyst reviewed logs and confirmed activity with evidence archived.,MEDIUM,91,71
CSE-A,ALT-03830,ASSET-043,HIGH,Suspicious Login,2026-02-24 05:26:15,2026-02-24 05:40:00,2026-02-24 05:47:00,2026-02-24 10:14:46,2026-02-24 11:51:13,False,Benign True Positive,True,Investigation completed; evidence recorded and escalated per playbook.,HIGH,181,146
CSE-C,ALT-03831,ASSET-069,LOW,Suspicious Login,2026-01-21 07:31:32,2026-01-21 07:42:48,2026-01-21 07:55:48,2026-01-21 08:02:58,2026-01-21 13:20:28,False,False Positive,True,"Reviewed source IP, asset logs and correlated with previous alerts.",MEDIUM,117,36
CSE-E,ALT-03832,ASSET-059,LOW,Unauthorized Access,2026-06-28 16:49:37,2026-06-28 17:19:14,,,2026-06-28 23:42:20,False,True Positive,False,,CRITICAL,85,73
CSE-A,ALT-03833,ASSET-092,MEDIUM,Privilege Escalation,2026-02-21 14:49:36,2026-02-21 15:14:18,2026-02-21 15:38:18,2026-02-21 16:26:07,2026-02-22 02:57:30,False,True Positive,True,Investigation completed; evidence recorded and escalated per playbook.,HIGH,151,125
CSE-B,ALT-03834,ASSET-034,HIGH,Phishing,2026-06-13 09:09:45,2026-06-13 09:25:05,,,2026-06-13 19:00:05,True,Under Investigation,False,,MEDIUM,174,109
CSE-C,ALT-03835,ASSET-067,HIGH,Network Anomaly,2026-05-31 12:09:17,2026-05-31 12:36:02,,,2026-05-31 18:48:19,False,True Positive,False,Closed quickly — no notes.,MEDIUM,145,30
CSE-E,ALT-03836,ASSET-022,MEDIUM,Unauthorized Access,2026-05-11 12:09:45,2026-05-11 13:08:09,2026-05-11 13:28:09,2026-05-11 14:23:02,2026-05-11 14:07:29,False,False Positive,True,Analyst reviewed logs and confirmed activity with evidence archived.,MEDIUM,139,82
CSE-B,ALT-03837,ASSET-009,LOW,Brute Force,2026-05-12 05:16:21,2026-05-12 06:07:26,,,2026-05-12 13:22:16,False,Escalated to Tier-2,False,Closed quickly — no notes.,HIGH,116,99
CSE-E,ALT-03838,ASSET-092,MEDIUM,Suspicious Login,2026-01-29 09:22:35,2026-01-29 10:18:02,2026-01-29 10:23:02,2026-01-29 12:58:27,2026-01-29 11:58:28,False,True Positive,True,"Reviewed source IP, asset logs and correlated with previous alerts.",CRITICAL,85,53
CSE-A,ALT-03839,ASSET-067,LOW,Data Exfiltration,2026-03-21 03:18:56,2026-03-21 03:36:22,2026-03-21 03:58:22,2026-03-21 08:22:29,2026-03-21 12:52:52,False,Benign True Positive,True,"Reviewed source IP, asset logs and correlated with previous alerts.",HIGH,82,64
CSE-C,ALT-03840,ASSET-002,MEDIUM,Suspicious Login,2026-01-12 16:13:51,2026-01-12 16:40:37,2026-01-12 17:04:37,2026-01-12 17:23:03,2026-01-12 20:07:21,False,False Positive,True,"Reviewed source IP, asset logs and correlated with previous alerts.",MEDIUM,99,42
CSE-D,ALT-03841,ASSET-009,MEDIUM,Brute Force,2026-03-25 14:31:16,2026-03-25 14:39:23,2026-03-25 14:40:23,2026-03-25 17:53:11,2026-03-26 02:14:58,False,Escalated to Tier-2,True,Analyst reviewed logs and confirmed activity with evidence archived.,MEDIUM,190,156
CSE-E,ALT-03842,ASSET-053,LOW,Suspicious Login,2026-02-16 17:53:53,2026-02-16 18:36:33,2026-02-16 18:57:33,2026-02-16 21:09:51,2026-02-16 22:25:06,False,Under Investigation,True,Analyst investigation performed; packet capture and EDR evidence attached.,CRITICAL,132,101
CSE-C,ALT-03843,ASSET-003,MEDIUM,Suspicious Login,2026-05-11 14:15:56,2026-05-11 14:18:04,,,2026-05-11 16:25:12,False,Benign True Positive,False,,MEDIUM,165,83
CSE-E,ALT-03844,ASSET-065,CRITICAL,Unauthorized Access,2026-03-25 09:38:24,2026-03-25 10:16:37,,,2026-03-25 16:21:24,True,Benign True Positive,False,N/A,HIGH,98,59
CSE-C,ALT-03845,ASSET-030,HIGH,Data Exfiltration,2026-01-03 15:40:37,2026-01-03 15:43:27,,,2026-01-03 17:46:20,False,Under Investigation,False,Closed quickly — no notes.,MEDIUM,103,38
CSE-C,ALT-03846,ASSET-041,LOW,Data Exfiltration,2026-04-30 13:05:13,2026-04-30 13:28:51,,,2026-04-30 19:14:53,False,Escalated to Tier-2,False,Closed quickly — no notes.,MEDIUM,173,85
CSE-B,ALT-03847,ASSET-003,LOW,Phishing,2026-06-23 13:13:12,2026-06-23 14:00:07,2026-06-23 14:19:07,2026-06-23 16:38:56,2026-06-23 19:41:22,False,False Positive,True,Investigation completed; evidence recorded and escalated per playbook.,CRITICAL,138,99
CSE-B,ALT-03848,ASSET-022,MEDIUM,Malware,2026-04-11 14:16:35,2026-04-11 15:08:16,,,2026-04-12 00:59:00,False,False Positive,False,Closed quickly — no notes.,HIGH,198,137
CSE-A,ALT-03849,ASSET-094,HIGH,Malware,2026-01-25 12:28:26,2026-01-25 12:31:51,,,2026-01-25 21:44:51,False,Benign True Positive,False,,HIGH,119,104
CSE-A,ALT-03850,ASSET-022,HIGH,Brute Force,2026-03-13 12:45:44,2026-03-13 13:05:10,2026-03-13 13:15:10,2026-03-13 16:11:11,2026-03-13 19:02:17,False,Benign True Positive,True,Analyst investigation performed; packet capture and EDR evidence attached.,CRITICAL,125,123
CSE-C,ALT-03851,ASSET-040,MEDIUM,Brute Force,2026-06-12 10:51:42,2026-06-12 11:00:18,2026-06-12 11:02:18,2026-06-12 11:25:37,2026-06-12 17:35:28,False,True Positive,True,Investigation completed; evidence recorded and escalated per playbook.,MEDIUM,154,58
CSE-E,ALT-03852,ASSET-021,CRITICAL,Unauthorized Access,2026-06-29 14:39:22,2026-06-29 14:56:59,2026-06-29 15:01:59,2026-06-29 16:49:11,2026-06-29 21:27:19,False,Under Investigation,True,Investigation completed; evidence recorded and escalated per playbook.,CRITICAL,104,75
CSE-E,ALT-03853,ASSET-056,LOW,Privilege Escalation,2026-05-31 11:32:03,2026-05-31 12:24:05,2026-05-31 12:27:05,2026-05-31 14:10:06,2026-05-31 15:12:32,False,Benign True Positive,True,Analyst reviewed logs and confirmed activity with evidence archived.,HIGH,196,118
CSE-E,ALT-03854,ASSET-077,HIGH,Suspicious Login,2026-05-29 13:42:15,2026-05-29 14:43:43,2026-05-29 14:55:43,2026-05-29 17:50:32,2026-05-29 20:13:29,False,Benign True Positive,True,Alert correlated with threat intel; full timeline documented.,CRITICAL,168,143
CSE-A,ALT-03855,ASSET-085,CRITICAL,Suspicious Login,2026-04-02 12:03:08,2026-04-02 12:25:00,2026-04-02 12:50:00,2026-04-02 16:28:10,2026-04-02 22:19:30,False,True Positive,True,Analyst investigation performed; packet capture and EDR evidence attached.,MEDIUM,139,118
CSE-D,ALT-03856,ASSET-061,MEDIUM,Network Anomaly,2026-04-01 07:23:04,2026-04-01 07:35:37,2026-04-01 07:40:37,2026-04-01 08:07:07,2026-04-01 12:06:31,False,Escalated to Tier-2,True,Analyst reviewed logs and confirmed activity with evidence archived.,MEDIUM,165,156
CSE-A,ALT-03857,ASSET-049,MEDIUM,Phishing,2026-03-30 12:37:17,2026-03-30 12:41:23,2026-03-30 12:48:23,2026-03-30 16:31:42,2026-03-30 16:32:04,False,True Positive,True,Alert correlated with threat intel; full timeline documented.,HIGH,138,131
CSE-D,ALT-03858,ASSET-036,LOW,Phishing,2026-04-28 14:48:23,2026-04-28 15:12:24,2026-04-28 15:23:24,2026-04-28 15:44:31,2026-04-28 16:12:44,False,Benign True Positive,True,Alert correlated with threat intel; full timeline documented.,MEDIUM,145,157
CSE-A,ALT-03859,ASSET-045,LOW,Suspicious Login,2026-03-01 12:00:35,2026-03-01 12:18:20,2026-03-01 12:34:20,2026-03-01 16:15:13,2026-03-01 19:09:47,False,Benign True Positive,True,Analyst investigation performed; packet capture and EDR evidence attached.,CRITICAL,180,177
CSE-E,ALT-03860,ASSET-051,CRITICAL,Privilege Escalation,2026-03-14 17:28:44,2026-03-14 18:30:35,2026-03-14 18:54:35,2026-03-14 19:24:02,2026-03-14 23:45:19,False,Benign True Positive,True,Analyst investigation performed; packet capture and EDR evidence attached.,CRITICAL,156,128
CSE-D,ALT-03861,ASSET-081,CRITICAL,Malware,2026-03-07 12:28:23,2026-03-07 12:53:57,2026-03-07 13:04:57,2026-03-07 14:13:57,2026-03-07 21:55:59,False,Benign True Positive,True,Analyst reviewed logs and confirmed activity with evidence archived.,CRITICAL,171,170
CSE-B,ALT-03862,ASSET-078,CRITICAL,Network Anomaly,2026-06-12 10:29:23,2026-06-12 10:53:53,2026-06-12 11:15:53,2026-06-12 12:00:40,2026-06-12 20:34:00,True,Escalated to Tier-2,True,Analyst reviewed logs and confirmed activity with evidence archived.,CRITICAL,84,53
CSE-A,ALT-03863,ASSET-057,MEDIUM,Network Anomaly,2026-06-30 12:13:29,2026-06-30 12:24:35,2026-06-30 12:30:35,2026-06-30 16:18:36,2026-06-30 15:55:34,False,Under Investigation,True,Analyst reviewed logs and confirmed activity with evidence archived.,CRITICAL,167,170
CSE-A,ALT-03864,ASSET-045,LOW,Phishing,2026-02-03 13:04:09,2026-02-03 13:34:02,2026-02-03 13:52:02,2026-02-03 18:00:34,2026-02-03 14:50:55,True,False Positive,True,"Reviewed source IP, asset logs and correlated with previous alerts.",MEDIUM,179,181
CSE-C,ALT-03865,ASSET-020,CRITICAL,Malware,2026-03-22 13:53:54,2026-03-22 14:27:57,2026-03-22 14:33:57,2026-03-22 14:47:03,2026-03-22 13:55:19,False,Benign True Positive,True,Investigation completed; evidence recorded and escalated per playbook.,CRITICAL,174,85
CSE-A,ALT-03866,ASSET-052,MEDIUM,Malware,2026-04-24 10:19:13,2026-04-24 10:37:25,2026-04-24 10:59:25,2026-04-24 14:10:29,2026-04-24 18:48:40,False,Escalated to Tier-2,True,Investigation completed; evidence recorded and escalated per playbook.,HIGH,115,110
CSE-C,ALT-03867,ASSET-028,LOW,Network Anomaly,2026-04-15 16:15:36,2026-04-15 17:08:50,,,2026-04-16 00:08:22,False,Escalated to Tier-2,False,Closed quickly — no notes.,HIGH,176,36
CSE-D,ALT-03868,ASSET-066,MEDIUM,Brute Force,2026-05-03 06:50:08,2026-05-03 07:05:27,2026-05-03 07:08:27,2026-05-03 11:29:37,2026-05-03 14:13:50,True,True Positive,True,"Reviewed source IP, asset logs and correlated with previous alerts.",HIGH,95,94
CSE-E,ALT-03869,ASSET-030,MEDIUM,Malware,2026-06-06 10:51:03,2026-06-06 11:17:27,2026-06-06 11:36:27,2026-06-06 14:35:29,2026-06-06 13:27:05,False,False Positive,True,Analyst reviewed logs and confirmed activity with evidence archived.,HIGH,139,96
CSE-B,ALT-03870,ASSET-077,HIGH,Data Exfiltration,2026-06-03 09:00:28,2026-06-03 10:29:58,,,2026-06-03 20:05:57,False,True Positive,False,,HIGH,118,72
CSE-C,ALT-03871,ASSET-081,HIGH,Suspicious Login,2026-06-20 13:16:16,2026-06-20 14:15:41,,,2026-06-20 17:01:21,False,False Positive,False,N/A,MEDIUM,187,55
CSE-B,ALT-03872,ASSET-026,HIGH,Network Anomaly,2026-06-01 17:25:14,2026-06-01 17:31:33,,,2026-06-01 19:47:50,False,False Positive,False,,CRITICAL,93,54
CSE-A,ALT-03873,ASSET-025,LOW,Data Exfiltration,2026-05-21 21:43:32,2026-05-21 22:09:42,2026-05-21 22:24:42,2026-05-22 00:07:57,2026-05-22 06:04:48,True,Under Investigation,True,Investigation completed; evidence recorded and escalated per playbook.,HIGH,116,106
CSE-D,ALT-03874,ASSET-040,HIGH,Network Anomaly,2026-05-23 13:13:22,2026-05-23 13:25:35,,,2026-05-24 01:22:20,False,True Positive,False,N/A,MEDIUM,129,124
CSE-E,ALT-03875,ASSET-059,MEDIUM,Privilege Escalation,2026-04-11 13:51:31,2026-04-11 14:09:23,,,2026-04-11 23:33:26,False,Under Investigation,False,N/A,CRITICAL,180,153
CSE-C,ALT-03876,ASSET-019,CRITICAL,Unauthorized Access,2026-04-03 01:45:09,2026-04-03 01:58:32,2026-04-03 02:08:32,2026-04-03 02:34:37,2026-04-03 06:20:01,False,False Positive,True,Investigation completed; evidence recorded and escalated per playbook.,CRITICAL,130,30
CSE-A,ALT-03877,ASSET-006,HIGH,Brute Force,2026-05-10 13:27:57,2026-05-10 13:56:34,2026-05-10 14:19:34,2026-05-10 15:51:24,2026-05-11 01:06:40,True,Under Investigation,True,"Reviewed source IP, asset logs and correlated with previous alerts.",HIGH,149,162
CSE-E,ALT-03878,ASSET-076,LOW,Privilege Escalation,2026-06-06 21:26:38,2026-06-06 21:42:21,2026-06-06 21:59:21,2026-06-07 00:35:04,2026-06-07 00:08:10,False,False Positive,True,"Reviewed source IP, asset logs and correlated with previous alerts.",MEDIUM,84,67
CSE-E,ALT-03879,ASSET-002,LOW,Phishing,2026-05-06 17:55:27,2026-05-06 18:19:53,2026-05-06 18:22:53,2026-05-06 20:09:00,2026-05-06 19:37:57,False,True Positive,True,Investigation completed; evidence recorded and escalated per playbook.,CRITICAL,78,66
CSE-A,ALT-03880,ASSET-030,LOW,Network Anomaly,2026-05-17 02:20:54,2026-05-17 02:26:38,,,2026-05-17 03:34:21,False,False Positive,False,Closed quickly — no notes.,HIGH,164,144
CSE-E,ALT-03881,ASSET-071,CRITICAL,Data Exfiltration,2026-05-04 22:56:26,2026-05-05 00:42:44,2026-05-05 00:47:44,2026-05-05 03:42:06,2026-05-05 05:34:13,False,True Positive,True,Analyst reviewed logs and confirmed activity with evidence archived.,MEDIUM,125,93
CSE-E,ALT-03882,ASSET-033,HIGH,Brute Force,2026-04-11 13:20:36,2026-04-11 14:21:39,2026-04-11 14:40:39,2026-04-11 17:15:47,2026-04-11 23:00:59,False,False Positive,True,Investigation completed; evidence recorded and escalated per playbook.,CRITICAL,76,59
CSE-B,ALT-03883,ASSET-024,MEDIUM,Network Anomaly,2026-03-23 13:48:28,2026-03-23 14:19:25,2026-03-23 14:43:25,2026-03-23 15:16:14,2026-03-23 16:56:54,False,True Positive,True,Analyst reviewed logs and confirmed activity with evidence archived.,HIGH,93,77
CSE-A,ALT-03884,ASSET-082,HIGH,Malware,2026-06-08 15:15:25,2026-06-08 15:37:20,2026-06-08 15:45:20,2026-06-08 17:43:39,2026-06-08 18:26:23,True,True Positive,True,Analyst investigation performed; packet capture and EDR evidence attached.,HIGH,178,165
CSE-D,ALT-03885,ASSET-087,HIGH,Suspicious Login,2026-02-06 15:10:37,2026-02-06 15:28:43,2026-02-06 15:52:43,2026-02-06 20:12:32,2026-02-07 05:21:48,False,False Positive,True,Analyst investigation performed; packet capture and EDR evidence attached.,HIGH,146,144
CSE-B,ALT-03886,ASSET-097,LOW,Network Anomaly,2026-06-05 10:00:24,2026-06-05 10:36:03,,,2026-06-05 20:24:11,False,True Positive,False,N/A,HIGH,117,89
CSE-B,ALT-03887,ASSET-013,CRITICAL,Privilege Escalation,2026-05-12 11:11:03,2026-05-12 12:24:21,,,2026-05-12 14:30:16,False,Escalated to Tier-2,False,Closed quickly — no notes.,MEDIUM,116,85
CSE-E,ALT-03888,ASSET-090,CRITICAL,Privilege Escalation,2026-03-21 15:58:02,2026-03-21 17:25:44,2026-03-21 17:35:44,2026-03-21 18:43:57,2026-03-21 16:01:39,False,True Positive,True,"Reviewed source IP, asset logs and correlated with previous alerts.",CRITICAL,116,62
CSE-E,ALT-03889,ASSET-052,LOW,Brute Force,2026-01-07 09:30:53,2026-01-07 10:46:30,2026-01-07 11:08:30,2026-01-07 13:46:15,2026-01-07 12:05:17,False,Under Investigation,True,Investigation completed; evidence recorded and escalated per playbook.,HIGH,188,94
CSE-D,ALT-03890,ASSET-037,MEDIUM,Privilege Escalation,2026-01-26 09:44:29,2026-01-26 09:53:01,2026-01-26 10:04:01,2026-01-26 12:10:19,2026-01-26 17:03:28,False,Under Investigation,True,"Reviewed source IP, asset logs and correlated with previous alerts.",CRITICAL,116,118
CSE-E,ALT-03891,ASSET-002,HIGH,Brute Force,2026-04-24 14:26:26,2026-04-24 14:57:16,2026-04-24 15:22:16,2026-04-24 15:36:23,2026-04-24 23:38:22,False,True Positive,True,Analyst investigation performed; packet capture and EDR evidence attached.,CRITICAL,118,71
CSE-D,ALT-03892,ASSET-076,LOW,Brute Force,2026-02-14 20:02:36,2026-02-14 20:10:00,2026-02-14 20:32:00,2026-02-14 22:43:48,2026-02-14 23:02:34,False,False Positive,True,Alert correlated with threat intel; full timeline documented.,HIGH,132,139
CSE-B,ALT-03893,ASSET-089,MEDIUM,Privilege Escalation,2026-01-10 09:30:41,2026-01-10 10:57:40,2026-01-10 11:09:40,2026-01-10 12:43:50,2026-01-10 11:37:29,False,True Positive,True,"Reviewed source IP, asset logs and correlated with previous alerts.",HIGH,75,42
CSE-B,ALT-03894,ASSET-011,MEDIUM,Malware,2026-01-27 05:32:51,2026-01-27 06:12:30,2026-01-27 06:16:30,2026-01-27 09:02:52,2026-01-27 09:16:38,True,True Positive,True,Analyst investigation performed; packet capture and EDR evidence attached.,MEDIUM,164,90
CSE-E,ALT-03895,ASSET-008,MEDIUM,Malware,2026-06-29 14:51:59,2026-06-29 15:03:23,2026-06-29 15:15:23,2026-06-29 17:54:13,2026-06-29 21:18:48,False,Under Investigation,True,"Reviewed source IP, asset logs and correlated with previous alerts.",CRITICAL,95,54
CSE-B,ALT-03896,ASSET-023,LOW,Unauthorized Access,2026-01-03 11:39:51,2026-01-03 11:56:21,2026-01-03 12:05:21,2026-01-03 14:16:07,2026-01-03 20:38:37,False,Benign True Positive,True,Analyst reviewed logs and confirmed activity with evidence archived.,CRITICAL,137,116
CSE-E,ALT-03897,ASSET-010,MEDIUM,Unauthorized Access,2026-02-28 15:27:01,2026-02-28 15:38:29,2026-02-28 15:48:29,2026-02-28 16:15:13,2026-02-28 21:37:12,False,True Positive,True,Alert correlated with threat intel; full timeline documented.,HIGH,159,75
CSE-B,ALT-03898,ASSET-045,LOW,Privilege Escalation,2026-03-18 16:23:28,2026-03-18 17:36:08,2026-03-18 17:37:08,2026-03-18 18:52:27,2026-03-19 00:42:37,False,Under Investigation,True,Investigation completed; evidence recorded and escalated per playbook.,HIGH,86,71
CSE-D,ALT-03899,ASSET-060,HIGH,Suspicious Login,2026-06-13 12:34:12,2026-06-13 12:46:12,,,2026-06-13 19:47:17,False,True Positive,False,N/A,CRITICAL,145,151
CSE-D,ALT-03900,ASSET-051,HIGH,Privilege Escalation,2026-02-14 00:50:21,2026-02-14 01:06:03,2026-02-14 01:17:03,2026-02-14 03:11:12,2026-02-14 11:56:32,False,False Positive,True,Analyst reviewed logs and confirmed activity with evidence archived.,CRITICAL,160,151
CSE-D,ALT-03901,ASSET-015,MEDIUM,Suspicious Login,2026-05-15 15:42:05,2026-05-15 16:06:44,2026-05-15 16:29:44,2026-05-15 20:16:34,2026-05-15 18:41:58,False,Escalated to Tier-2,True,Analyst investigation performed; packet capture and EDR evidence attached.,CRITICAL,162,130
CSE-C,ALT-03902,ASSET-024,CRITICAL,Data Exfiltration,2026-04-18 09:18:02,2026-04-18 10:06:44,,,2026-04-18 09:19:36,False,Under Investigation,False,N/A,CRITICAL,138,30
CSE-D,ALT-03903,ASSET-057,MEDIUM,Unauthorized Access,2026-01-13 15:56:57,2026-01-13 16:06:27,2026-01-13 16:09:27,2026-01-13 17:10:20,2026-01-14 03:08:30,False,False Positive,True,Alert correlated with threat intel; full timeline documented.,CRITICAL,163,153
CSE-D,ALT-03904,ASSET-053,LOW,Network Anomaly,2026-03-10 13:20:47,2026-03-10 13:23:20,2026-03-10 13:48:20,2026-03-10 15:35:53,2026-03-10 15:51:58,False,False Positive,True,Alert correlated with threat intel; full timeline documented.,MEDIUM,186,145
CSE-D,ALT-03905,ASSET-006,MEDIUM,Suspicious Login,2026-06-30 16:26:30,2026-06-30 16:33:03,2026-06-30 16:43:03,2026-06-30 17:51:55,2026-07-01 01:25:35,False,False Positive,True,Analyst investigation performed; packet capture and EDR evidence attached.,CRITICAL,147,143
CSE-E,ALT-03906,ASSET-049,HIGH,Unauthorized Access,2026-04-23 14:03:07,2026-04-23 16:03:45,2026-04-23 16:07:45,2026-04-23 18:53:08,2026-04-23 17:40:15,False,False Positive,True,Alert correlated with threat intel; full timeline documented.,HIGH,114,92
CSE-B,ALT-03907,ASSET-077,HIGH,Unauthorized Access,2026-03-31 14:44:57,2026-03-31 14:58:13,2026-03-31 15:10:13,2026-03-31 17:50:50,2026-03-31 19:22:17,False,Escalated to Tier-2,True,Analyst investigation performed; packet capture and EDR evidence attached.,MEDIUM,158,97
CSE-E,ALT-03908,ASSET-065,MEDIUM,Data Exfiltration,2026-01-28 12:23:43,2026-01-28 12:59:45,2026-01-28 13:16:45,2026-01-28 14:59:34,2026-01-28 17:54:19,False,True Positive,True,Investigation completed; evidence recorded and escalated per playbook.,HIGH,178,119
CSE-A,ALT-03909,ASSET-100,MEDIUM,Suspicious Login,2026-04-04 17:31:54,2026-04-04 17:55:21,2026-04-04 18:19:21,2026-04-04 21:23:03,2026-04-05 01:08:03,False,False Positive,True,Alert correlated with threat intel; full timeline documented.,HIGH,126,129
CSE-C,ALT-03910,ASSET-036,LOW,Malware,2026-06-07 14:59:33,2026-06-07 15:24:39,,,2026-06-07 21:20:28,False,Under Investigation,False,,MEDIUM,123,53
CSE-C,ALT-03911,ASSET-064,MEDIUM,Malware,2026-01-13 10:05:34,2026-01-13 11:00:56,,,2026-01-13 17:39:44,False,True Positive,False,,MEDIUM,173,75
CSE-C,ALT-03912,ASSET-078,CRITICAL,Unauthorized Access,2026-03-01 17:57:25,2026-03-01 18:03:45,,,2026-03-01 18:02:03,False,False Positive,False,Closed quickly — no notes.,CRITICAL,180,37
CSE-D,ALT-03913,ASSET-100,CRITICAL,Network Anomaly,2026-01-08 12:14:52,2026-01-08 12:18:40,2026-01-08 12:27:40,2026-01-08 13:15:47,2026-01-08 19:55:20,True,Benign True Positive,True,Analyst investigation performed; packet capture and EDR evidence attached.,CRITICAL,171,175
CSE-E,ALT-03914,ASSET-045,MEDIUM,Unauthorized Access,2026-03-11 21:58:25,2026-03-11 23:06:26,,,2026-03-12 08:01:17,False,True Positive,False,Closed quickly — no notes.,CRITICAL,85,51
CSE-A,ALT-03915,ASSET-062,CRITICAL,Suspicious Login,2026-04-18 23:31:25,2026-04-18 23:38:28,,,2026-04-19 00:32:18,False,False Positive,False,,MEDIUM,157,114
CSE-C,ALT-03916,ASSET-019,CRITICAL,Suspicious Login,2026-04-15 16:03:14,2026-04-15 16:49:31,2026-04-15 16:59:31,2026-04-15 17:11:33,2026-04-15 23:10:01,False,False Positive,True,Investigation completed; evidence recorded and escalated per playbook.,HIGH,108,13
CSE-A,ALT-03917,ASSET-026,LOW,Privilege Escalation,2026-02-03 16:03:57,2026-02-03 16:14:40,2026-02-03 16:25:40,2026-02-03 18:30:49,2026-02-04 00:10:39,True,Benign True Positive,True,Investigation completed; evidence recorded and escalated per playbook.,MEDIUM,140,106
CSE-D,ALT-03918,ASSET-090,LOW,Network Anomaly,2026-03-20 16:11:58,2026-03-20 16:27:07,2026-03-20 16:50:07,2026-03-20 19:51:53,2026-03-21 02:13:26,False,False Positive,True,Analyst investigation performed; packet capture and EDR evidence attached.,HIGH,194,173
CSE-A,ALT-03919,ASSET-085,MEDIUM,Data Exfiltration,2026-04-18 03:20:31,2026-04-18 03:43:51,2026-04-18 03:49:51,2026-04-18 07:29:25,2026-04-18 08:53:33,True,False Positive,True,Analyst reviewed logs and confirmed activity with evidence archived.,CRITICAL,91,88
CSE-D,ALT-03920,ASSET-067,CRITICAL,Phishing,2026-06-22 10:36:31,2026-06-22 10:45:12,2026-06-22 10:56:12,2026-06-22 11:57:18,2026-06-22 18:55:56,True,True Positive,True,"Reviewed source IP, asset logs and correlated with previous alerts.",HIGH,122,108
CSE-D,ALT-03921,ASSET-058,CRITICAL,Unauthorized Access,2026-01-23 15:18:52,2026-01-23 15:39:11,,,2026-01-23 22:11:59,True,False Positive,False,Closed quickly — no notes.,CRITICAL,83,87
CSE-C,ALT-03922,ASSET-067,MEDIUM,Privilege Escalation,2026-06-16 13:41:00,2026-06-16 14:17:00,,,2026-06-16 17:19:35,False,Under Investigation,False,N/A,CRITICAL,104,39
CSE-E,ALT-03923,ASSET-072,LOW,Unauthorized Access,2026-02-18 17:13:15,2026-02-18 18:35:59,2026-02-18 18:51:59,2026-02-18 19:32:41,2026-02-18 20:57:33,False,True Positive,True,Investigation completed; evidence recorded and escalated per playbook.,MEDIUM,155,88
CSE-A,ALT-03924,ASSET-069,LOW,Suspicious Login,2026-04-10 16:07:18,2026-04-10 16:27:32,2026-04-10 16:36:32,2026-04-10 20:59:32,2026-04-10 23:00:27,False,False Positive,True,Alert correlated with threat intel; full timeline documented.,HIGH,101,86
CSE-C,ALT-03925,ASSET-055,CRITICAL,Brute Force,2026-04-25 17:34:44,2026-04-25 18:12:04,,,2026-04-25 21:09:01,False,Under Investigation,False,Closed quickly — no notes.,CRITICAL,110,36
CSE-E,ALT-03926,ASSET-075,LOW,Unauthorized Access,2026-05-15 15:53:36,2026-05-15 17:09:24,2026-05-15 17:21:24,2026-05-15 17:58:08,2026-05-15 19:25:43,False,Under Investigation,True,"Reviewed source IP, asset logs and correlated with previous alerts.",MEDIUM,126,71
CSE-E,ALT-03927,ASSET-065,HIGH,Data Exfiltration,2026-03-09 17:17:10,2026-03-09 17:50:34,,,2026-03-10 00:39:43,False,Under Investigation,False,N/A,CRITICAL,88,48
CSE-C,ALT-03928,ASSET-039,LOW,Network Anomaly,2026-04-03 16:50:14,2026-04-03 17:48:48,,,2026-04-03 22:37:49,False,Under Investigation,False,N/A,HIGH,105,25
CSE-D,ALT-03929,ASSET-013,LOW,Network Anomaly,2026-01-22 00:38:41,2026-01-22 00:41:42,2026-01-22 00:42:42,2026-01-22 01:23:57,2026-01-22 12:56:50,False,False Positive,True,Investigation completed; evidence recorded and escalated per playbook.,HIGH,102,94
CSE-B,ALT-03930,ASSET-093,HIGH,Phishing,2026-05-21 17:36:57,2026-05-21 18:12:24,,,2026-05-21 19:25:21,False,False Positive,False,,HIGH,164,135
CSE-B,ALT-03931,ASSET-027,LOW,Brute Force,2026-03-17 21:28:06,2026-03-17 22:33:01,,,2026-03-18 07:03:02,True,False Positive,False,,HIGH,196,165
CSE-A,ALT-03932,ASSET-032,MEDIUM,Suspicious Login,2026-06-25 15:52:00,2026-06-25 16:07:38,2026-06-25 16:25:38,2026-06-25 20:59:26,2026-06-25 21:10:12,False,True Positive,True,Investigation completed; evidence recorded and escalated per playbook.,CRITICAL,104,82
CSE-B,ALT-03933,ASSET-100,CRITICAL,Suspicious Login,2026-03-13 18:53:01,2026-03-13 19:57:11,,,2026-03-14 05:09:54,False,False Positive,False,Closed quickly — no notes.,CRITICAL,137,125
CSE-C,ALT-03934,ASSET-048,CRITICAL,Malware,2026-03-26 13:53:03,2026-03-26 14:46:40,,,2026-03-26 13:55:48,False,Under Investigation,False,Closed quickly — no notes.,CRITICAL,173,51
CSE-B,ALT-03935,ASSET-008,HIGH,Suspicious Login,2026-04-20 15:20:05,2026-04-20 16:11:59,2026-04-20 16:28:59,2026-04-20 18:53:40,2026-04-20 19:44:58,False,False Positive,True,"Reviewed source IP, asset logs and correlated with previous alerts.",CRITICAL,125,95
CSE-A,ALT-03936,ASSET-019,HIGH,Suspicious Login,2026-02-23 12:41:37,2026-02-23 13:05:09,2026-02-23 13:28:09,2026-02-23 16:06:52,2026-02-23 19:26:15,False,Escalated to Tier-2,True,Investigation completed; evidence recorded and escalated per playbook.,HIGH,163,156
CSE-D,ALT-03937,ASSET-083,LOW,Unauthorized Access,2026-04-20 16:37:59,2026-04-20 17:02:24,2026-04-20 17:23:24,2026-04-20 18:44:12,2026-04-21 01:46:26,False,True Positive,True,Analyst reviewed logs and confirmed activity with evidence archived.,HIGH,153,147
CSE-B,ALT-03938,ASSET-035,CRITICAL,Privilege Escalation,2026-01-30 16:20:47,2026-01-30 16:26:09,2026-01-30 16:33:09,2026-01-30 16:58:05,2026-01-30 23:23:07,True,Under Investigation,True,Analyst reviewed logs and confirmed activity with evidence archived.,MEDIUM,141,101
CSE-C,ALT-03939,ASSET-082,HIGH,Privilege Escalation,2026-03-29 16:42:20,2026-03-29 17:25:24,,,2026-03-29 19:55:32,False,Under Investigation,False,,HIGH,91,47
CSE-A,ALT-03940,ASSET-039,CRITICAL,Phishing,2026-05-27 15:22:44,2026-05-27 15:51:37,2026-05-27 16:15:37,2026-05-27 16:35:20,2026-05-27 22:55:50,True,True Positive,True,Investigation completed; evidence recorded and escalated per playbook.,MEDIUM,177,158
CSE-B,ALT-03941,ASSET-027,MEDIUM,Unauthorized Access,2026-01-01 17:11:41,2026-01-01 17:54:30,2026-01-01 18:05:30,2026-01-01 20:07:08,2026-01-02 03:51:58,False,True Positive,True,Alert correlated with threat intel; full timeline documented.,MEDIUM,111,65
CSE-E,ALT-03942,ASSET-093,MEDIUM,Unauthorized Access,2026-01-24 16:37:53,2026-01-24 17:38:05,,,2026-01-25 02:54:02,False,False Positive,False,,MEDIUM,158,91
CSE-E,ALT-03943,ASSET-004,CRITICAL,Privilege Escalation,2026-04-29 10:49:42,2026-04-29 11:50:52,2026-04-29 12:07:52,2026-04-29 13:55:27,2026-04-29 10:52:17,True,False Positive,True,Analyst investigation performed; packet capture and EDR evidence attached.,MEDIUM,132,107
CSE-D,ALT-03944,ASSET-056,MEDIUM,Malware,2026-05-10 00:13:16,2026-05-10 00:32:58,2026-05-10 00:35:58,2026-05-10 02:19:44,2026-05-10 14:42:06,False,Benign True Positive,True,Alert correlated with threat intel; full timeline documented.,CRITICAL,90,87
CSE-C,ALT-03945,ASSET-025,HIGH,Unauthorized Access,2026-03-02 04:06:47,2026-03-02 04:58:51,2026-03-02 05:15:51,2026-03-02 05:26:25,2026-03-02 08:13:20,False,Under Investigation,True,Investigation completed; evidence recorded and escalated per playbook.,MEDIUM,177,78
CSE-E,ALT-03946,ASSET-041,CRITICAL,Suspicious Login,2026-03-06 13:52:31,2026-03-06 14:48:55,2026-03-06 15:01:55,2026-03-06 16:17:30,2026-03-06 20:53:34,True,True Positive,True,Investigation completed; evidence recorded and escalated per playbook.,CRITICAL,183,126
CSE-D,ALT-03947,ASSET-092,MEDIUM,Malware,2026-03-12 10:40:59,2026-03-12 10:45:11,2026-03-12 11:00:11,2026-03-12 14:00:11,2026-03-12 15:00:15,False,Benign True Positive,True,Analyst investigation performed; packet capture and EDR evidence attached.,MEDIUM,93,100
CSE-C,ALT-03948,ASSET-044,MEDIUM,Network Anomaly,2026-02-01 16:17:28,2026-02-01 16:29:23,2026-02-01 16:42:23,2026-02-01 16:53:26,2026-02-01 23:42:47,False,False Positive,True,Analyst reviewed logs and confirmed activity with evidence archived.,CRITICAL,122,33
CSE-E,ALT-03949,ASSET-069,LOW,Suspicious Login,2026-05-17 23:04:01,2026-05-18 00:13:54,2026-05-18 00:20:54,2026-05-18 02:32:03,2026-05-18 06:35:46,False,False Positive,True,Investigation completed; evidence recorded and escalated per playbook.,HIGH,121,100
CSE-C,ALT-03950,ASSET-064,CRITICAL,Phishing,2026-05-22 22:59:02,2026-05-22 23:58:12,,,2026-05-22 23:02:47,False,Under Investigation,False,N/A,CRITICAL,153,70
CSE-B,ALT-03951,ASSET-044,LOW,Phishing,2026-05-01 09:57:07,2026-05-01 10:42:18,2026-05-01 11:04:18,2026-05-01 11:11:49,2026-05-01 20:18:42,False,Benign True Positive,True,Investigation completed; evidence recorded and escalated per playbook.,HIGH,118,94
CSE-C,ALT-03952,ASSET-016,HIGH,Brute Force,2026-06-25 15:49:20,2026-06-25 16:27:01,2026-06-25 16:37:01,2026-06-25 16:47:23,2026-06-26 00:05:51,False,Under Investigation,True,Analyst reviewed logs and confirmed activity with evidence archived.,CRITICAL,171,61
CSE-E,ALT-03953,ASSET-070,LOW,Phishing,2026-02-10 11:11:57,2026-02-10 12:44:18,2026-02-10 12:48:18,2026-02-10 14:26:08,2026-02-10 19:38:38,False,Under Investigation,True,Analyst investigation performed; packet capture and EDR evidence attached.,CRITICAL,193,161
CSE-B,ALT-03954,ASSET-002,CRITICAL,Brute Force,2026-04-22 12:25:38,2026-04-22 13:04:48,2026-04-22 13:21:48,2026-04-22 14:48:47,2026-04-22 14:34:48,False,False Positive,True,Analyst reviewed logs and confirmed activity with evidence archived.,MEDIUM,172,160
CSE-A,ALT-03955,ASSET-023,MEDIUM,Suspicious Login,2026-05-24 12:40:40,2026-05-24 12:43:41,2026-05-24 12:49:41,2026-05-24 17:04:54,2026-05-24 22:22:01,True,Under Investigation,True,"Reviewed source IP, asset logs and correlated with previous alerts.",MEDIUM,143,105
CSE-D,ALT-03956,ASSET-078,MEDIUM,Suspicious Login,2026-01-18 15:01:31,2026-01-18 15:06:22,2026-01-18 15:22:22,2026-01-18 17:36:08,2026-01-19 00:17:43,False,False Positive,True,Analyst reviewed logs and confirmed activity with evidence archived.,HIGH,178,164
CSE-A,ALT-03957,ASSET-057,HIGH,Brute Force,2026-05-15 08:11:39,2026-05-15 08:37:05,2026-05-15 08:43:05,2026-05-15 13:21:46,2026-05-15 12:54:31,False,False Positive,True,"Reviewed source IP, asset logs and correlated with previous alerts.",CRITICAL,150,160
CSE-A,ALT-03958,ASSET-070,CRITICAL,Data Exfiltration,2026-01-08 15:28:19,2026-01-08 15:38:24,2026-01-08 15:58:24,2026-01-08 19:39:59,2026-01-09 00:40:18,True,True Positive,True,Analyst investigation performed; packet capture and EDR evidence attached.,HIGH,148,154
CSE-B,ALT-03959,ASSET-020,LOW,Brute Force,2026-05-20 22:21:15,2026-05-20 23:51:54,2026-05-21 00:15:54,2026-05-21 00:54:52,2026-05-21 05:56:39,False,Under Investigation,True,Analyst reviewed logs and confirmed activity with evidence archived.,MEDIUM,71,52
CSE-D,ALT-03960,ASSET-038,LOW,Unauthorized Access,2026-06-29 17:35:30,2026-06-29 17:55:48,2026-06-29 17:58:48,2026-06-29 18:46:42,2026-06-30 05:03:20,False,True Positive,True,Analyst reviewed logs and confirmed activity with evidence archived.,HIGH,94,81
CSE-B,ALT-03961,ASSET-083,HIGH,Suspicious Login,2026-05-23 15:18:30,2026-05-23 16:45:33,2026-05-23 17:03:33,2026-05-23 19:43:21,2026-05-24 01:18:39,False,False Positive,True,Alert correlated with threat intel; full timeline documented.,HIGH,131,111
CSE-B,ALT-03962,ASSET-074,MEDIUM,Unauthorized Access,2026-04-18 09:47:50,2026-04-18 10:18:58,2026-04-18 10:33:58,2026-04-18 11:32:34,2026-04-18 17:45:25,False,False Positive,True,Analyst investigation performed; packet capture and EDR evidence attached.,CRITICAL,186,168
CSE-B,ALT-03963,ASSET-002,MEDIUM,Data Exfiltration,2026-05-31 02:26:42,2026-05-31 03:28:04,2026-05-31 03:41:04,2026-05-31 05:50:17,2026-05-31 04:45:47,False,True Positive,True,Investigation completed; evidence recorded and escalated per playbook.,MEDIUM,140,109
CSE-B,ALT-03964,ASSET-028,CRITICAL,Suspicious Login,2026-03-09 09:28:54,2026-03-09 10:31:11,,,2026-03-09 12:43:06,False,True Positive,False,N/A,CRITICAL,77,61
CSE-A,ALT-03965,ASSET-088,LOW,Malware,2026-01-28 17:15:14,2026-01-28 17:40:31,2026-01-28 17:45:31,2026-01-28 21:59:42,2026-01-28 19:16:04,False,False Positive,True,"Reviewed source IP, asset logs and correlated with previous alerts.",CRITICAL,83,81
CSE-A,ALT-03966,ASSET-069,MEDIUM,Phishing,2026-06-19 17:36:26,2026-06-19 17:42:34,2026-06-19 17:56:34,2026-06-19 22:46:00,2026-06-19 22:38:00,False,True Positive,True,Alert correlated with threat intel; full timeline documented.,HIGH,88,86
CSE-B,ALT-03967,ASSET-034,HIGH,Suspicious Login,2026-06-15 02:06:55,2026-06-15 02:29:49,2026-06-15 02:31:49,2026-06-15 02:54:14,2026-06-15 09:17:45,True,True Positive,True,Alert correlated with threat intel; full timeline documented.,HIGH,110,70
CSE-B,ALT-03968,ASSET-046,LOW,Unauthorized Access,2026-04-11 13:49:28,2026-04-11 15:14:01,2026-04-11 15:36:01,2026-04-11 16:55:41,2026-04-11 21:27:52,False,True Positive,True,Alert correlated with threat intel; full timeline documented.,CRITICAL,168,121
CSE-A,ALT-03969,ASSET-078,HIGH,Suspicious Login,2026-04-25 13:51:22,2026-04-25 13:55:01,2026-04-25 13:57:01,2026-04-25 16:18:03,2026-04-25 20:50:57,False,True Positive,True,Alert correlated with threat intel; full timeline documented.,MEDIUM,105,113
CSE-D,ALT-03970,ASSET-032,LOW,Suspicious Login,2026-02-14 11:05:38,2026-02-14 11:16:24,2026-02-14 11:39:24,2026-02-14 16:03:21,2026-02-14 16:18:05,False,True Positive,True,Alert correlated with threat intel; full timeline documented.,HIGH,178,164
CSE-B,ALT-03971,ASSET-079,HIGH,Malware,2026-04-22 12:48:59,2026-04-22 13:50:44,,,2026-04-22 22:19:25,False,False Positive,False,N/A,HIGH,191,166
CSE-A,ALT-03972,ASSET-017,MEDIUM,Brute Force,2026-04-16 22:20:37,2026-04-16 22:40:49,2026-04-16 22:43:49,2026-04-16 23:27:10,2026-04-17 05:57:20,False,True Positive,True,Investigation completed; evidence recorded and escalated per playbook.,MEDIUM,183,149
CSE-D,ALT-03973,ASSET-057,LOW,Phishing,2026-02-15 11:01:48,2026-02-15 11:18:47,2026-02-15 11:25:47,2026-02-15 15:25:41,2026-02-15 19:08:38,False,Escalated to Tier-2,True,Investigation completed; evidence recorded and escalated per playbook.,MEDIUM,94,79
CSE-D,ALT-03974,ASSET-068,HIGH,Data Exfiltration,2026-04-07 16:52:20,2026-04-07 17:13:20,2026-04-07 17:30:20,2026-04-07 21:50:04,2026-04-07 19:14:15,True,True Positive,True,Analyst reviewed logs and confirmed activity with evidence archived.,HIGH,101,97
CSE-A,ALT-03975,ASSET-073,HIGH,Privilege Escalation,2026-03-05 13:58:04,2026-03-05 14:27:59,,,2026-03-05 15:14:09,True,True Positive,False,,CRITICAL,132,104
CSE-B,ALT-03976,ASSET-002,HIGH,Data Exfiltration,2026-04-28 17:18:59,2026-04-28 17:46:58,2026-04-28 17:54:58,2026-04-28 18:38:34,2026-04-28 22:04:40,False,Escalated to Tier-2,True,"Reviewed source IP, asset logs and correlated with previous alerts.",CRITICAL,122,75
CSE-B,ALT-03977,ASSET-059,CRITICAL,Phishing,2026-01-03 11:21:08,2026-01-03 12:00:14,2026-01-03 12:10:14,2026-01-03 14:30:39,2026-01-03 11:24:59,False,True Positive,True,Analyst reviewed logs and confirmed activity with evidence archived.,MEDIUM,113,85
CSE-D,ALT-03978,ASSET-071,MEDIUM,Malware,2026-03-10 01:35:43,2026-03-10 01:54:54,2026-03-10 02:15:54,2026-03-10 03:57:43,2026-03-10 15:14:49,False,True Positive,True,Alert correlated with threat intel; full timeline documented.,CRITICAL,167,160
CSE-C,ALT-03979,ASSET-002,CRITICAL,Data Exfiltration,2026-06-28 09:53:20,2026-06-28 10:08:48,2026-06-28 10:11:48,2026-06-28 10:36:59,2026-06-28 09:55:18,False,True Positive,True,Alert correlated with threat intel; full timeline documented.,HIGH,169,88
CSE-A,ALT-03980,ASSET-035,HIGH,Phishing,2026-05-13 12:01:28,2026-05-13 12:22:31,2026-05-13 12:33:31,2026-05-13 15:23:52,2026-05-13 17:10:47,False,Benign True Positive,True,Alert correlated with threat intel; full timeline documented.,CRITICAL,187,196
CSE-D,ALT-03981,ASSET-088,MEDIUM,Brute Force,2026-04-17 15:16:11,2026-04-17 15:25:13,,,2026-04-18 01:50:17,False,False Positive,False,N/A,MEDIUM,170,171
CSE-C,ALT-03982,ASSET-083,HIGH,Malware,2026-03-06 11:31:17,2026-03-06 11:41:58,,,2026-03-06 13:27:24,False,False Positive,False,Closed quickly — no notes.,MEDIUM,168,93
CSE-D,ALT-03983,ASSET-018,LOW,Brute Force,2026-03-05 17:06:44,2026-03-05 17:20:58,2026-03-05 17:42:58,2026-03-05 20:51:16,2026-03-05 18:45:49,False,True Positive,True,Analyst reviewed logs and confirmed activity with evidence archived.,CRITICAL,100,107
CSE-D,ALT-03984,ASSET-030,MEDIUM,Unauthorized Access,2026-05-30 11:40:30,2026-05-30 12:06:25,2026-05-30 12:17:25,2026-05-30 16:42:26,2026-05-30 21:20:37,False,Under Investigation,True,"Reviewed source IP, asset logs and correlated with previous alerts.",HIGH,103,107
CSE-A,ALT-03985,ASSET-070,CRITICAL,Malware,2026-02-25 10:31:07,2026-02-25 10:34:42,2026-02-25 10:53:42,2026-02-25 12:37:34,2026-02-25 13:15:31,False,True Positive,True,Analyst investigation performed; packet capture and EDR evidence attached.,CRITICAL,145,110
CSE-C,ALT-03986,ASSET-007,CRITICAL,Suspicious Login,2026-04-19 09:56:51,2026-04-19 10:03:46,,,2026-04-19 10:00:46,False,False Positive,False,Closed quickly — no notes.,HIGH,101,23
CSE-B,ALT-03987,ASSET-052,LOW,Suspicious Login,2026-01-14 12:24:08,2026-01-14 13:35:22,2026-01-14 13:58:22,2026-01-14 15:39:21,2026-01-14 22:18:43,False,Under Investigation,True,Analyst investigation performed; packet capture and EDR evidence attached.,CRITICAL,137,120
CSE-D,ALT-03988,ASSET-006,MEDIUM,Phishing,2026-05-05 13:22:32,2026-05-05 13:32:41,2026-05-05 13:33:41,2026-05-05 13:59:41,2026-05-06 03:15:59,True,Escalated to Tier-2,True,Analyst reviewed logs and confirmed activity with evidence archived.,MEDIUM,135,136
CSE-D,ALT-03989,ASSET-035,LOW,Unauthorized Access,2026-04-28 13:20:46,2026-04-28 13:29:46,2026-04-28 13:33:46,2026-04-28 15:39:45,2026-04-28 15:02:18,False,True Positive,True,Investigation completed; evidence recorded and escalated per playbook.,MEDIUM,106,90
CSE-D,ALT-03990,ASSET-094,HIGH,Privilege Escalation,2026-01-31 04:11:48,2026-01-31 04:21:47,2026-01-31 04:27:47,2026-01-31 09:20:27,2026-01-31 07:17:10,True,True Positive,True,Analyst investigation performed; packet capture and EDR evidence attached.,MEDIUM,152,158
CSE-A,ALT-03991,ASSET-039,HIGH,Network Anomaly,2026-05-29 21:41:37,2026-05-29 22:01:43,2026-05-29 22:23:43,2026-05-30 01:30:35,2026-05-30 01:20:18,False,False Positive,True,Alert correlated with threat intel; full timeline documented.,HIGH,92,81
CSE-D,ALT-03992,ASSET-081,HIGH,Suspicious Login,2026-04-10 12:23:54,2026-04-10 12:38:03,2026-04-10 12:59:03,2026-04-10 15:43:45,2026-04-10 23:27:08,False,Escalated to Tier-2,True,Analyst reviewed logs and confirmed activity with evidence archived.,CRITICAL,177,174
CSE-B,ALT-03993,ASSET-098,HIGH,Privilege Escalation,2026-03-20 09:28:21,2026-03-20 10:13:38,2026-03-20 10:26:38,2026-03-20 11:32:21,2026-03-20 12:12:13,False,True Positive,True,"Reviewed source IP, asset logs and correlated with previous alerts.",MEDIUM,170,143
CSE-D,ALT-03994,ASSET-068,MEDIUM,Unauthorized Access,2026-01-25 19:03:59,2026-01-25 19:15:18,2026-01-25 19:29:18,2026-01-25 20:03:58,2026-01-26 04:39:56,False,False Positive,True,Alert correlated with threat intel; full timeline documented.,HIGH,167,179
CSE-D,ALT-03995,ASSET-089,MEDIUM,Phishing,2026-02-25 17:53:51,2026-02-25 18:06:43,2026-02-25 18:11:43,2026-02-25 21:10:31,2026-02-26 03:50:46,False,Benign True Positive,True,Analyst investigation performed; packet capture and EDR evidence attached.,CRITICAL,101,90
CSE-E,ALT-03996,ASSET-010,CRITICAL,Data Exfiltration,2026-06-30 14:35:14,2026-06-30 15:58:01,,,2026-06-30 14:39:08,False,False Positive,False,Closed quickly — no notes.,CRITICAL,86,56
CSE-D,ALT-03997,ASSET-051,HIGH,Network Anomaly,2026-06-26 03:34:19,2026-06-26 03:47:47,2026-06-26 04:08:47,2026-06-26 07:32:06,2026-06-26 10:19:45,False,False Positive,True,"Reviewed source IP, asset logs and correlated with previous alerts.",CRITICAL,95,90
CSE-D,ALT-03998,ASSET-016,LOW,Brute Force,2026-01-31 10:57:52,2026-01-31 11:00:23,2026-01-31 11:11:23,2026-01-31 12:47:45,2026-01-31 22:55:16,False,Escalated to Tier-2,True,Investigation completed; evidence recorded and escalated per playbook.,HIGH,188,192
CSE-A,ALT-03999,ASSET-041,LOW,Privilege Escalation,2026-03-25 09:50:55,2026-03-25 10:13:43,2026-03-25 10:14:43,2026-03-25 12:08:43,2026-03-25 12:57:05,False,True Positive,True,Alert correlated with threat intel; full timeline documented.,HIGH,139,146
CSE-B,ALT-04000,ASSET-056,MEDIUM,Brute Force,2026-02-22 03:00:58,2026-02-22 04:20:17,2026-02-22 04:43:17,2026-02-22 06:44:21,2026-02-22 05:52:29,False,False Positive,True,Analyst reviewed logs and confirmed activity with evidence archived.,MEDIUM,72,49
